  0
SECTION
  2
HEADER
  9
$ACADVER
  1
AC1024
  9
$ACADMAINTVER
 70
6
  9
$DWGCODEPAGE
  3
ANSI_1252
  9
$LASTSAVEDBY
  1
ezdxf
  9
$INSBASE
 10
0.0
 20
0.0
 30
0.0
  9
$EXTMIN
 10
1e+20
 20
1e+20
 30
1e+20
  9
$EXTMAX
 10
-1e+20
 20
-1e+20
 30
-1e+20
  9
$LIMMIN
 10
0.0
 20
0.0
  9
$LIMMAX
 10
420.0
 20
297.0
  9
$ORTHOMODE
 70
0
  9
$REGENMODE
 70
1
  9
$FILLMODE
 70
1
  9
$QTEXTMODE
 70
0
  9
$MIRRTEXT
 70
1
  9
$LTSCALE
 40
1.0
  9
$ATTMODE
 70
1
  9
$TEXTSIZE
 40
2.5
  9
$TRACEWID
 40
1.0
  9
$TEXTSTYLE
  7
OpenSans
  9
$CLAYER
  8
0
  9
$CELTYPE
  6
ByLayer
  9
$CECOLOR
 62
256
  9
$CELTSCALE
 40
1.0
  9
$DISPSILH
 70
0
  9
$DIMSCALE
 40
1.0
  9
$DIMASZ
 40
0.175
  9
$DIMEXO
 40
0.125
  9
$DIMDLI
 40
3.75
  9
$DIMRND
 40
0.0
  9
$DIMDLE
 40
0.0
  9
$DIMEXE
 40
0.375
  9
$DIMTP
 40
0.0
  9
$DIMTM
 40
0.0
  9
$DIMTXT
 40
0.25
  9
$DIMCEN
 40
2.5
  9
$DIMTSZ
 40
0.0
  9
$DIMTOL
 70
0
  9
$DIMLIM
 70
0
  9
$DIMTIH
 70
0
  9
$DIMTOH
 70
0
  9
$DIMSE1
 70
0
  9
$DIMSE2
 70
0
  9
$DIMTAD
 70
1
  9
$DIMZIN
 70
12
  9
$DIMBLK
  1
ARCHTICK
  9
$DIMASO
 70
1
  9
$DIMSHO
 70
1
  9
$DIMPOST
  1

  9
$DIMAPOST
  1

  9
$DIMALT
 70
0
  9
$DIMALTD
 70
3
  9
$DIMALTF
 40
0.03937007874
  9
$DIMLFAC
 40
100.0
  9
$DIMTOFL
 70
1
  9
$DIMTVP
 40
0.0
  9
$DIMTIX
 70
0
  9
$DIMSOXD
 70
0
  9
$DIMSAH
 70
0
  9
$DIMBLK1
  1

  9
$DIMBLK2
  1

  9
$DIMSTYLE
  2
EZDXF
  9
$DIMCLRD
 70
0
  9
$DIMCLRE
 70
0
  9
$DIMCLRT
 70
0
  9
$DIMTFAC
 40
0.5
  9
$DIMGAP
 40
0.1
  9
$DIMJUST
 70
0
  9
$DIMSD1
 70
0
  9
$DIMSD2
 70
0
  9
$DIMTOLJ
 70
0
  9
$DIMTZIN
 70
8
  9
$DIMALTZ
 70
0
  9
$DIMALTTZ
 70
0
  9
$DIMUPT
 70
1
  9
$DIMDEC
 70
2
  9
$DIMTDEC
 70
2
  9
$DIMALTU
 70
2
  9
$DIMALTTD
 70
3
  9
$DIMTXSTY
  7
OpenSansCondensed-Light
  9
$DIMAUNIT
 70
0
  9
$DIMADEC
 70
2
  9
$DIMALTRND
 40
0.0
  9
$DIMAZIN
 70
3
  9
$DIMDSEP
 70
46
  9
$DIMATFIT
 70
3
  9
$DIMFRAC
 70
0
  9
$DIMLDRBLK
  1

  9
$DIMLUNIT
 70
2
  9
$DIMLWD
 70
-2
  9
$DIMLWE
 70
-2
  9
$DIMTMOVE
 70
2
  9
$DIMFXL
 40
1.0
  9
$DIMFXLON
 70
0
  9
$DIMJOGANG
 40
0.785398163397
  9
$DIMTFILL
 70
0
  9
$DIMTFILLCLR
 70
0
  9
$DIMARCSYM
 70
0
  9
$DIMLTYPE
  6

  9
$DIMLTEX1
  6

  9
$DIMLTEX2
  6

  9
$DIMTXTDIRECTION
 70
0
  9
$LUNITS
 70
2
  9
$LUPREC
 70
4
  9
$SKETCHINC
 40
1.0
  9
$FILLETRAD
 40
10.0
  9
$AUNITS
 70
0
  9
$AUPREC
 70
2
  9
$MENU
  1
.
  9
$ELEVATION
 40
0.0
  9
$PELEVATION
 40
0.0
  9
$THICKNESS
 40
0.0
  9
$LIMCHECK
 70
0
  9
$CHAMFERA
 40
0.0
  9
$CHAMFERB
 40
0.0
  9
$CHAMFERC
 40
0.0
  9
$CHAMFERD
 40
0.0
  9
$SKPOLY
 70
0
  9
$TDCREATE
 40
2461288.7314930554
  9
$TDUCREATE
 40
2458532.153996898
  9
$TDUPDATE
 40
2461288.7314930554
  9
$TDUUPDATE
 40
2458532.1544311
  9
$TDINDWG
 40
0.0
  9
$TDUSRTIMER
 40
0.0
  9
$USRTIMER
 70
1
  9
$ANGBASE
 50
0.0
  9
$ANGDIR
 70
0
  9
$PDMODE
 70
0
  9
$PDSIZE
 40
0.0
  9
$PLINEWID
 40
0.0
  9
$SPLFRAME
 70
0
  9
$SPLINETYPE
 70
6
  9
$SPLINESEGS
 70
8
  9
$HANDSEED
  5
186
  9
$SURFTAB1
 70
6
  9
$SURFTAB2
 70
6
  9
$SURFTYPE
 70
6
  9
$SURFU
 70
6
  9
$SURFV
 70
6
  9
$UCSBASE
  2

  9
$UCSNAME
  2

  9
$UCSORG
 10
0.0
 20
0.0
 30
0.0
  9
$UCSXDIR
 10
1.0
 20
0.0
 30
0.0
  9
$UCSYDIR
 10
0.0
 20
1.0
 30
0.0
  9
$UCSORTHOREF
  2

  9
$UCSORTHOVIEW
 70
0
  9
$UCSORGTOP
 10
0.0
 20
0.0
 30
0.0
  9
$UCSORGBOTTOM
 10
0.0
 20
0.0
 30
0.0
  9
$UCSORGLEFT
 10
0.0
 20
0.0
 30
0.0
  9
$UCSORGRIGHT
 10
0.0
 20
0.0
 30
0.0
  9
$UCSORGFRONT
 10
0.0
 20
0.0
 30
0.0
  9
$UCSORGBACK
 10
0.0
 20
0.0
 30
0.0
  9
$PUCSBASE
  2

  9
$PUCSNAME
  2

  9
$PUCSORG
 10
0.0
 20
0.0
 30
0.0
  9
$PUCSXDIR
 10
1.0
 20
0.0
 30
0.0
  9
$PUCSYDIR
 10
0.0
 20
1.0
 30
0.0
  9
$PUCSORTHOREF
  2

  9
$PUCSORTHOVIEW
 70
0
  9
$PUCSORGTOP
 10
0.0
 20
0.0
 30
0.0
  9
$PUCSORGBOTTOM
 10
0.0
 20
0.0
 30
0.0
  9
$PUCSORGLEFT
 10
0.0
 20
0.0
 30
0.0
  9
$PUCSORGRIGHT
 10
0.0
 20
0.0
 30
0.0
  9
$PUCSORGFRONT
 10
0.0
 20
0.0
 30
0.0
  9
$PUCSORGBACK
 10
0.0
 20
0.0
 30
0.0
  9
$USERI1
 70
0
  9
$USERI2
 70
0
  9
$USERI3
 70
0
  9
$USERI4
 70
0
  9
$USERI5
 70
0
  9
$USERR1
 40
0.0
  9
$USERR2
 40
0.0
  9
$USERR3
 40
0.0
  9
$USERR4
 40
0.0
  9
$USERR5
 40
0.0
  9
$WORLDVIEW
 70
1
  9
$SHADEDGE
 70
3
  9
$SHADEDIF
 70
70
  9
$TILEMODE
 70
1
  9
$MAXACTVP
 70
64
  9
$PINSBASE
 10
0.0
 20
0.0
 30
0.0
  9
$PLIMCHECK
 70
0
  9
$PEXTMIN
 10
1e+20
 20
1e+20
 30
1e+20
  9
$PEXTMAX
 10
-1e+20
 20
-1e+20
 30
-1e+20
  9
$PLIMMIN
 10
0.0
 20
0.0
  9
$PLIMMAX
 10
420.0
 20
297.0
  9
$UNITMODE
 70
0
  9
$VISRETAIN
 70
1
  9
$PLINEGEN
 70
0
  9
$PSLTSCALE
 70
1
  9
$TREEDEPTH
 70
3020
  9
$CMLSTYLE
  2
Standard
  9
$CMLJUST
 70
0
  9
$CMLSCALE
 40
20.0
  9
$PROXYGRAPHICS
 70
1
  9
$MEASUREMENT
 70
1
  9
$CELWEIGHT
370
-1
  9
$ENDCAPS
280
0
  9
$JOINSTYLE
280
0
  9
$LWDISPLAY
290
0
  9
$INSUNITS
 70
4
  9
$HYPERLINKBASE
  1

  9
$STYLESHEET
  1

  9
$XEDIT
290
1
  9
$CEPSNTYPE
380
0
  9
$PSTYLEMODE
290
1
  9
$FINGERPRINTGUID
  2
{49EE1CA3-7B0A-473C-B085-640F2DD6DF6E}
  9
$VERSIONGUID
  2
{E79700CC-5C9E-484B-8199-FC7E90410F3B}
  9
$EXTNAMES
290
1
  9
$PSVPSCALE
 40
0.0
  9
$OLESTARTUP
290
0
  9
$SORTENTS
280
127
  9
$INDEXCTL
280
0
  9
$HIDETEXT
280
1
  9
$XCLIPFRAME
280
1
  9
$HALOGAP
280
0
  9
$OBSCOLOR
 70
257
  9
$OBSLTYPE
280
0
  9
$INTERSECTIONDISPLAY
280
0
  9
$INTERSECTIONCOLOR
 70
257
  9
$DIMASSOC
280
2
  9
$PROJECTNAME
  1

  9
$CAMERADISPLAY
290
0
  9
$LENSLENGTH
 40
50.0
  9
$CAMERAHEIGHT
 40
0.0
  9
$STEPSPERSEC
 40
24.0
  9
$STEPSIZE
 40
100.0
  9
$3DDWFPREC
 40
2.0
  9
$PSOLWIDTH
 40
0.005
  9
$PSOLHEIGHT
 40
0.08
  9
$LOFTANG1
 40
1.570796326795
  9
$LOFTANG2
 40
1.570796326795
  9
$LOFTMAG1
 40
0.0
  9
$LOFTMAG2
 40
0.0
  9
$LOFTPARAM
 70
7
  9
$LOFTNORMALS
280
1
  9
$LATITUDE
 40
37.795
  9
$LONGITUDE
 40
-122.394
  9
$NORTHDIRECTION
 40
0.0
  9
$TIMEZONE
 70
-8000
  9
$LIGHTGLYPHDISPLAY
280
1
  9
$TILEMODELIGHTSYNCH
280
1
  9
$CMATERIAL
347
20
  9
$SOLIDHIST
280
0
  9
$SHOWHIST
280
1
  9
$DWFFRAME
280
2
  9
$DGNFRAME
280
2
  9
$REALWORLDSCALE
290
1
  9
$INTERFERECOLOR
 62
256
  9
$CSHADOW
280
0
  9
$SHADOWPLANELOCATION
 40
0.0
  0
ENDSEC
  0
SECTION
  2
CLASSES
  0
CLASS
  1
ACDBDICTIONARYWDFLT
  2
AcDbDictionaryWithDefault
  3
ObjectDBX Classes
 90
0
 91
0
280
0
281
0
  0
CLASS
  1
SUN
  2
AcDbSun
  3
SCENEOE
 90
1153
 91
0
280
0
281
0
  0
CLASS
  1
VISUALSTYLE
  2
AcDbVisualStyle
  3
ObjectDBX Classes
 90
4095
 91
0
280
0
281
0
  0
CLASS
  1
MATERIAL
  2
AcDbMaterial
  3
ObjectDBX Classes
 90
1153
 91
0
280
0
281
0
  0
CLASS
  1
SCALE
  2
AcDbScale
  3
ObjectDBX Classes
 90
1153
 91
0
280
0
281
0
  0
CLASS
  1
TABLESTYLE
  2
AcDbTableStyle
  3
ObjectDBX Classes
 90
4095
 91
0
280
0
281
0
  0
CLASS
  1
MLEADERSTYLE
  2
AcDbMLeaderStyle
  3
ACDB_MLEADERSTYLE_CLASS
 90
4095
 91
0
280
0
281
0
  0
CLASS
  1
DICTIONARYVAR
  2
AcDbDictionaryVar
  3
ObjectDBX Classes
 90
0
 91
0
280
0
281
0
  0
CLASS
  1
CELLSTYLEMAP
  2
AcDbCellStyleMap
  3
ObjectDBX Classes
 90
1152
 91
0
280
0
281
0
  0
CLASS
  1
MENTALRAYRENDERSETTINGS
  2
AcDbMentalRayRenderSettings
  3
SCENEOE
 90
1024
 91
0
280
0
281
0
  0
CLASS
  1
ACDBDETAILVIEWSTYLE
  2
AcDbDetailViewStyle
  3
ObjectDBX Classes
 90
1025
 91
0
280
0
281
0
  0
CLASS
  1
ACDBSECTIONVIEWSTYLE
  2
AcDbSectionViewStyle
  3
ObjectDBX Classes
 90
1025
 91
0
280
0
281
0
  0
CLASS
  1
RASTERVARIABLES
  2
AcDbRasterVariables
  3
ISM
 90
0
 91
0
280
0
281
0
  0
CLASS
  1
ACDBPLACEHOLDER
  2
AcDbPlaceHolder
  3
ObjectDBX Classes
 90
0
 91
0
280
0
281
0
  0
CLASS
  1
LAYOUT
  2
AcDbLayout
  3
ObjectDBX Classes
 90
0
 91
0
280
0
281
0
  0
ENDSEC
  0
SECTION
  2
TABLES
  0
TABLE
  2
VPORT
  5
8
330
0
100
AcDbSymbolTable
 70
1
  0
VPORT
  5
185
330
8
100
AcDbSymbolTableRecord
100
AcDbViewportTableRecord
  2
*Active
 70
0
 10
0.0
 20
0.0
 11
1.0
 21
1.0
 12
162.0
 22
61.2
 13
0.0
 23
0.0
 14
0.5
 24
0.5
 15
0.5
 25
0.5
 16
0.0
 26
0.0
 36
1.0
 17
0.0
 27
0.0
 37
0.0
 40
162.0
 41
1.34
 42
50.0
 43
0.0
 44
0.0
 50
0.0
 51
0.0
 71
0
 72
1000
 73
1
 74
3
 75
0
 76
0
 77
0
 78
0
281
0
 65
1
110
0.0
120
0.0
130
0.0
111
1.0
121
0.0
131
0.0
112
0.0
122
1.0
132
0.0
 79
0
146
0.0
  0
ENDTAB
  0
TABLE
  2
LTYPE
  5
2
330
0
100
AcDbSymbolTable
 70
21
  0
LTYPE
  5
24
330
2
100
AcDbSymbolTableRecord
100
AcDbLinetypeTableRecord
  2
ByBlock
 70
0
  3

 72
65
 73
0
 40
0.0
  0
LTYPE
  5
25
330
2
100
AcDbSymbolTableRecord
100
AcDbLinetypeTableRecord
  2
ByLayer
 70
0
  3

 72
65
 73
0
 40
0.0
  0
LTYPE
  5
26
330
2
100
AcDbSymbolTableRecord
100
AcDbLinetypeTableRecord
  2
Continuous
 70
0
  3

 72
65
 73
0
 40
0.0
  0
LTYPE
  5
2F
330
2
100
AcDbSymbolTableRecord
100
AcDbLinetypeTableRecord
  2
CENTER
 70
0
  3
Center ____ _ ____ _ ____ _ ____ _ ____ _ ____
 72
65
 73
4
 40
5.08
 49
3.175
 74
0
 49
-0.635
 74
0
 49
0.635
 74
0
 49
-0.635
 74
0
  0
LTYPE
  5
30
330
2
100
AcDbSymbolTableRecord
100
AcDbLinetypeTableRecord
  2
CENTERX2
 70
0
  3
Center (2x) ________  __  ________  __  ________
 72
65
 73
4
 40
8.89
 49
6.35
 74
0
 49
-0.635
 74
0
 49
1.27
 74
0
 49
-0.635
 74
0
  0
LTYPE
  5
31
330
2
100
AcDbSymbolTableRecord
100
AcDbLinetypeTableRecord
  2
CENTER2
 70
0
  3
Center (.5x) ____ _ ____ _ ____ _ ____ _ ____
 72
65
 73
4
 40
2.54
 49
1.587
 74
0
 49
-0.318
 74
0
 49
0.318
 74
0
 49
-0.318
 74
0
  0
LTYPE
  5
32
330
2
100
AcDbSymbolTableRecord
100
AcDbLinetypeTableRecord
  2
DASHED
 70
0
  3
Dashed __ __ __ __ __ __ __ __ __ __ __ __ __ _
 72
65
 73
2
 40
1.524
 49
1.27
 74
0
 49
-0.254
 74
0
  0
LTYPE
  5
33
330
2
100
AcDbSymbolTableRecord
100
AcDbLinetypeTableRecord
  2
DASHEDX2
 70
0
  3
Dashed (2x) ____  ____  ____  ____  ____  ____
 72
65
 73
2
 40
3.048
 49
2.54
 74
0
 49
-0.508
 74
0
  0
LTYPE
  5
34
330
2
100
AcDbSymbolTableRecord
100
AcDbLinetypeTableRecord
  2
DASHED2
 70
0
  3
Dashed (.5x) _ _ _ _ _ _ _ _ _ _ _ _ _ _
 72
65
 73
2
 40
0.762
 49
0.635
 74
0
 49
-0.127
 74
0
  0
LTYPE
  5
35
330
2
100
AcDbSymbolTableRecord
100
AcDbLinetypeTableRecord
  2
PHANTOM
 70
0
  3
Phantom ______  __  __  ______  __  __  ______
 72
65
 73
6
 40
6.35
 49
3.175
 74
0
 49
-0.635
 74
0
 49
0.635
 74
0
 49
-0.635
 74
0
 49
0.635
 74
0
 49
-0.635
 74
0
  0
LTYPE
  5
36
330
2
100
AcDbSymbolTableRecord
100
AcDbLinetypeTableRecord
  2
PHANTOMX2
 70
0
  3
Phantom (2x)____________    ____    ____    ____________
 72
65
 73
6
 40
10.795
 49
6.35
 74
0
 49
-0.635
 74
0
 49
1.27
 74
0
 49
-0.635
 74
0
 49
1.27
 74
0
 49
-0.635
 74
0
  0
LTYPE
  5
37
330
2
100
AcDbSymbolTableRecord
100
AcDbLinetypeTableRecord
  2
PHANTOM2
 70
0
  3
Phantom (.5x) ___ _ _ ___ _ _ ___ _ _ ___ _ _ ___
 72
65
 73
6
 40
3.175
 49
1.587
 74
0
 49
-0.318
 74
0
 49
0.318
 74
0
 49
-0.318
 74
0
 49
0.318
 74
0
 49
-0.318
 74
0
  0
LTYPE
  5
38
330
2
100
AcDbSymbolTableRecord
100
AcDbLinetypeTableRecord
  2
DASHDOT
 70
0
  3
Dash dot __ . __ . __ . __ . __ . __ . __ . __
 72
65
 73
4
 40
3.556
 49
2.54
 74
0
 49
-0.508
 74
0
 49
0.0
 74
0
 49
-0.508
 74
0
  0
LTYPE
  5
39
330
2
100
AcDbSymbolTableRecord
100
AcDbLinetypeTableRecord
  2
DASHDOTX2
 70
0
  3
Dash dot (2x) ____  .  ____  .  ____  .  ____
 72
65
 73
4
 40
6.096
 49
5.08
 74
0
 49
-0.508
 74
0
 49
0.0
 74
0
 49
-0.508
 74
0
  0
LTYPE
  5
3A
330
2
100
AcDbSymbolTableRecord
100
AcDbLinetypeTableRecord
  2
DASHDOT2
 70
0
  3
Dash dot (.5x) _ . _ . _ . _ . _ . _ . _ . _
 72
65
 73
4
 40
1.778
 49
1.27
 74
0
 49
-0.254
 74
0
 49
0.0
 74
0
 49
-0.254
 74
0
  0
LTYPE
  5
3B
330
2
100
AcDbSymbolTableRecord
100
AcDbLinetypeTableRecord
  2
DOT
 70
0
  3
Dot .  .  .  .  .  .  .  .  .  .  .  .  .  .  .  .
 72
65
 73
2
 40
0.508
 49
0.0
 74
0
 49
-0.508
 74
0
  0
LTYPE
  5
3C
330
2
100
AcDbSymbolTableRecord
100
AcDbLinetypeTableRecord
  2
DOTX2
 70
0
  3
Dot (2x) .    .    .    .    .    .    .    . 
 72
65
 73
2
 40
1.016
 49
0.0
 74
0
 49
-1.016
 74
0
  0
LTYPE
  5
3D
330
2
100
AcDbSymbolTableRecord
100
AcDbLinetypeTableRecord
  2
DOT2
 70
0
  3
Dot (.5) . . . . . . . . . . . . . . . . . . . 
 72
65
 73
2
 40
0.254
 49
0.0
 74
0
 49
-0.254
 74
0
  0
LTYPE
  5
3E
330
2
100
AcDbSymbolTableRecord
100
AcDbLinetypeTableRecord
  2
DIVIDE
 70
0
  3
Divide __ . . __ . . __ . . __ . . __ . . __
 72
65
 73
6
 40
4.064
 49
2.54
 74
0
 49
-0.508
 74
0
 49
0.0
 74
0
 49
-0.508
 74
0
 49
0.0
 74
0
 49
-0.508
 74
0
  0
LTYPE
  5
3F
330
2
100
AcDbSymbolTableRecord
100
AcDbLinetypeTableRecord
  2
DIVIDEX2
 70
0
  3
Divide (2x) ____  . .  ____  . .  ____  . .  ____
 72
65
 73
6
 40
6.604
 49
5.08
 74
0
 49
-0.508
 74
0
 49
0.0
 74
0
 49
-0.508
 74
0
 49
0.0
 74
0
 49
-0.508
 74
0
  0
LTYPE
  5
40
330
2
100
AcDbSymbolTableRecord
100
AcDbLinetypeTableRecord
  2
DIVIDE2
 70
0
  3
Divide(.5x) _ . _ . _ . _ . _ . _ . _ . _
 72
65
 73
6
 40
2.032
 49
1.27
 74
0
 49
-0.254
 74
0
 49
0.0
 74
0
 49
-0.254
 74
0
 49
0.0
 74
0
 49
-0.254
 74
0
  0
ENDTAB
  0
TABLE
  2
LAYER
  5
1
330
0
100
AcDbSymbolTable
 70
12
  0
LAYER
  5
27
330
1
100
AcDbSymbolTableRecord
100
AcDbLayerTableRecord
  2
0
 70
0
 62
7
  6
Continuous
370
-3
390
13
347
21
  0
LAYER
  5
28
330
1
100
AcDbSymbolTableRecord
100
AcDbLayerTableRecord
  2
Defpoints
 70
0
 62
7
  6
Continuous
290
0
370
-3
390
13
347
21
  0
LAYER
  5
8A
330
1
100
AcDbSymbolTableRecord
100
AcDbLayerTableRecord
  2
CUT
 70
0
 62
7
  6
Continuous
370
-3
390
13
347
21
  0
LAYER
  5
8B
330
1
100
AcDbSymbolTableRecord
100
AcDbLayerTableRecord
  2
BEND
 70
0
 62
5
  6
DASHED
370
-3
390
13
347
21
  0
LAYER
  5
8C
330
1
100
AcDbSymbolTableRecord
100
AcDbLayerTableRecord
  2
BEND_UP
 70
0
 62
3
  6
DASHED
370
-3
390
13
347
21
  0
LAYER
  5
8D
330
1
100
AcDbSymbolTableRecord
100
AcDbLayerTableRecord
  2
BEND_DOWN
 70
0
 62
6
  6
DASHED
370
-3
390
13
347
21
  0
LAYER
  5
8E
330
1
100
AcDbSymbolTableRecord
100
AcDbLayerTableRecord
  2
BEND_UP_45
 70
0
 62
3
  6
DASHED
370
-3
390
13
347
21
  0
LAYER
  5
8F
330
1
100
AcDbSymbolTableRecord
100
AcDbLayerTableRecord
  2
BEND_DOWN_45
 70
0
 62
6
  6
DASHED
370
-3
390
13
347
21
  0
LAYER
  5
90
330
1
100
AcDbSymbolTableRecord
100
AcDbLayerTableRecord
  2
BEND_UP_90
 70
0
 62
3
  6
DASHED
370
-3
390
13
347
21
  0
LAYER
  5
91
330
1
100
AcDbSymbolTableRecord
100
AcDbLayerTableRecord
  2
BEND_DOWN_90
 70
0
 62
6
  6
DASHED
370
-3
390
13
347
21
  0
LAYER
  5
92
330
1
100
AcDbSymbolTableRecord
100
AcDbLayerTableRecord
  2
TAP
 70
0
 62
1
  6
Continuous
370
-3
390
13
347
21
  0
LAYER
  5
93
330
1
100
AcDbSymbolTableRecord
100
AcDbLayerTableRecord
  2
NOTES
 70
0
 62
4
  6
Continuous
370
-3
390
13
347
21
  0
ENDTAB
  0
TABLE
  2
STYLE
  5
5
330
0
100
AcDbSymbolTable
 70
26
  0
STYLE
  5
29
330
5
100
AcDbSymbolTableRecord
100
AcDbTextStyleTableRecord
  2
Standard
 70
0
 40
0.0
 41
1.0
 50
0.0
 71
0
 42
2.5
  3
txt
  4

  0
STYLE
  5
41
330
5
100
AcDbSymbolTableRecord
100
AcDbTextStyleTableRecord
  2
OpenSans-Light
 70
0
 40
0.0
 41
1.0
 50
0.0
 71
0
 42
2.5
  3
OpenSans-Light.ttf
  4

  0
STYLE
  5
42
330
5
100
AcDbSymbolTableRecord
100
AcDbTextStyleTableRecord
  2
OpenSans-Light-Italic
 70
0
 40
0.0
 41
1.0
 50
0.0
 71
0
 42
2.5
  3
OpenSans-LightItalic.ttf
  4

  0
STYLE
  5
43
330
5
100
AcDbSymbolTableRecord
100
AcDbTextStyleTableRecord
  2
OpenSans
 70
0
 40
0.0
 41
1.0
 50
0.0
 71
0
 42
2.5
  3
OpenSans-Regular.ttf
  4

  0
STYLE
  5
44
330
5
100
AcDbSymbolTableRecord
100
AcDbTextStyleTableRecord
  2
OpenSans-Italic
 70
0
 40
0.0
 41
1.0
 50
0.0
 71
0
 42
2.5
  3
OpenSans-Italic.ttf
  4

  0
STYLE
  5
45
330
5
100
AcDbSymbolTableRecord
100
AcDbTextStyleTableRecord
  2
OpenSans-SemiBold
 70
0
 40
0.0
 41
1.0
 50
0.0
 71
0
 42
2.5
  3
OpenSans-SemiBold.ttf
  4

  0
STYLE
  5
46
330
5
100
AcDbSymbolTableRecord
100
AcDbTextStyleTableRecord
  2
OpenSans-SemiBoldItalic
 70
0
 40
0.0
 41
1.0
 50
0.0
 71
0
 42
2.5
  3
OpenSans-SemiBoldItalic.ttf
  4

  0
STYLE
  5
47
330
5
100
AcDbSymbolTableRecord
100
AcDbTextStyleTableRecord
  2
OpenSans-Bold
 70
0
 40
0.0
 41
1.0
 50
0.0
 71
0
 42
2.5
  3
OpenSans-Bold.ttf
  4

  0
STYLE
  5
48
330
5
100
AcDbSymbolTableRecord
100
AcDbTextStyleTableRecord
  2
OpenSans-BoldItalic
 70
0
 40
0.0
 41
1.0
 50
0.0
 71
0
 42
2.5
  3
OpenSans-BoldItalic.ttf
  4

  0
STYLE
  5
49
330
5
100
AcDbSymbolTableRecord
100
AcDbTextStyleTableRecord
  2
OpenSans-ExtraBold
 70
0
 40
0.0
 41
1.0
 50
0.0
 71
0
 42
2.5
  3
OpenSans-ExtraBold.ttf
  4

  0
STYLE
  5
4A
330
5
100
AcDbSymbolTableRecord
100
AcDbTextStyleTableRecord
  2
OpenSans-ExtraBoldItalic
 70
0
 40
0.0
 41
1.0
 50
0.0
 71
0
 42
2.5
  3
OpenSans-ExtraBoldItalic.ttf
  4

  0
STYLE
  5
4B
330
5
100
AcDbSymbolTableRecord
100
AcDbTextStyleTableRecord
  2
OpenSansCondensed-Bold
 70
0
 40
0.0
 41
1.0
 50
0.0
 71
0
 42
2.5
  3
OpenSansCondensed-Bold.ttf
  4

  0
STYLE
  5
4C
330
5
100
AcDbSymbolTableRecord
100
AcDbTextStyleTableRecord
  2
OpenSansCondensed-Light
 70
0
 40
0.0
 41
1.0
 50
0.0
 71
0
 42
2.5
  3
OpenSansCondensed-Light.ttf
  4

  0
STYLE
  5
4D
330
5
100
AcDbSymbolTableRecord
100
AcDbTextStyleTableRecord
  2
OpenSansCondensed-Italic
 70
0
 40
0.0
 41
1.0
 50
0.0
 71
0
 42
2.5
  3
OpenSansCondensed-LightItalic.ttf
  4

  0
STYLE
  5
4E
330
5
100
AcDbSymbolTableRecord
100
AcDbTextStyleTableRecord
  2
LiberationSans
 70
0
 40
0.0
 41
1.0
 50
0.0
 71
0
 42
2.5
  3
LiberationSans-Regular.ttf
  4

  0
STYLE
  5
4F
330
5
100
AcDbSymbolTableRecord
100
AcDbTextStyleTableRecord
  2
LiberationSans-Bold
 70
0
 40
0.0
 41
1.0
 50
0.0
 71
0
 42
2.5
  3
LiberationSans-Bold.ttf
  4

  0
STYLE
  5
50
330
5
100
AcDbSymbolTableRecord
100
AcDbTextStyleTableRecord
  2
LiberationSans-BoldItalic
 70
0
 40
0.0
 41
1.0
 50
0.0
 71
0
 42
2.5
  3
LiberationSans-BoldItalic.ttf
  4

  0
STYLE
  5
51
330
5
100
AcDbSymbolTableRecord
100
AcDbTextStyleTableRecord
  2
LiberationSans-Italic
 70
0
 40
0.0
 41
1.0
 50
0.0
 71
0
 42
2.5
  3
LiberationSans-Italic.ttf
  4

  0
STYLE
  5
52
330
5
100
AcDbSymbolTableRecord
100
AcDbTextStyleTableRecord
  2
LiberationSerif
 70
0
 40
0.0
 41
1.0
 50
0.0
 71
0
 42
2.5
  3
LiberationSerif-Regular.ttf
  4

  0
STYLE
  5
53
330
5
100
AcDbSymbolTableRecord
100
AcDbTextStyleTableRecord
  2
LiberationSerif-Bold
 70
0
 40
0.0
 41
1.0
 50
0.0
 71
0
 42
2.5
  3
LiberationSerif-Bold.ttf
  4

  0
STYLE
  5
54
330
5
100
AcDbSymbolTableRecord
100
AcDbTextStyleTableRecord
  2
LiberationSerif-BoldItalic
 70
0
 40
0.0
 41
1.0
 50
0.0
 71
0
 42
2.5
  3
LiberationSerif-BoldItalic.ttf
  4

  0
STYLE
  5
55
330
5
100
AcDbSymbolTableRecord
100
AcDbTextStyleTableRecord
  2
LiberationSerif-Italic
 70
0
 40
0.0
 41
1.0
 50
0.0
 71
0
 42
2.5
  3
LiberationSerif-Italic.ttf
  4

  0
STYLE
  5
56
330
5
100
AcDbSymbolTableRecord
100
AcDbTextStyleTableRecord
  2
LiberationMono
 70
0
 40
0.0
 41
1.0
 50
0.0
 71
0
 42
2.5
  3
LiberationMono-Regular.ttf
  4

  0
STYLE
  5
57
330
5
100
AcDbSymbolTableRecord
100
AcDbTextStyleTableRecord
  2
LiberationMono-Bold
 70
0
 40
0.0
 41
1.0
 50
0.0
 71
0
 42
2.5
  3
LiberationMono-Bold.ttf
  4

  0
STYLE
  5
58
330
5
100
AcDbSymbolTableRecord
100
AcDbTextStyleTableRecord
  2
LiberationMono-BoldItalic
 70
0
 40
0.0
 41
1.0
 50
0.0
 71
0
 42
2.5
  3
LiberationMono-BoldItalic.ttf
  4

  0
STYLE
  5
59
330
5
100
AcDbSymbolTableRecord
100
AcDbTextStyleTableRecord
  2
LiberationMono-Italic
 70
0
 40
0.0
 41
1.0
 50
0.0
 71
0
 42
2.5
  3
LiberationMono-Italic.ttf
  4

  0
ENDTAB
  0
TABLE
  2
VIEW
  5
7
330
0
100
AcDbSymbolTable
 70
0
  0
ENDTAB
  0
TABLE
  2
UCS
  5
6
330
0
100
AcDbSymbolTable
 70
0
  0
ENDTAB
  0
TABLE
  2
APPID
  5
3
330
0
100
AcDbSymbolTable
 70
3
  0
APPID
  5
2A
330
3
100
AcDbSymbolTableRecord
100
AcDbRegAppTableRecord
  2
ACAD
 70
0
  0
APPID
  5
182
330
3
100
AcDbSymbolTableRecord
100
AcDbRegAppTableRecord
  2
HATCHBACKGROUNDCOLOR
 70
0
  0
APPID
  5
183
330
3
100
AcDbSymbolTableRecord
100
AcDbRegAppTableRecord
  2
EZDXF
 70
0
  0
ENDTAB
  0
TABLE
  2
DIMSTYLE
  5
4
330
0
100
AcDbSymbolTable
 70
12
100
AcDbDimStyleTable
  0
DIMSTYLE
105
2B
330
4
100
AcDbSymbolTableRecord
100
AcDbDimStyleTableRecord
  2
Standard
 70
0
 40
1.0
 41
2.5
 42
0.625
 43
3.75
 44
1.25
 45
0.0
 46
0.0
 47
0.0
 48
0.0
 49
2.5
140
2.5
141
2.5
142
0.0
143
0.03937007874
144
1.0
145
0.0
146
1.0
147
0.625
148
0.0
 69
0
 70
0
 71
0
 72
0
 73
0
 74
0
 75
0
 76
0
 77
1
 78
8
 79
3
170
0
171
3
172
1
173
0
174
0
175
0
176
0
177
0
178
0
179
2
271
2
272
2
273
2
274
3
275
0
276
0
277
2
278
44
279
0
280
0
281
0
282
0
283
0
284
8
285
0
286
0
288
0
289
3
290
0
371
-2
372
-2
  0
DIMSTYLE
105
73
330
4
100
AcDbSymbolTableRecord
100
AcDbDimStyleTableRecord
  2
EZDXF
 70
0
 40
1.0
 41
0.175
 42
0.125
 43
3.75
 44
0.375
 45
0.0
 46
0.0
 47
0.0
 48
0.0
 49
2.5
140
0.25
141
2.5
142
0.0
143
0.03937007874
144
100.0
145
0.0
146
0.5
147
0.1
148
0.0
 69
0
 70
0
 71
0
 72
0
 73
0
 74
0
 75
0
 76
0
 77
1
 78
12
 79
3
170
0
171
3
172
1
173
0
174
0
175
0
176
0
177
0
178
0
179
2
271
2
272
2
273
2
274
3
275
0
276
0
277
2
278
46
279
2
280
0
281
0
282
0
283
0
284
8
285
0
286
0
288
1
289
3
290
0
340
4C
342
74
371
-2
372
-2
  0
DIMSTYLE
105
7C
330
4
100
AcDbSymbolTableRecord
100
AcDbDimStyleTableRecord
  2
EZ_M_100_H25_CM
 70
0
 40
1.0
 41
0.25
 42
0.125
 43
3.75
 44
0.375
 45
0.0
 46
0.0
 47
0.0
 48
0.0
 49
2.5
140
0.25
141
2.5
142
0.125
143
0.03937007874
144
100.0
145
0.0
146
0.5
147
0.1
148
0.0
 69
0
 70
0
 71
0
 72
0
 73
0
 74
0
 75
0
 76
0
 77
1
 78
12
 79
3
170
0
171
3
172
1
173
0
174
0
175
0
176
0
177
0
178
0
179
2
271
2
272
2
273
2
274
3
275
0
276
0
277
2
278
46
279
2
280
0
281
0
282
0
283
0
284
8
285
0
286
0
288
1
289
3
290
0
340
4C
371
-2
372
-2
  0
DIMSTYLE
105
7D
330
4
100
AcDbSymbolTableRecord
100
AcDbDimStyleTableRecord
  2
EZ_M_50_H25_CM
 70
0
 40
1.0
 41
0.125
 42
0.0625
 43
3.75
 44
0.1875
 45
0.0
 46
0.0
 47
0.0
 48
0.0
 49
2.5
140
0.125
141
2.5
142
0.0625
143
0.03937007874
144
100.0
145
0.0
146
0.5
147
0.05
148
0.0
 69
0
 70
0
 71
0
 72
0
 73
0
 74
0
 75
0
 76
0
 77
1
 78
12
 79
3
170
0
171
3
172
1
173
0
174
0
175
0
176
0
177
0
178
0
179
2
271
2
272
2
273
2
274
3
275
0
276
0
277
2
278
46
279
2
280
0
281
0
282
0
283
0
284
8
285
0
286
0
288
1
289
3
290
0
340
4C
371
-2
372
-2
  0
DIMSTYLE
105
7E
330
4
100
AcDbSymbolTableRecord
100
AcDbDimStyleTableRecord
  2
EZ_M_25_H25_CM
 70
0
 40
1.0
 41
0.0625
 42
0.03125
 43
3.75
 44
0.09375
 45
0.0
 46
0.0
 47
0.0
 48
0.0
 49
2.5
140
0.0625
141
2.5
142
0.03125
143
0.03937007874
144
100.0
145
0.0
146
0.5
147
0.025
148
0.0
 69
0
 70
0
 71
0
 72
0
 73
0
 74
0
 75
0
 76
0
 77
1
 78
12
 79
3
170
0
171
3
172
1
173
0
174
0
175
0
176
0
177
0
178
0
179
2
271
2
272
2
273
2
274
3
275
0
276
0
277
2
278
46
279
2
280
0
281
0
282
0
283
0
284
8
285
0
286
0
288
1
289
3
290
0
340
4C
371
-2
372
-2
  0
DIMSTYLE
105
7F
330
4
100
AcDbSymbolTableRecord
100
AcDbDimStyleTableRecord
  2
EZ_M_20_H25_CM
 70
0
 40
1.0
 41
0.05
 42
0.025
 43
3.75
 44
0.07500000000000001
 45
0.0
 46
0.0
 47
0.0
 48
0.0
 49
2.5
140
0.05
141
2.5
142
0.025
143
0.03937007874
144
100.0
145
0.0
146
0.5
147
0.020000000000000004
148
0.0
 69
0
 70
0
 71
0
 72
0
 73
0
 74
0
 75
0
 76
0
 77
1
 78
12
 79
3
170
0
171
3
172
1
173
0
174
0
175
0
176
0
177
0
178
0
179
2
271
2
272
2
273
2
274
3
275
0
276
0
277
2
278
46
279
2
280
0
281
0
282
0
283
0
284
8
285
0
286
0
288
1
289
3
290
0
340
4C
371
-2
372
-2
  0
DIMSTYLE
105
80
330
4
100
AcDbSymbolTableRecord
100
AcDbDimStyleTableRecord
  2
EZ_M_10_H25_CM
 70
0
 40
1.0
 41
0.025
 42
0.0125
 43
3.75
 44
0.037500000000000006
 45
0.0
 46
0.0
 47
0.0
 48
0.0
 49
2.5
140
0.025
141
2.5
142
0.0125
143
0.03937007874
144
100.0
145
0.0
146
0.5
147
0.010000000000000002
148
0.0
 69
0
 70
0
 71
0
 72
0
 73
0
 74
0
 75
0
 76
0
 77
1
 78
12
 79
3
170
0
171
3
172
1
173
0
174
0
175
0
176
0
177
0
178
0
179
2
271
2
272
2
273
2
274
3
275
0
276
0
277
2
278
46
279
2
280
0
281
0
282
0
283
0
284
8
285
0
286
0
288
1
289
3
290
0
340
4C
371
-2
372
-2
  0
DIMSTYLE
105
81
330
4
100
AcDbSymbolTableRecord
100
AcDbDimStyleTableRecord
  2
EZ_M_5_H25_CM
 70
0
 40
1.0
 41
0.0125
 42
0.00625
 43
3.75
 44
0.018750000000000003
 45
0.0
 46
0.0
 47
0.0
 48
0.0
 49
2.5
140
0.0125
141
2.5
142
0.00625
143
0.03937007874
144
100.0
145
0.0
146
0.5
147
0.005000000000000001
148
0.0
 69
0
 70
0
 71
0
 72
0
 73
0
 74
0
 75
0
 76
0
 77
1
 78
12
 79
3
170
0
171
3
172
1
173
0
174
0
175
0
176
0
177
0
178
0
179
2
271
2
272
2
273
2
274
3
275
0
276
0
277
2
278
46
279
2
280
0
281
0
282
0
283
0
284
8
285
0
286
0
288
1
289
3
290
0
340
4C
371
-2
372
-2
  0
DIMSTYLE
105
82
330
4
100
AcDbSymbolTableRecord
100
AcDbDimStyleTableRecord
  2
EZ_M_1_H25_CM
 70
0
 40
1.0
 41
0.0025
 42
0.00125
 43
3.75
 44
0.00375
 45
0.0
 46
0.0
 47
0.0
 48
0.0
 49
2.5
140
0.0025
141
2.5
142
0.00125
143
0.03937007874
144
100.0
145
0.0
146
0.5
147
0.001
148
0.0
 69
0
 70
0
 71
0
 72
0
 73
0
 74
0
 75
0
 76
0
 77
1
 78
12
 79
3
170
0
171
3
172
1
173
0
174
0
175
0
176
0
177
0
178
0
179
2
271
2
272
2
273
2
274
3
275
0
276
0
277
2
278
46
279
2
280
0
281
0
282
0
283
0
284
8
285
0
286
0
288
1
289
3
290
0
340
4C
371
-2
372
-2
  0
DIMSTYLE
105
83
330
4
100
AcDbSymbolTableRecord
100
AcDbDimStyleTableRecord
  2
EZ_RADIUS
 70
0
 40
1.0
 41
0.25
 42
0.125
 43
3.75
 44
0.375
 45
0.0
 46
0.0
 47
0.0
 48
0.0
 49
2.5
140
0.25
141
0.0
142
0.0
143
0.03937007874
144
100.0
145
0.0
146
0.5
147
0.1
148
0.0
 69
0
 70
0
 71
0
 72
0
 73
0
 74
0
 75
0
 76
0
 77
1
 78
12
 79
3
170
0
171
3
172
0
173
0
174
0
175
0
176
0
177
0
178
0
179
2
271
2
272
2
273
2
274
3
275
0
276
0
277
2
278
46
279
1
280
0
281
0
282
0
283
0
284
8
285
0
286
0
288
1
289
3
290
0
340
4C
342
84
371
-2
372
-2
  0
DIMSTYLE
105
88
330
4
100
AcDbSymbolTableRecord
100
AcDbDimStyleTableRecord
  2
EZ_RADIUS_INSIDE
 70
0
 40
1.0
 41
0.25
 42
0.125
 43
3.75
 44
0.375
 45
0.0
 46
0.0
 47
0.0
 48
0.0
 49
2.5
140
0.25
141
0.0
142
0.0
143
0.03937007874
144
100.0
145
0.0
146
0.5
147
0.1
148
0.0
 69
0
 70
0
 71
0
 72
0
 73
0
 74
0
 75
0
 76
0
 77
0
 78
12
 79
3
170
0
171
3
172
0
173
0
174
1
175
0
176
0
177
0
178
0
179
2
271
2
272
2
273
2
274
3
275
0
276
0
277
2
278
46
279
0
280
0
281
0
282
0
283
0
284
8
285
0
286
0
288
1
289
0
290
0
340
4C
342
84
371
-2
372
-2
  0
DIMSTYLE
105
89
330
4
100
AcDbSymbolTableRecord
100
AcDbDimStyleTableRecord
  2
EZ_CURVED
 70
0
 40
1.0
 41
0.25
 42
0.125
 43
3.75
 44
0.375
 45
0.0
 46
0.0
 47
0.0
 48
0.0
 49
2.5
140
0.25
141
2.5
142
0.0
143
0.03937007874
144
100.0
145
0.0
146
0.5
147
0.1
148
0.0
 69
0
 70
0
 71
0
 72
0
 73
0
 74
0
 75
0
 76
0
 77
1
 78
12
 79
2
 90
2
170
0
171
3
172
1
173
0
174
0
175
0
176
0
177
0
178
0
179
2
271
2
272
2
273
2
274
3
275
0
276
0
277
2
278
46
279
2
280
0
281
0
282
0
283
0
284
8
285
0
286
0
288
1
289
3
290
0
340
4C
371
-2
372
-2
  0
ENDTAB
  0
TABLE
  2
BLOCK_RECORD
  5
9
330
0
100
AcDbSymbolTable
 70
5
  0
BLOCK_RECORD
  5
17
330
9
100
AcDbSymbolTableRecord
100
AcDbBlockTableRecord
  2
*Model_Space
340
1A
 70
0
280
1
281
0
  0
BLOCK_RECORD
  5
1B
330
9
100
AcDbSymbolTableRecord
100
AcDbBlockTableRecord
  2
*Paper_Space
340
1E
 70
0
280
1
281
0
  0
BLOCK_RECORD
  5
74
330
9
100
AcDbSymbolTableRecord
100
AcDbBlockTableRecord
  2
_ARCHTICK
340
0
 70
0
280
1
281
0
  0
BLOCK_RECORD
  5
78
330
9
100
AcDbSymbolTableRecord
100
AcDbBlockTableRecord
  2
_CLOSEDFILLED
340
0
 70
0
280
1
281
0
  0
BLOCK_RECORD
  5
84
330
9
100
AcDbSymbolTableRecord
100
AcDbBlockTableRecord
  2
_CLOSEDBLANK
340
0
 70
0
280
1
281
0
  0
ENDTAB
  0
ENDSEC
  0
SECTION
  2
BLOCKS
  0
BLOCK
  5
18
330
17
100
AcDbEntity
  8
0
100
AcDbBlockBegin
  2
*Model_Space
 70
0
 10
0.0
 20
0.0
 30
0.0
  3
*Model_Space
  1

  0
ENDBLK
  5
19
330
17
100
AcDbEntity
  8
0
100
AcDbBlockEnd
  0
BLOCK
  5
1C
330
1B
100
AcDbEntity
  8
0
100
AcDbBlockBegin
  2
*Paper_Space
 70
0
 10
0.0
 20
0.0
 30
0.0
  3
*Paper_Space
  1

  0
ENDBLK
  5
1D
330
1B
100
AcDbEntity
  8
0
100
AcDbBlockEnd
  0
BLOCK
  5
75
330
74
100
AcDbEntity
  8
0
100
AcDbBlockBegin
  2
_ARCHTICK
 70
0
 10
0.0
 20
0.0
 30
0.0
  3
_ARCHTICK
  1

  0
LWPOLYLINE
  5
77
330
74
100
AcDbEntity
  8
0
  6
BYBLOCK
 62
0
100
AcDbPolyline
 90
2
 70
0
 43
0.15
 10
-0.5
 20
-0.5
 10
0.5
 20
0.5
  0
ENDBLK
  5
76
330
74
100
AcDbEntity
  8
0
100
AcDbBlockEnd
  0
BLOCK
  5
79
330
78
100
AcDbEntity
  8
0
100
AcDbBlockBegin
  2
_CLOSEDFILLED
 70
0
 10
0.0
 20
0.0
 30
0.0
  3
_CLOSEDFILLED
  1

  0
SOLID
  5
7B
330
78
100
AcDbEntity
  8
0
  6
BYBLOCK
 62
0
100
AcDbTrace
 10
-1.0
 20
0.16439898372402537
 30
0.0
 11
0.0
 21
0.0
 31
0.0
 12
-1.0
 22
-0.16439898372402537
 32
0.0
 13
-1.0
 23
-0.16439898372402537
 33
0.0
  0
ENDBLK
  5
7A
330
78
100
AcDbEntity
  8
0
100
AcDbBlockEnd
  0
BLOCK
  5
85
330
84
100
AcDbEntity
  8
0
100
AcDbBlockBegin
  2
_CLOSEDBLANK
 70
0
 10
0.0
 20
0.0
 30
0.0
  3
_CLOSEDBLANK
  1

  0
LWPOLYLINE
  5
87
330
84
100
AcDbEntity
  8
0
  6
BYBLOCK
 62
0
100
AcDbPolyline
 90
3
 70
1
 10
-1.0
 20
0.16439898372402537
 10
0.0
 20
0.0
 10
-1.0
 20
-0.16439898372402537
  0
ENDBLK
  5
86
330
84
100
AcDbEntity
  8
0
100
AcDbBlockEnd
  0
ENDSEC
  0
SECTION
  2
ENTITIES
  0
LWPOLYLINE
  5
94
330
17
100
AcDbEntity
  8
CUT
100
AcDbPolyline
 90
218
 70
1
 10
3.0
 20
0.0
 10
132.22
 20
0.0
 10
132.22
 20
26.5
 10
166.92
 20
26.5
 10
166.92
 20
0.0
 10
321.0
 20
0.0
 10
321.31358538980294
 20
0.016434313895180352
 10
321.62373507245326
 20
0.06555719779858338
 10
321.92705098312484
 20
0.14683045111453952
 10
322.2202099292274
 20
0.2593636270721973
 10
322.5
 20
0.401923788646684
 10
322.76335575687744
 20
0.5729490168751576
 10
323.0073918190766
 20
0.770565523567817
 10
323.2294344764322
 20
0.9926081809234253
 10
323.42705098312484
 20
1.2366442431225806
 10
323.5980762113533
 20
1.5
 10
323.7406363729278
 20
1.779790070772599
 10
323.85316954888543
 20
2.0729490168751576
 10
323.93444280220143
 20
2.376264927546722
 10
323.98356568610484
 20
2.686414610197039
 10
324.0
 20
3.0
 10
324.0
 20
119.4
 10
323.98356568610484
 20
119.71358538980297
 10
323.93444280220143
 20
120.02373507245328
 10
323.85316954888543
 20
120.32705098312485
 10
323.7406363729278
 20
120.6202099292274
 10
323.5980762113533
 20
120.9
 10
323.42705098312484
 20
121.16335575687742
 10
323.2294344764322
 20
121.40739181907658
 10
323.0073918190766
 20
121.6294344764322
 10
322.76335575687744
 20
121.82705098312485
 10
322.5
 20
121.99807621135332
 10
322.2202099292274
 20
122.14063637292782
 10
321.92705098312484
 20
122.25316954888547
 10
321.62373507245326
 20
122.33444280220142
 10
321.31358538980294
 20
122.38356568610483
 10
321.0
 20
122.4
 10
121.82137084989847
 20
122.4
 10
121.82137084989847
 20
120.46137084989847
 10
121.92893424399074
 20
120.34244354858288
 10
122.02405332434999
 20
120.21334688984041
 10
122.10577267975589
 20
120.0753775682544
 10
122.17327149078102
 20
119.92992139871507
 10
122.22587177440485
 20
119.77843939678233
 10
122.26304519392586
 20
119.6224531037051
 10
122.2844183657708
 20
119.46352930349838
 10
122.28977660989737
 20
119.30326428558512
 10
122.27906610611996
 20
119.14326781107492
 10
122.2523944346995
 20
118.98514694372814
 10
122.21002949576753
 20
118.83048990801313
 10
122.1523968184382
 20
118.68085013639238
 10
122.08007528663654
 20
118.53773066607224
 10
121.99379132457409
 20
118.40256904194148
 10
121.8944116002756
 20
118.27672287733874
 10
121.78293432044485
 20
118.16145621768213
 10
121.6604792041073
 20
118.05792684392947
 10
121.52827623573819
 20
117.96717464339828
 10
121.38765331084349
 20
117.89011116475295
 10
121.24002289808645
 20
117.82751046207284
 10
121.08686785192991
 20
117.78000131996684
 10
120.92972651829773
 20
117.74806093782824
 10
120.7701772828594
 20
117.73201013666754
 10
120.6098227171406
 20
117.73201013666754
 10
120.45027348170227
 20
117.74806093782824
 10
120.29313214807009
 20
117.78000131996684
 10
120.13997710191354
 20
117.82751046207284
 10
119.9923466891565
 20
117.89011116475295
 10
119.8517237642618
 20
117.96717464339828
 10
119.71952079589269
 20
118.05792684392947
 10
119.59706567955514
 20
118.16145621768213
 10
119.48558839972439
 20
118.27672287733874
 10
119.3862086754259
 20
118.40256904194148
 10
119.29992471336345
 20
118.53773066607224
 10
119.22760318156179
 20
118.68085013639238
 10
119.16997050423247
 20
118.83048990801313
 10
119.1276055653005
 20
118.98514694372814
 10
119.10093389388004
 20
119.14326781107492
 10
119.09022339010262
 20
119.30326428558512
 10
119.09558163422919
 20
119.46352930349838
 10
119.11695480607413
 20
119.6224531037051
 10
119.15412822559514
 20
119.77843939678233
 10
119.20672850921898
 20
119.92992139871507
 10
119.27422732024411
 20
120.0753775682544
 10
119.35594667565
 20
120.21334688984041
 10
119.45106575600926
 20
120.34244354858288
 10
119.55862915010152
 20
120.46137084989847
 10
119.55862915010152
 20
122.4
 10
55.731370849898475
 20
122.4
 10
55.731370849898475
 20
120.38137084989847
 10
55.83893424399074
 20
120.26244354858288
 10
55.934053324349996
 20
120.13334688984041
 10
56.015772679755884
 20
119.9953775682544
 10
56.08327149078102
 20
119.84992139871507
 10
56.13587177440485
 20
119.69843939678233
 10
56.173045193925866
 20
119.5424531037051
 10
56.1944183657708
 20
119.38352930349838
 10
56.19977660989737
 20
119.22326428558512
 10
56.18906610611996
 20
119.06326781107492
 10
56.1623944346995
 20
118.90514694372814
 10
56.120029495767525
 20
118.75048990801314
 10
56.062396818438216
 20
118.60085013639238
 10
55.99007528663654
 20
118.45773066607224
 10
55.90379132457409
 20
118.32256904194148
 10
55.8044116002756
 20
118.19672287733874
 10
55.69293432044485
 20
118.08145621768213
 10
55.57047920410731
 20
117.97792684392947
 10
55.43827623573819
 20
117.88717464339828
 10
55.297653310843494
 20
117.81011116475295
 10
55.15002289808645
 20
117.74751046207284
 10
54.99686785192991
 20
117.70000131996684
 10
54.83972651829773
 20
117.66806093782824
 10
54.68017728285939
 20
117.65201013666754
 10
54.51982271714061
 20
117.65201013666754
 10
54.36027348170227
 20
117.66806093782824
 10
54.20313214807009
 20
117.70000131996684
 10
54.049977101913555
 20
117.74751046207284
 10
53.90234668915651
 20
117.81011116475295
 10
53.76172376426181
 20
117.88717464339828
 10
53.629520795892695
 20
117.97792684392947
 10
53.507065679555154
 20
118.08145621768213
 10
53.3955883997244
 20
118.19672287733874
 10
53.296208675425916
 20
118.32256904194148
 10
53.20992471336346
 20
118.45773066607224
 10
53.137603181561786
 20
118.60085013639238
 10
53.07997050423248
 20
118.75048990801314
 10
53.0376055653005
 20
118.90514694372814
 10
53.01093389388004
 20
119.06326781107492
 10
53.00022339010263
 20
119.22326428558512
 10
53.0055816342292
 20
119.38352930349838
 10
53.02695480607414
 20
119.5424531037051
 10
53.064128225595155
 20
119.69843939678233
 10
53.11672850921898
 20
119.84992139871507
 10
53.18422732024412
 20
119.9953775682544
 10
53.26594667565001
 20
120.13334688984041
 10
53.36106575600926
 20
120.26244354858288
 10
53.46862915010153
 20
120.38137084989847
 10
53.46862915010153
 20
122.4
 10
16.971370849898477
 20
122.4
 10
16.971370849898477
 20
120.33137084989848
 10
17.07893424399074
 20
120.21244354858288
 10
17.174053324349995
 20
120.08334688984041
 10
17.255772679755886
 20
119.9453775682544
 10
17.32327149078102
 20
119.79992139871507
 10
17.37587177440485
 20
119.64843939678234
 10
17.41304519392586
 20
119.4924531037051
 10
17.434418365770803
 20
119.33352930349838
 10
17.439776609897372
 20
119.17326428558512
 10
17.429066106119958
 20
119.01326781107493
 10
17.402394434699495
 20
118.85514694372814
 10
17.360029495767527
 20
118.70048990801314
 10
17.30239681843821
 20
118.55085013639238
 10
17.230075286636538
 20
118.40773066607224
 10
17.143791324574085
 20
118.27256904194148
 10
17.044411600275602
 20
118.14672287733875
 10
16.93293432044485
 20
118.03145621768213
 10
16.810479204107306
 20
117.92792684392947
 10
16.67827623573819
 20
117.83717464339828
 10
16.537653310843492
 20
117.76011116475296
 10
16.390022898086446
 20
117.69751046207284
 10
16.236867851929908
 20
117.65000131996685
 10
16.07972651829773
 20
117.61806093782825
 10
15.920177282859392
 20
117.60201013666754
 10
15.759822717140608
 20
117.60201013666754
 10
15.600273481702269
 20
117.61806093782825
 10
15.44313214807009
 20
117.65000131996685
 10
15.289977101913552
 20
117.69751046207284
 10
15.142346689156508
 20
117.76011116475296
 10
15.00172376426181
 20
117.83717464339828
 10
14.869520795892692
 20
117.92792684392947
 10
14.747065679555151
 20
118.03145621768213
 10
14.635588399724398
 20
118.14672287733875
 10
14.536208675425915
 20
118.27256904194148
 10
14.449924713363462
 20
118.40773066607224
 10
14.377603181561788
 20
118.55085013639238
 10
14.319970504232472
 20
118.70048990801314
 10
14.277605565300505
 20
118.85514694372814
 10
14.250933893880042
 20
119.01326781107493
 10
14.240223390102628
 20
119.17326428558512
 10
14.245581634229197
 20
119.33352930349838
 10
14.26695480607414
 20
119.4924531037051
 10
14.30412822559515
 20
119.64843939678234
 10
14.35672850921898
 20
119.79992139871507
 10
14.424227320244114
 20
119.9453775682544
 10
14.505946675650005
 20
120.08334688984041
 10
14.601065756009257
 20
120.21244354858288
 10
14.708629150101524
 20
120.33137084989848
 10
14.708629150101524
 20
122.4
 10
3.0
 20
122.4
 10
2.68641461019704
 20
122.38356568610483
 10
2.376264927546722
 20
122.33444280220142
 10
2.072949016875158
 20
122.25316954888547
 10
1.7797900707725998
 20
122.14063637292782
 10
1.5000000000000007
 20
121.99807621135332
 10
1.2366442431225808
 20
121.82705098312485
 10
0.9926081809234262
 20
121.6294344764322
 10
0.7705655235678175
 20
121.40739181907658
 10
0.5729490168751581
 20
121.16335575687742
 10
0.40192378864668443
 20
120.9
 10
0.25936362707219773
 20
120.6202099292274
 10
0.14683045111453952
 20
120.32705098312485
 10
0.06555719779858338
 20
120.02373507245329
 10
0.016434313895180352
 20
119.71358538980297
 10
0.0
 20
119.4
 10
0.0
 20
3.0
 10
0.016434313895180352
 20
2.6864146101970396
 10
0.06555719779858293
 20
2.376264927546723
 10
0.14683045111453907
 20
2.072949016875158
 10
0.2593636270721973
 20
1.7797900707725993
 10
0.40192378864668354
 20
1.5000000000000009
 10
0.5729490168751576
 20
1.2366442431225808
 10
0.7705655235678166
 20
0.9926081809234262
 10
0.9926081809234244
 20
0.7705655235678179
 10
1.2366442431225804
 20
0.5729490168751581
 10
1.4999999999999987
 20
0.40192378864668443
 10
1.7797900707725973
 20
0.2593636270721982
 10
2.072949016875157
 20
0.14683045111453952
 10
2.3762649275467207
 20
0.06555719779858338
 10
2.6864146101970374
 20
0.016434313895180352
  0
LWPOLYLINE
  5
95
330
17
100
AcDbEntity
  8
CUT
100
AcDbPolyline
 90
431
 70
1
 10
69.7
 20
106.0
 10
69.69
 20
106.68
 10
69.69
 20
107.36
 10
69.68
 20
108.04
 10
69.76
 20
108.71
 10
69.88
 20
109.35
 10
70.0
 20
109.99
 10
70.25
 20
110.58
 10
70.5
 20
111.17
 10
70.75
 20
111.76
 10
71.17
 20
112.27
 10
71.63
 20
112.74
 10
72.14
 20
113.16
 10
72.73
 20
113.33
 10
73.32
 20
113.58
 10
73.91
 20
113.75
 10
74.59
 20
113.75
 10
75.27
 20
113.67
 10
75.9
 20
113.54
 10
76.5
 20
113.37
 10
77.09
 20
113.12
 10
77.6
 20
112.78
 10
78.11
 20
112.44
 10
78.54
 20
112.02
 10
78.97
 20
111.59
 10
79.31
 20
111.08
 10
79.61
 20
110.53
 10
79.87
 20
109.94
 10
80.21
 20
109.43
 10
80.26
 20
108.8
 10
80.27
 20
108.12
 10
80.23
 20
107.48
 10
80.19
 20
106.85
 10
80.11
 20
106.17
 10
80.2
 20
105.49
 10
80.46
 20
104.9
 10
80.72
 20
104.31
 10
80.98
 20
103.71
 10
81.15
 20
103.12
 10
81.41
 20
102.53
 10
81.76
 20
102.02
 10
82.27
 20
101.68
 10
82.9
 20
101.47
 10
83.58
 20
101.47
 10
84.26
 20
101.38
 10
84.94
 20
101.38
 10
85.57
 20
101.42
 10
86.21
 20
101.47
 10
86.84
 20
101.42
 10
87.48
 20
101.38
 10
88.15
 20
101.47
 10
88.83
 20
101.46
 10
89.51
 20
101.46
 10
90.19
 20
101.46
 10
90.86
 20
101.46
 10
91.54
 20
101.46
 10
92.22
 20
101.46
 10
92.9
 20
101.46
 10
93.57
 20
101.46
 10
94.25
 20
101.46
 10
94.93
 20
101.46
 10
95.61
 20
101.46
 10
96.28
 20
101.46
 10
96.96
 20
101.46
 10
97.64
 20
101.46
 10
98.32
 20
101.46
 10
98.99
 20
101.46
 10
99.67
 20
101.46
 10
100.35
 20
101.46
 10
101.03
 20
101.46
 10
101.7
 20
101.46
 10
102.38
 20
101.46
 10
103.06
 20
101.46
 10
103.73
 20
101.46
 10
104.41
 20
101.46
 10
105.09
 20
101.46
 10
105.77
 20
101.46
 10
106.44
 20
101.46
 10
107.12
 20
101.54
 10
107.71
 20
101.71
 10
108.17
 20
102.18
 10
108.72
 20
102.56
 10
109.18
 20
103.03
 10
109.43
 20
103.62
 10
109.68
 20
104.21
 10
109.93
 20
104.8
 10
110.18
 20
105.4
 10
110.17
 20
106.07
 10
110.25
 20
106.75
 10
110.25
 20
107.43
 10
110.33
 20
108.11
 10
110.41
 20
108.79
 10
110.57
 20
109.38
 10
110.73
 20
109.97
 10
110.9
 20
110.56
 10
111.15
 20
111.16
 10
111.44
 20
111.71
 10
111.82
 20
112.26
 10
112.28
 20
112.72
 10
112.83
 20
113.02
 10
113.37
 20
113.4
 10
113.96
 20
113.57
 10
114.56
 20
113.74
 10
115.19
 20
113.78
 10
115.83
 20
113.74
 10
116.5
 20
113.65
 10
117.1
 20
113.49
 10
117.69
 20
113.23
 10
118.29
 20
112.98
 10
118.8
 20
112.64
 10
119.27
 20
112.26
 10
119.65
 20
111.79
 10
120.04
 20
111.32
 10
120.38
 20
110.82
 10
120.64
 20
110.22
 10
120.81
 20
109.63
 10
120.99
 20
109.04
 10
121.08
 20
108.36
 10
121.08
 20
107.68
 10
121.09
 20
107.0
 10
120.93
 20
106.41
 10
120.76
 20
105.82
 10
120.51
 20
105.22
 10
120.18
 20
104.72
 10
119.89
 20
104.17
 10
119.42
 20
103.7
 10
118.96
 20
103.23
 10
118.46
 20
102.89
 10
118.0
 20
102.43
 10
117.75
 20
101.84
 10
117.5
 20
101.24
 10
117.33
 20
100.65
 10
117.08
 20
100.06
 10
116.83
 20
99.46
 10
116.59
 20
98.87
 10
116.42
 20
98.28
 10
116.26
 20
97.69
 10
116.26
 20
97.01
 10
116.27
 20
96.33
 10
116.27
 20
95.65
 10
116.28
 20
94.97
 10
116.28
 20
94.3
 10
116.29
 20
93.62
 10
116.3
 20
92.94
 10
116.3
 20
92.26
 10
116.31
 20
91.59
 10
116.23
 20
90.91
 10
116.23
 20
90.23
 10
116.32
 20
89.55
 10
116.25
 20
88.87
 10
116.25
 20
88.2
 10
116.26
 20
87.52
 10
116.26
 20
86.84
 10
116.27
 20
86.16
 10
116.27
 20
85.49
 10
116.28
 20
84.81
 10
116.29
 20
84.13
 10
116.29
 20
83.45
 10
116.3
 20
82.78
 10
116.3
 20
82.1
 10
116.31
 20
81.42
 10
116.31
 20
80.74
 10
116.32
 20
80.06
 10
116.33
 20
79.39
 10
116.33
 20
78.71
 10
116.34
 20
78.03
 10
116.34
 20
77.35
 10
116.35
 20
76.68
 10
116.35
 20
76.0
 10
116.36
 20
75.32
 10
116.37
 20
74.64
 10
116.37
 20
73.96
 10
116.38
 20
73.29
 10
116.38
 20
72.61
 10
116.56
 20
72.02
 10
116.39
 20
71.42
 10
116.4
 20
70.75
 10
116.4
 20
70.07
 10
116.41
 20
69.39
 10
116.41
 20
68.71
 10
116.42
 20
68.03
 10
116.43
 20
67.36
 10
116.43
 20
66.68
 10
116.44
 20
66.0
 10
116.44
 20
65.32
 10
116.45
 20
64.65
 10
116.45
 20
63.97
 10
116.42
 20
63.33
 10
116.38
 20
62.7
 10
116.39
 20
62.02
 10
116.43
 20
61.38
 10
116.4
 20
60.75
 10
116.4
 20
60.07
 10
116.41
 20
59.39
 10
116.41
 20
58.72
 10
116.42
 20
58.04
 10
116.43
 20
57.36
 10
116.43
 20
56.68
 10
116.44
 20
56.0
 10
116.44
 20
55.33
 10
116.45
 20
54.65
 10
116.62
 20
54.06
 10
116.8
 20
53.46
 10
117.06
 20
52.87
 10
117.31
 20
52.28
 10
117.57
 20
51.68
 10
117.75
 20
51.09
 10
118.01
 20
50.5
 10
118.18
 20
49.9
 10
118.52
 20
49.4
 10
119.04
 20
49.06
 10
119.5
 20
48.68
 10
119.93
 20
48.25
 10
120.32
 20
47.79
 10
120.66
 20
47.28
 10
120.92
 20
46.68
 10
121.18
 20
46.09
 10
121.27
 20
45.41
 10
121.36
 20
44.74
 10
121.36
 20
44.06
 10
121.33
 20
43.42
 10
121.2
 20
42.79
 10
121.04
 20
42.19
 10
120.79
 20
41.6
 10
120.5
 20
41.05
 10
120.08
 20
40.54
 10
119.66
 20
40.03
 10
119.2
 20
39.57
 10
118.69
 20
39.23
 10
118.15
 20
38.93
 10
117.55
 20
38.76
 10
116.96
 20
38.59
 10
116.29
 20
38.51
 10
115.61
 20
38.43
 10
114.97
 20
38.47
 10
114.34
 20
38.6
 10
113.74
 20
38.77
 10
113.11
 20
38.89
 10
112.6
 20
39.23
 10
112.13
 20
39.61
 10
111.66
 20
39.99
 10
111.32
 20
40.5
 10
110.97
 20
41.01
 10
110.8
 20
41.6
 10
110.79
 20
42.28
 10
110.62
 20
42.88
 10
110.44
 20
43.47
 10
110.19
 20
44.06
 10
109.84
 20
44.57
 10
109.92
 20
45.25
 10
110.0
 20
45.93
 10
109.91
 20
46.6
 10
109.65
 20
47.2
 10
109.39
 20
47.79
 10
109.13
 20
48.38
 10
108.87
 20
48.98
 10
108.7
 20
49.57
 10
108.36
 20
50.08
 10
107.89
 20
50.46
 10
107.29
 20
50.71
 10
106.62
 20
50.71
 10
105.94
 20
50.71
 10
105.26
 20
50.71
 10
104.58
 20
50.71
 10
103.91
 20
50.71
 10
103.23
 20
50.71
 10
102.55
 20
50.71
 10
101.87
 20
50.71
 10
101.2
 20
50.71
 10
100.52
 20
50.71
 10
99.84
 20
50.72
 10
99.16
 20
50.72
 10
98.49
 20
50.72
 10
97.81
 20
50.72
 10
97.13
 20
50.72
 10
96.45
 20
50.72
 10
95.78
 20
50.72
 10
95.1
 20
50.72
 10
94.42
 20
50.72
 10
93.79
 20
50.76
 10
93.15
 20
50.8
 10
92.47
 20
50.72
 10
91.8
 20
50.72
 10
91.12
 20
50.72
 10
90.44
 20
50.72
 10
89.76
 20
50.72
 10
89.09
 20
50.72
 10
88.41
 20
50.72
 10
87.73
 20
50.72
 10
87.06
 20
50.72
 10
86.38
 20
50.72
 10
85.7
 20
50.72
 10
85.02
 20
50.72
 10
84.35
 20
50.72
 10
83.67
 20
50.72
 10
82.99
 20
50.72
 10
82.44
 20
50.42
 10
81.94
 20
50.09
 10
81.65
 20
49.54
 10
81.4
 20
48.94
 10
81.36
 20
48.31
 10
80.94
 20
47.8
 10
80.69
 20
47.21
 10
80.53
 20
46.61
 10
80.36
 20
46.02
 10
80.45
 20
45.34
 10
80.54
 20
44.66
 10
80.55
 20
43.99
 10
80.51
 20
43.35
 10
80.39
 20
42.72
 10
80.23
 20
42.12
 10
79.93
 20
41.57
 10
79.64
 20
41.02
 10
79.31
 20
40.51
 10
78.85
 20
40.05
 10
78.34
 20
39.62
 10
77.84
 20
39.2
 10
77.42
 20
38.69
 10
76.74
 20
38.69
 10
76.15
 20
38.52
 10
75.47
 20
38.52
 10
74.79
 20
38.44
 10
74.12
 20
38.52
 10
73.44
 20
38.61
 10
72.84
 20
38.86
 10
72.25
 20
39.12
 10
71.7
 20
39.42
 10
71.27
 20
39.84
 10
70.84
 20
40.26
 10
70.58
 20
40.86
 10
70.49
 20
41.53
 10
70.49
 20
42.21
 10
70.48
 20
42.89
 10
70.48
 20
43.57
 10
70.51
 20
44.2
 10
70.55
 20
44.84
 10
70.63
 20
45.52
 10
70.71
 20
46.19
 10
70.87
 20
46.79
 10
71.04
 20
47.38
 10
71.33
 20
47.93
 10
71.58
 20
48.52
 10
71.87
 20
49.07
 10
72.29
 20
49.58
 10
72.84
 20
49.88
 10
73.17
 20
50.39
 10
73.46
 20
50.94
 10
73.71
 20
51.53
 10
73.96
 20
52.12
 10
74.21
 20
52.71
 10
74.37
 20
53.31
 10
74.54
 20
53.9
 10
74.62
 20
54.58
 10
74.7
 20
55.26
 10
74.69
 20
55.93
 10
74.73
 20
56.57
 10
74.76
 20
57.2
 10
74.67
 20
57.88
 10
74.67
 20
58.56
 10
74.75
 20
59.24
 10
74.66
 20
59.92
 10
74.65
 20
60.59
 10
74.65
 20
61.27
 10
74.64
 20
61.95
 10
74.63
 20
62.63
 10
74.63
 20
63.3
 10
74.62
 20
63.98
 10
74.62
 20
64.66
 10
74.61
 20
65.34
 10
74.61
 20
66.02
 10
74.6
 20
66.69
 10
74.59
 20
67.37
 10
74.59
 20
68.05
 10
74.58
 20
68.73
 10
74.58
 20
69.4
 10
74.57
 20
70.08
 10
74.57
 20
70.76
 10
74.56
 20
71.44
 10
74.55
 20
72.12
 10
74.55
 20
72.79
 10
74.54
 20
73.47
 10
74.54
 20
74.15
 10
74.53
 20
74.83
 10
74.53
 20
75.5
 10
74.52
 20
76.18
 10
74.52
 20
76.86
 10
74.51
 20
77.54
 10
74.5
 20
78.21
 10
74.5
 20
78.89
 10
74.49
 20
79.57
 10
74.49
 20
80.25
 10
74.48
 20
80.93
 10
74.48
 20
81.6
 10
74.47
 20
82.28
 10
74.46
 20
82.96
 10
74.46
 20
83.64
 10
74.45
 20
84.31
 10
74.45
 20
84.99
 10
74.44
 20
85.67
 10
74.44
 20
86.35
 10
74.43
 20
87.03
 10
74.42
 20
87.7
 10
74.42
 20
88.38
 10
74.41
 20
89.06
 10
74.41
 20
89.74
 10
74.4
 20
90.41
 10
74.4
 20
91.09
 10
74.39
 20
91.77
 10
74.38
 20
92.45
 10
74.38
 20
93.13
 10
74.29
 20
93.8
 10
74.28
 20
94.48
 10
74.11
 20
95.07
 10
74.02
 20
95.75
 10
73.68
 20
96.26
 10
73.67
 20
96.94
 10
73.66
 20
97.62
 10
73.49
 20
98.21
 10
73.32
 20
98.8
 10
73.06
 20
99.39
 10
72.8
 20
99.99
 10
72.62
 20
100.58
 10
72.36
 20
101.17
 10
72.1
 20
101.77
 10
71.85
 20
102.36
 10
71.54
 20
102.91
 10
71.03
 20
103.25
 10
70.61
 20
103.67
 10
70.22
 20
104.14
 10
69.88
 20
104.65
 10
69.79
 20
105.33
  0
CIRCLE
  5
96
330
17
100
AcDbEntity
  8
CUT
100
AcDbCircle
 10
6.62
 20
31.9
 30
0.0
 40
1.6
  0
CIRCLE
  5
97
330
17
100
AcDbEntity
  8
CUT
100
AcDbCircle
 10
17.71
 20
4.64
 30
0.0
 40
1.6
  0
CIRCLE
  5
98
330
17
100
AcDbEntity
  8
CUT
100
AcDbCircle
 10
55.84
 20
31.97
 30
0.0
 40
1.6
  0
CIRCLE
  5
99
330
17
100
AcDbEntity
  8
CUT
100
AcDbCircle
 10
99.59
 20
4.8
 30
0.0
 40
1.6
  0
CIRCLE
  5
9A
330
17
100
AcDbEntity
  8
CUT
100
AcDbCircle
 10
120.91
 20
31.96
 30
0.0
 40
1.6
  0
CIRCLE
  5
9B
330
17
100
AcDbEntity
  8
CUT
100
AcDbCircle
 10
162.51
 20
116.12
 30
0.0
 40
1.6
  0
CIRCLE
  5
9C
330
17
100
AcDbEntity
  8
CUT
100
AcDbCircle
 10
171.28
 20
32.02
 30
0.0
 40
1.6
  0
CIRCLE
  5
9D
330
17
100
AcDbEntity
  8
CUT
100
AcDbCircle
 10
209.91
 20
4.62
 30
0.0
 40
1.6
  0
CIRCLE
  5
9E
330
17
100
AcDbEntity
  8
CUT
100
AcDbCircle
 10
313.54
 20
113.72
 30
0.0
 40
1.6
  0
CIRCLE
  5
9F
330
17
100
AcDbEntity
  8
CUT
100
AcDbCircle
 10
313.63
 20
7.68
 30
0.0
 40
1.6
  0
LWPOLYLINE
  5
A0
330
17
100
AcDbEntity
  8
CUT
100
AcDbPolyline
 90
68
 70
1
 10
9.756072257612908
 20
15.215371775677418
 10
9.678413712263653
 20
15.203852218662245
 10
9.600000000000005
 20
15.200000000000003
 10
7.2000000000000055
 20
15.200000000000003
 10
7.121586287736357
 20
15.203852218662245
 10
7.043927742387103
 20
15.215371775677418
 10
6.967772258196436
 20
15.234447731414237
 10
6.893853254107933
 20
15.260896373990974
 10
6.8228826105392075
 20
15.29446298852132
 10
6.755543813584324
 20
15.334824310157968
 10
6.692485372669089
 20
15.381591637309814
 10
6.634314575050768
 20
15.434314575050765
 10
6.581591637309816
 20
15.492485372669087
 10
6.534824310157969
 20
15.555543813584322
 10
6.494462988521321
 20
15.622882610539206
 10
6.460896373990976
 20
15.693853254107932
 10
6.434447731414238
 20
15.767772258196434
 10
6.415371775677421
 20
15.8439277423871
 10
6.403852218662248
 20
15.921586287736355
 10
6.400000000000006
 20
16.000000000000004
 10
6.400000000000006
 20
18.400000000000002
 10
6.403852218662248
 20
18.478413712263652
 10
6.415371775677421
 20
18.556072257612904
 10
6.434447731414238
 20
18.63222774180357
 10
6.460896373990976
 20
18.706146745892074
 10
6.494462988521321
 20
18.777117389460802
 10
6.534824310157969
 20
18.844456186415684
 10
6.581591637309816
 20
18.90751462733092
 10
6.634314575050768
 20
18.96568542494924
 10
6.692485372669089
 20
19.01840836269019
 10
6.755543813584324
 20
19.06517568984204
 10
6.8228826105392075
 20
19.105537011478685
 10
6.893853254107934
 20
19.13910362600903
 10
6.967772258196436
 20
19.16555226858577
 10
7.043927742387103
 20
19.184628224322587
 10
7.121586287736357
 20
19.19614778133776
 10
7.2000000000000055
 20
19.200000000000003
 10
9.600000000000005
 20
19.200000000000003
 10
9.678413712263653
 20
19.19614778133776
 10
9.756072257612908
 20
19.184628224322587
 10
9.832227741803575
 20
19.16555226858577
 10
9.906146745892077
 20
19.13910362600903
 10
9.977117389460803
 20
19.105537011478685
 10
10.044456186415687
 20
19.06517568984204
 10
10.107514627330922
 20
19.01840836269019
 10
10.165685424949244
 20
18.96568542494924
 10
10.218408362690194
 20
18.90751462733092
 10
10.26517568984204
 20
18.844456186415684
 10
10.30553701147869
 20
18.777117389460802
 10
10.339103626009035
 20
18.706146745892074
 10
10.365552268585772
 20
18.63222774180357
 10
10.38462822432259
 20
18.556072257612904
 10
10.396147781337763
 20
18.478413712263652
 10
10.400000000000006
 20
18.400000000000002
 10
10.400000000000006
 20
16.000000000000004
 10
10.396147781337763
 20
15.921586287736355
 10
10.38462822432259
 20
15.8439277423871
 10
10.365552268585772
 20
15.767772258196434
 10
10.339103626009035
 20
15.693853254107932
 10
10.30553701147869
 20
15.622882610539206
 10
10.26517568984204
 20
15.555543813584322
 10
10.218408362690194
 20
15.492485372669087
 10
10.165685424949244
 20
15.434314575050765
 10
10.107514627330922
 20
15.381591637309814
 10
10.044456186415687
 20
15.334824310157968
 10
9.977117389460803
 20
15.29446298852132
 10
9.906146745892077
 20
15.260896373990974
 10
9.832227741803575
 20
15.234447731414237
  0
LWPOLYLINE
  5
A1
330
17
100
AcDbEntity
  8
CUT
100
AcDbPolyline
 90
68
 70
1
 10
17.600000000000005
 20
15.200000000000003
 10
15.200000000000006
 20
15.200000000000003
 10
15.121586287736358
 20
15.203852218662245
 10
15.043927742387103
 20
15.215371775677418
 10
14.967772258196437
 20
15.234447731414237
 10
14.893853254107935
 20
15.260896373990974
 10
14.822882610539208
 20
15.29446298852132
 10
14.755543813584325
 20
15.334824310157968
 10
14.69248537266909
 20
15.381591637309814
 10
14.634314575050768
 20
15.434314575050765
 10
14.581591637309817
 20
15.492485372669087
 10
14.534824310157969
 20
15.555543813584322
 10
14.494462988521322
 20
15.622882610539206
 10
14.460896373990977
 20
15.693853254107932
 10
14.43444773141424
 20
15.767772258196434
 10
14.415371775677421
 20
15.8439277423871
 10
14.403852218662248
 20
15.921586287736355
 10
14.400000000000006
 20
16.000000000000004
 10
14.400000000000006
 20
18.400000000000002
 10
14.403852218662248
 20
18.478413712263652
 10
14.415371775677421
 20
18.556072257612904
 10
14.43444773141424
 20
18.63222774180357
 10
14.460896373990977
 20
18.706146745892074
 10
14.494462988521322
 20
18.777117389460802
 10
14.53482431015797
 20
18.844456186415684
 10
14.581591637309817
 20
18.90751462733092
 10
14.634314575050768
 20
18.96568542494924
 10
14.69248537266909
 20
19.01840836269019
 10
14.755543813584325
 20
19.06517568984204
 10
14.822882610539208
 20
19.105537011478685
 10
14.893853254107935
 20
19.13910362600903
 10
14.967772258196437
 20
19.16555226858577
 10
15.043927742387105
 20
19.184628224322587
 10
15.121586287736358
 20
19.19614778133776
 10
15.200000000000006
 20
19.200000000000003
 10
17.600000000000005
 20
19.200000000000003
 10
17.678413712263655
 20
19.19614778133776
 10
17.756072257612907
 20
19.184628224322587
 10
17.832227741803575
 20
19.16555226858577
 10
17.906146745892077
 20
19.13910362600903
 10
17.977117389460805
 20
19.105537011478685
 10
18.044456186415687
 20
19.06517568984204
 10
18.10751462733092
 20
19.01840836269019
 10
18.165685424949242
 20
18.96568542494924
 10
18.218408362690194
 20
18.90751462733092
 10
18.265175689842042
 20
18.844456186415684
 10
18.305537011478688
 20
18.777117389460802
 10
18.339103626009035
 20
18.706146745892074
 10
18.365552268585773
 20
18.63222774180357
 10
18.38462822432259
 20
18.556072257612904
 10
18.396147781337763
 20
18.478413712263652
 10
18.400000000000006
 20
18.400000000000002
 10
18.400000000000006
 20
16.000000000000004
 10
18.396147781337763
 20
15.921586287736355
 10
18.38462822432259
 20
15.8439277423871
 10
18.365552268585773
 20
15.767772258196434
 10
18.339103626009035
 20
15.693853254107932
 10
18.305537011478688
 20
15.622882610539206
 10
18.265175689842042
 20
15.555543813584322
 10
18.218408362690194
 20
15.492485372669087
 10
18.165685424949242
 20
15.434314575050765
 10
18.10751462733092
 20
15.381591637309814
 10
18.044456186415687
 20
15.334824310157968
 10
17.977117389460805
 20
15.29446298852132
 10
17.906146745892077
 20
15.260896373990974
 10
17.832227741803575
 20
15.234447731414237
 10
17.756072257612907
 20
15.215371775677418
 10
17.678413712263655
 20
15.203852218662245
  0
LWPOLYLINE
  5
A2
330
17
100
AcDbEntity
  8
CUT
100
AcDbPolyline
 90
68
 70
1
 10
25.100000000000005
 20
16.000000000000004
 10
23.700000000000006
 20
16.000000000000004
 10
23.650991429835226
 20
16.002407636663904
 10
23.602454838991942
 20
16.009607359798387
 10
23.554857661372775
 20
16.0215298321339
 10
23.50865828381746
 20
16.03806023374436
 10
23.46430163158701
 20
16.059039367825825
 10
23.422214883490206
 20
16.08426519384873
 10
23.382803357918185
 20
16.113494773318635
 10
23.346446609406733
 20
16.14644660940673
 10
23.313494773318638
 20
16.182803357918182
 10
23.284265193848732
 20
16.222214883490203
 10
23.259039367825828
 20
16.264301631587006
 10
23.238060233744363
 20
16.308658283817458
 10
23.221529832133903
 20
16.354857661372773
 10
23.20960735979839
 20
16.40245483899194
 10
23.202407636663906
 20
16.450991429835224
 10
23.200000000000006
 20
16.500000000000004
 10
23.200000000000006
 20
17.900000000000002
 10
23.202407636663906
 20
17.949008570164782
 10
23.20960735979839
 20
17.997545161008066
 10
23.221529832133903
 20
18.045142338627233
 10
23.238060233744363
 20
18.091341716182548
 10
23.259039367825828
 20
18.135698368413
 10
23.284265193848732
 20
18.177785116509803
 10
23.313494773318638
 20
18.217196642081824
 10
23.346446609406733
 20
18.253553390593275
 10
23.382803357918185
 20
18.28650522668137
 10
23.422214883490206
 20
18.315734806151276
 10
23.46430163158701
 20
18.34096063217418
 10
23.50865828381746
 20
18.361939766255645
 10
23.554857661372775
 20
18.378470167866105
 10
23.602454838991942
 20
18.39039264020162
 10
23.650991429835226
 20
18.397592363336102
 10
23.700000000000006
 20
18.400000000000002
 10
25.100000000000005
 20
18.400000000000002
 10
25.149008570164785
 20
18.397592363336102
 10
25.19754516100807
 20
18.39039264020162
 10
25.245142338627236
 20
18.378470167866105
 10
25.29134171618255
 20
18.361939766255645
 10
25.335698368413002
 20
18.34096063217418
 10
25.377785116509806
 20
18.315734806151276
 10
25.417196642081826
 20
18.28650522668137
 10
25.453553390593278
 20
18.253553390593275
 10
25.486505226681373
 20
18.217196642081824
 10
25.51573480615128
 20
18.177785116509803
 10
25.540960632174183
 20
18.135698368413
 10
25.561939766255648
 20
18.091341716182548
 10
25.578470167866108
 20
18.045142338627233
 10
25.59039264020162
 20
17.997545161008066
 10
25.597592363336105
 20
17.949008570164782
 10
25.600000000000005
 20
17.900000000000002
 10
25.600000000000005
 20
16.500000000000004
 10
25.597592363336105
 20
16.450991429835224
 10
25.59039264020162
 20
16.40245483899194
 10
25.578470167866108
 20
16.354857661372773
 10
25.561939766255648
 20
16.308658283817458
 10
25.540960632174183
 20
16.264301631587006
 10
25.51573480615128
 20
16.222214883490203
 10
25.486505226681373
 20
16.182803357918182
 10
25.453553390593278
 20
16.14644660940673
 10
25.417196642081826
 20
16.113494773318635
 10
25.377785116509806
 20
16.08426519384873
 10
25.335698368413002
 20
16.059039367825825
 10
25.29134171618255
 20
16.03806023374436
 10
25.245142338627236
 20
16.0215298321339
 10
25.19754516100807
 20
16.009607359798387
 10
25.149008570164785
 20
16.002407636663904
  0
LWPOLYLINE
  5
A3
330
17
100
AcDbEntity
  8
CUT
100
AcDbPolyline
 90
68
 70
1
 10
49.14900857016479
 20
24.002407636663904
 10
49.10000000000001
 20
24.000000000000004
 10
47.7
 20
24.000000000000004
 10
47.65099142983522
 20
24.002407636663904
 10
47.60245483899194
 20
24.009607359798387
 10
47.55485766137277
 20
24.0215298321339
 10
47.50865828381746
 20
24.03806023374436
 10
47.464301631587006
 20
24.059039367825825
 10
47.4222148834902
 20
24.08426519384873
 10
47.38280335791818
 20
24.113494773318635
 10
47.346446609406726
 20
24.14644660940673
 10
47.31349477331863
 20
24.182803357918182
 10
47.28426519384873
 20
24.222214883490203
 10
47.25903936782583
 20
24.264301631587006
 10
47.238060233744356
 20
24.308658283817458
 10
47.221529832133896
 20
24.354857661372773
 10
47.20960735979839
 20
24.40245483899194
 10
47.20240763666391
 20
24.450991429835224
 10
47.2
 20
24.500000000000004
 10
47.2
 20
25.900000000000002
 10
47.20240763666391
 20
25.949008570164782
 10
47.20960735979839
 20
25.997545161008066
 10
47.221529832133896
 20
26.045142338627233
 10
47.238060233744356
 20
26.091341716182548
 10
47.25903936782583
 20
26.135698368413
 10
47.28426519384873
 20
26.177785116509803
 10
47.31349477331863
 20
26.217196642081824
 10
47.346446609406726
 20
26.253553390593275
 10
47.38280335791818
 20
26.28650522668137
 10
47.4222148834902
 20
26.315734806151276
 10
47.464301631587006
 20
26.34096063217418
 10
47.50865828381746
 20
26.361939766255645
 10
47.55485766137277
 20
26.378470167866105
 10
47.60245483899194
 20
26.39039264020162
 10
47.65099142983522
 20
26.397592363336102
 10
47.7
 20
26.400000000000002
 10
49.10000000000001
 20
26.400000000000002
 10
49.14900857016479
 20
26.397592363336102
 10
49.19754516100807
 20
26.39039264020162
 10
49.24514233862724
 20
26.378470167866105
 10
49.29134171618255
 20
26.361939766255645
 10
49.335698368413006
 20
26.34096063217418
 10
49.37778511650981
 20
26.315734806151276
 10
49.417196642081834
 20
26.28650522668137
 10
49.453553390593285
 20
26.253553390593275
 10
49.48650522668138
 20
26.217196642081824
 10
49.51573480615128
 20
26.177785116509803
 10
49.54096063217418
 20
26.135698368413
 10
49.561939766255655
 20
26.091341716182548
 10
49.578470167866115
 20
26.045142338627233
 10
49.59039264020162
 20
25.997545161008066
 10
49.597592363336105
 20
25.949008570164782
 10
49.60000000000001
 20
25.900000000000002
 10
49.60000000000001
 20
24.500000000000004
 10
49.597592363336105
 20
24.450991429835224
 10
49.59039264020162
 20
24.40245483899194
 10
49.578470167866115
 20
24.354857661372773
 10
49.561939766255655
 20
24.308658283817458
 10
49.54096063217418
 20
24.264301631587006
 10
49.51573480615128
 20
24.222214883490203
 10
49.48650522668138
 20
24.182803357918182
 10
49.453553390593285
 20
24.14644660940673
 10
49.417196642081834
 20
24.113494773318635
 10
49.37778511650981
 20
24.08426519384873
 10
49.335698368413006
 20
24.059039367825825
 10
49.29134171618255
 20
24.03806023374436
 10
49.24514233862724
 20
24.0215298321339
 10
49.19754516100807
 20
24.009607359798387
  0
LWPOLYLINE
  5
A4
330
17
100
AcDbEntity
  8
CUT
100
AcDbPolyline
 90
68
 70
1
 10
33.14900857016479
 20
24.002407636663904
 10
33.10000000000001
 20
24.000000000000004
 10
31.700000000000006
 20
24.000000000000004
 10
31.650991429835226
 20
24.002407636663904
 10
31.602454838991942
 20
24.009607359798387
 10
31.554857661372775
 20
24.0215298321339
 10
31.50865828381746
 20
24.03806023374436
 10
31.46430163158701
 20
24.059039367825825
 10
31.422214883490206
 20
24.08426519384873
 10
31.382803357918185
 20
24.113494773318635
 10
31.346446609406733
 20
24.14644660940673
 10
31.313494773318638
 20
24.182803357918182
 10
31.284265193848732
 20
24.222214883490203
 10
31.259039367825828
 20
24.264301631587006
 10
31.238060233744363
 20
24.308658283817458
 10
31.221529832133903
 20
24.354857661372773
 10
31.20960735979839
 20
24.40245483899194
 10
31.202407636663906
 20
24.450991429835224
 10
31.200000000000006
 20
24.500000000000004
 10
31.200000000000006
 20
25.900000000000002
 10
31.202407636663906
 20
25.949008570164782
 10
31.20960735979839
 20
25.997545161008066
 10
31.221529832133903
 20
26.045142338627233
 10
31.238060233744363
 20
26.091341716182548
 10
31.259039367825828
 20
26.135698368413
 10
31.284265193848732
 20
26.177785116509803
 10
31.313494773318638
 20
26.217196642081824
 10
31.346446609406733
 20
26.253553390593275
 10
31.382803357918185
 20
26.28650522668137
 10
31.422214883490206
 20
26.315734806151276
 10
31.46430163158701
 20
26.34096063217418
 10
31.50865828381746
 20
26.361939766255645
 10
31.554857661372775
 20
26.378470167866105
 10
31.602454838991942
 20
26.39039264020162
 10
31.650991429835226
 20
26.397592363336102
 10
31.700000000000006
 20
26.400000000000002
 10
33.10000000000001
 20
26.400000000000002
 10
33.14900857016479
 20
26.397592363336102
 10
33.19754516100807
 20
26.39039264020162
 10
33.24514233862724
 20
26.378470167866105
 10
33.29134171618255
 20
26.361939766255645
 10
33.335698368413006
 20
26.34096063217418
 10
33.37778511650981
 20
26.315734806151276
 10
33.417196642081834
 20
26.28650522668137
 10
33.453553390593285
 20
26.253553390593275
 10
33.48650522668138
 20
26.217196642081824
 10
33.51573480615128
 20
26.177785116509803
 10
33.54096063217418
 20
26.135698368413
 10
33.561939766255655
 20
26.091341716182548
 10
33.578470167866115
 20
26.045142338627233
 10
33.59039264020162
 20
25.997545161008066
 10
33.597592363336105
 20
25.949008570164782
 10
33.60000000000001
 20
25.900000000000002
 10
33.60000000000001
 20
24.500000000000004
 10
33.597592363336105
 20
24.450991429835224
 10
33.59039264020162
 20
24.40245483899194
 10
33.578470167866115
 20
24.354857661372773
 10
33.561939766255655
 20
24.308658283817458
 10
33.54096063217418
 20
24.264301631587006
 10
33.51573480615128
 20
24.222214883490203
 10
33.48650522668138
 20
24.182803357918182
 10
33.453553390593285
 20
24.14644660940673
 10
33.417196642081834
 20
24.113494773318635
 10
33.37778511650981
 20
24.08426519384873
 10
33.335698368413006
 20
24.059039367825825
 10
33.29134171618255
 20
24.03806023374436
 10
33.24514233862724
 20
24.0215298321339
 10
33.19754516100807
 20
24.009607359798387
  0
LWPOLYLINE
  5
A5
330
17
100
AcDbEntity
  8
CUT
100
AcDbPolyline
 90
68
 70
1
 10
17.600000000000005
 20
23.200000000000003
 10
15.200000000000006
 20
23.200000000000003
 10
15.121586287736358
 20
23.203852218662245
 10
15.043927742387103
 20
23.21537177567742
 10
14.967772258196437
 20
23.234447731414235
 10
14.893853254107935
 20
23.260896373990974
 10
14.822882610539208
 20
23.29446298852132
 10
14.755543813584325
 20
23.334824310157966
 10
14.69248537266909
 20
23.381591637309814
 10
14.634314575050768
 20
23.434314575050767
 10
14.581591637309817
 20
23.492485372669087
 10
14.534824310157969
 20
23.555543813584322
 10
14.494462988521322
 20
23.622882610539204
 10
14.460896373990977
 20
23.693853254107932
 10
14.43444773141424
 20
23.767772258196434
 10
14.415371775677421
 20
23.843927742387102
 10
14.403852218662248
 20
23.921586287736353
 10
14.400000000000006
 20
24.000000000000004
 10
14.400000000000006
 20
26.400000000000002
 10
14.403852218662248
 20
26.478413712263652
 10
14.415371775677421
 20
26.556072257612904
 10
14.43444773141424
 20
26.63222774180357
 10
14.460896373990977
 20
26.706146745892074
 10
14.494462988521322
 20
26.777117389460802
 10
14.53482431015797
 20
26.844456186415684
 10
14.581591637309817
 20
26.90751462733092
 10
14.634314575050768
 20
26.96568542494924
 10
14.69248537266909
 20
27.01840836269019
 10
14.755543813584325
 20
27.06517568984204
 10
14.822882610539208
 20
27.105537011478685
 10
14.893853254107935
 20
27.13910362600903
 10
14.967772258196437
 20
27.16555226858577
 10
15.043927742387105
 20
27.184628224322587
 10
15.121586287736358
 20
27.19614778133776
 10
15.200000000000006
 20
27.200000000000003
 10
17.600000000000005
 20
27.200000000000003
 10
17.678413712263655
 20
27.19614778133776
 10
17.756072257612907
 20
27.184628224322587
 10
17.832227741803575
 20
27.16555226858577
 10
17.906146745892077
 20
27.13910362600903
 10
17.977117389460805
 20
27.105537011478685
 10
18.044456186415687
 20
27.06517568984204
 10
18.10751462733092
 20
27.01840836269019
 10
18.165685424949242
 20
26.96568542494924
 10
18.218408362690194
 20
26.90751462733092
 10
18.265175689842042
 20
26.844456186415684
 10
18.305537011478688
 20
26.777117389460802
 10
18.339103626009035
 20
26.706146745892074
 10
18.365552268585773
 20
26.63222774180357
 10
18.38462822432259
 20
26.556072257612904
 10
18.396147781337763
 20
26.478413712263652
 10
18.400000000000006
 20
26.400000000000002
 10
18.400000000000006
 20
24.000000000000004
 10
18.396147781337763
 20
23.921586287736353
 10
18.38462822432259
 20
23.843927742387102
 10
18.365552268585773
 20
23.767772258196434
 10
18.339103626009035
 20
23.693853254107932
 10
18.305537011478688
 20
23.622882610539204
 10
18.265175689842042
 20
23.555543813584322
 10
18.218408362690194
 20
23.492485372669087
 10
18.165685424949242
 20
23.434314575050767
 10
18.10751462733092
 20
23.381591637309814
 10
18.044456186415687
 20
23.334824310157966
 10
17.977117389460805
 20
23.29446298852132
 10
17.906146745892077
 20
23.260896373990974
 10
17.832227741803575
 20
23.234447731414235
 10
17.756072257612907
 20
23.21537177567742
 10
17.678413712263655
 20
23.203852218662245
  0
LWPOLYLINE
  5
A6
330
17
100
AcDbEntity
  8
CUT
100
AcDbPolyline
 90
68
 70
1
 10
41.14900857016479
 20
24.002407636663904
 10
41.10000000000001
 20
24.000000000000004
 10
39.7
 20
24.000000000000004
 10
39.65099142983522
 20
24.002407636663904
 10
39.60245483899194
 20
24.009607359798387
 10
39.55485766137277
 20
24.0215298321339
 10
39.50865828381746
 20
24.03806023374436
 10
39.464301631587006
 20
24.059039367825825
 10
39.4222148834902
 20
24.08426519384873
 10
39.38280335791818
 20
24.113494773318635
 10
39.346446609406726
 20
24.14644660940673
 10
39.31349477331863
 20
24.182803357918182
 10
39.28426519384873
 20
24.222214883490203
 10
39.25903936782583
 20
24.264301631587006
 10
39.238060233744356
 20
24.308658283817458
 10
39.221529832133896
 20
24.354857661372773
 10
39.20960735979839
 20
24.40245483899194
 10
39.20240763666391
 20
24.450991429835224
 10
39.2
 20
24.500000000000004
 10
39.2
 20
25.900000000000002
 10
39.20240763666391
 20
25.949008570164782
 10
39.20960735979839
 20
25.997545161008066
 10
39.221529832133896
 20
26.045142338627233
 10
39.238060233744356
 20
26.091341716182548
 10
39.25903936782583
 20
26.135698368413
 10
39.28426519384873
 20
26.177785116509803
 10
39.31349477331863
 20
26.217196642081824
 10
39.346446609406726
 20
26.253553390593275
 10
39.38280335791818
 20
26.28650522668137
 10
39.4222148834902
 20
26.315734806151276
 10
39.464301631587006
 20
26.34096063217418
 10
39.50865828381746
 20
26.361939766255645
 10
39.55485766137277
 20
26.378470167866105
 10
39.60245483899194
 20
26.39039264020162
 10
39.65099142983522
 20
26.397592363336102
 10
39.7
 20
26.400000000000002
 10
41.10000000000001
 20
26.400000000000002
 10
41.14900857016479
 20
26.397592363336102
 10
41.19754516100807
 20
26.39039264020162
 10
41.24514233862724
 20
26.378470167866105
 10
41.29134171618255
 20
26.361939766255645
 10
41.335698368413006
 20
26.34096063217418
 10
41.37778511650981
 20
26.315734806151276
 10
41.417196642081834
 20
26.28650522668137
 10
41.453553390593285
 20
26.253553390593275
 10
41.48650522668138
 20
26.217196642081824
 10
41.51573480615128
 20
26.177785116509803
 10
41.54096063217418
 20
26.135698368413
 10
41.561939766255655
 20
26.091341716182548
 10
41.578470167866115
 20
26.045142338627233
 10
41.59039264020162
 20
25.997545161008066
 10
41.597592363336105
 20
25.949008570164782
 10
41.60000000000001
 20
25.900000000000002
 10
41.60000000000001
 20
24.500000000000004
 10
41.597592363336105
 20
24.450991429835224
 10
41.59039264020162
 20
24.40245483899194
 10
41.578470167866115
 20
24.354857661372773
 10
41.561939766255655
 20
24.308658283817458
 10
41.54096063217418
 20
24.264301631587006
 10
41.51573480615128
 20
24.222214883490203
 10
41.48650522668138
 20
24.182803357918182
 10
41.453553390593285
 20
24.14644660940673
 10
41.417196642081834
 20
24.113494773318635
 10
41.37778511650981
 20
24.08426519384873
 10
41.335698368413006
 20
24.059039367825825
 10
41.29134171618255
 20
24.03806023374436
 10
41.24514233862724
 20
24.0215298321339
 10
41.19754516100807
 20
24.009607359798387
  0
LWPOLYLINE
  5
A7
330
17
100
AcDbEntity
  8
CUT
100
AcDbPolyline
 90
68
 70
1
 10
25.678413712263655
 20
23.203852218662245
 10
25.600000000000005
 20
23.200000000000003
 10
23.200000000000006
 20
23.200000000000003
 10
23.121586287736356
 20
23.203852218662245
 10
23.043927742387105
 20
23.21537177567742
 10
22.967772258196437
 20
23.234447731414235
 10
22.893853254107935
 20
23.260896373990974
 10
22.822882610539207
 20
23.29446298852132
 10
22.755543813584325
 20
23.334824310157966
 10
22.69248537266909
 20
23.381591637309814
 10
22.63431457505077
 20
23.434314575050767
 10
22.581591637309817
 20
23.492485372669087
 10
22.53482431015797
 20
23.555543813584322
 10
22.494462988521324
 20
23.622882610539204
 10
22.460896373990977
 20
23.693853254107932
 10
22.434447731414238
 20
23.767772258196434
 10
22.41537177567742
 20
23.843927742387102
 10
22.403852218662248
 20
23.921586287736353
 10
22.400000000000006
 20
24.000000000000004
 10
22.400000000000006
 20
26.400000000000002
 10
22.403852218662248
 20
26.478413712263652
 10
22.41537177567742
 20
26.556072257612904
 10
22.434447731414238
 20
26.63222774180357
 10
22.460896373990977
 20
26.706146745892074
 10
22.494462988521324
 20
26.777117389460802
 10
22.53482431015797
 20
26.844456186415684
 10
22.581591637309817
 20
26.90751462733092
 10
22.63431457505077
 20
26.96568542494924
 10
22.69248537266909
 20
27.01840836269019
 10
22.755543813584325
 20
27.06517568984204
 10
22.822882610539207
 20
27.105537011478685
 10
22.893853254107935
 20
27.13910362600903
 10
22.967772258196437
 20
27.16555226858577
 10
23.043927742387105
 20
27.184628224322587
 10
23.121586287736356
 20
27.19614778133776
 10
23.200000000000006
 20
27.200000000000003
 10
25.600000000000005
 20
27.200000000000003
 10
25.678413712263655
 20
27.19614778133776
 10
25.756072257612907
 20
27.184628224322587
 10
25.832227741803575
 20
27.16555226858577
 10
25.906146745892077
 20
27.13910362600903
 10
25.977117389460805
 20
27.105537011478685
 10
26.044456186415687
 20
27.06517568984204
 10
26.10751462733092
 20
27.01840836269019
 10
26.165685424949242
 20
26.96568542494924
 10
26.218408362690194
 20
26.90751462733092
 10
26.265175689842042
 20
26.844456186415684
 10
26.305537011478688
 20
26.777117389460802
 10
26.339103626009035
 20
26.706146745892074
 10
26.365552268585773
 20
26.63222774180357
 10
26.38462822432259
 20
26.556072257612904
 10
26.396147781337763
 20
26.478413712263652
 10
26.400000000000006
 20
26.400000000000002
 10
26.400000000000006
 20
24.000000000000004
 10
26.396147781337763
 20
23.921586287736353
 10
26.38462822432259
 20
23.843927742387102
 10
26.365552268585773
 20
23.767772258196434
 10
26.339103626009035
 20
23.693853254107932
 10
26.305537011478688
 20
23.622882610539204
 10
26.265175689842042
 20
23.555543813584322
 10
26.218408362690194
 20
23.492485372669087
 10
26.165685424949242
 20
23.434314575050767
 10
26.10751462733092
 20
23.381591637309814
 10
26.044456186415687
 20
23.334824310157966
 10
25.977117389460805
 20
23.29446298852132
 10
25.906146745892077
 20
23.260896373990974
 10
25.832227741803575
 20
23.234447731414235
 10
25.756072257612907
 20
23.21537177567742
  0
LWPOLYLINE
  5
A8
330
17
100
AcDbEntity
  8
CUT
100
AcDbPolyline
 90
68
 70
1
 10
17.600000000000005
 20
31.2
 10
15.200000000000006
 20
31.2
 10
15.121586287736358
 20
31.20385221866224
 10
15.043927742387103
 20
31.215371775677415
 10
14.967772258196437
 20
31.23444773141423
 10
14.893853254107935
 20
31.26089637399097
 10
14.822882610539208
 20
31.294462988521317
 10
14.755543813584325
 20
31.334824310157963
 10
14.69248537266909
 20
31.38159163730981
 10
14.634314575050768
 20
31.434314575050763
 10
14.581591637309817
 20
31.492485372669083
 10
14.534824310157969
 20
31.55554381358432
 10
14.494462988521322
 20
31.6228826105392
 10
14.460896373990977
 20
31.69385325410793
 10
14.43444773141424
 20
31.76777225819643
 10
14.415371775677421
 20
31.8439277423871
 10
14.403852218662248
 20
31.92158628773635
 10
14.400000000000006
 20
32.0
 10
14.400000000000006
 20
34.400000000000006
 10
14.403852218662248
 20
34.47841371226365
 10
14.415371775677421
 20
34.55607225761291
 10
14.43444773141424
 20
34.632227741803575
 10
14.460896373990977
 20
34.70614674589208
 10
14.494462988521322
 20
34.777117389460805
 10
14.53482431015797
 20
34.844456186415684
 10
14.581591637309817
 20
34.90751462733092
 10
14.634314575050768
 20
34.96568542494924
 10
14.69248537266909
 20
35.018408362690195
 10
14.755543813584325
 20
35.06517568984204
 10
14.822882610539208
 20
35.10553701147869
 10
14.893853254107935
 20
35.13910362600903
 10
14.967772258196437
 20
35.16555226858577
 10
15.043927742387105
 20
35.18462822432259
 10
15.121586287736358
 20
35.196147781337764
 10
15.200000000000006
 20
35.2
 10
17.600000000000005
 20
35.2
 10
17.678413712263655
 20
35.196147781337764
 10
17.756072257612907
 20
35.18462822432259
 10
17.832227741803575
 20
35.16555226858577
 10
17.906146745892077
 20
35.13910362600903
 10
17.977117389460805
 20
35.10553701147869
 10
18.044456186415687
 20
35.06517568984204
 10
18.10751462733092
 20
35.018408362690195
 10
18.165685424949242
 20
34.96568542494924
 10
18.218408362690194
 20
34.90751462733092
 10
18.265175689842042
 20
34.844456186415684
 10
18.305537011478688
 20
34.777117389460805
 10
18.339103626009035
 20
34.70614674589208
 10
18.365552268585773
 20
34.632227741803575
 10
18.38462822432259
 20
34.55607225761291
 10
18.396147781337763
 20
34.47841371226365
 10
18.400000000000006
 20
34.400000000000006
 10
18.400000000000006
 20
32.0
 10
18.396147781337763
 20
31.92158628773635
 10
18.38462822432259
 20
31.8439277423871
 10
18.365552268585773
 20
31.76777225819643
 10
18.339103626009035
 20
31.69385325410793
 10
18.305537011478688
 20
31.6228826105392
 10
18.265175689842042
 20
31.55554381358432
 10
18.218408362690194
 20
31.492485372669083
 10
18.165685424949242
 20
31.434314575050763
 10
18.10751462733092
 20
31.38159163730981
 10
18.044456186415687
 20
31.334824310157963
 10
17.977117389460805
 20
31.294462988521317
 10
17.906146745892077
 20
31.26089637399097
 10
17.832227741803575
 20
31.23444773141423
 10
17.756072257612907
 20
31.215371775677415
 10
17.678413712263655
 20
31.20385221866224
  0
LWPOLYLINE
  5
A9
330
17
100
AcDbEntity
  8
CUT
100
AcDbPolyline
 90
68
 70
1
 10
33.14900857016479
 20
32.002407636663904
 10
33.10000000000001
 20
32.0
 10
31.700000000000006
 20
32.0
 10
31.650991429835226
 20
32.002407636663904
 10
31.602454838991942
 20
32.00960735979839
 10
31.554857661372775
 20
32.02152983213389
 10
31.50865828381746
 20
32.03806023374435
 10
31.46430163158701
 20
32.059039367825825
 10
31.422214883490206
 20
32.08426519384873
 10
31.382803357918185
 20
32.113494773318635
 10
31.346446609406733
 20
32.14644660940672
 10
31.313494773318638
 20
32.182803357918175
 10
31.284265193848732
 20
32.222214883490196
 10
31.259039367825828
 20
32.264301631587
 10
31.238060233744363
 20
32.30865828381746
 10
31.221529832133903
 20
32.35485766137277
 10
31.20960735979839
 20
32.402454838991936
 10
31.202407636663906
 20
32.45099142983522
 10
31.200000000000006
 20
32.5
 10
31.200000000000006
 20
33.900000000000006
 10
31.202407636663906
 20
33.949008570164786
 10
31.20960735979839
 20
33.99754516100807
 10
31.221529832133903
 20
34.04514233862724
 10
31.238060233744363
 20
34.09134171618255
 10
31.259039367825828
 20
34.135698368413
 10
31.284265193848732
 20
34.17778511650981
 10
31.313494773318638
 20
34.21719664208183
 10
31.346446609406733
 20
34.25355339059328
 10
31.382803357918185
 20
34.28650522668138
 10
31.422214883490206
 20
34.315734806151276
 10
31.46430163158701
 20
34.34096063217418
 10
31.50865828381746
 20
34.36193976625565
 10
31.554857661372775
 20
34.37847016786611
 10
31.602454838991942
 20
34.39039264020162
 10
31.650991429835226
 20
34.3975923633361
 10
31.700000000000006
 20
34.400000000000006
 10
33.10000000000001
 20
34.400000000000006
 10
33.14900857016479
 20
34.3975923633361
 10
33.19754516100807
 20
34.39039264020162
 10
33.24514233862724
 20
34.37847016786611
 10
33.29134171618255
 20
34.36193976625565
 10
33.335698368413006
 20
34.34096063217418
 10
33.37778511650981
 20
34.315734806151276
 10
33.417196642081834
 20
34.28650522668137
 10
33.453553390593285
 20
34.25355339059328
 10
33.48650522668138
 20
34.21719664208183
 10
33.51573480615128
 20
34.17778511650981
 10
33.54096063217418
 20
34.135698368413
 10
33.561939766255655
 20
34.09134171618255
 10
33.578470167866115
 20
34.04514233862724
 10
33.59039264020162
 20
33.99754516100807
 10
33.597592363336105
 20
33.949008570164786
 10
33.60000000000001
 20
33.900000000000006
 10
33.60000000000001
 20
32.5
 10
33.597592363336105
 20
32.45099142983522
 10
33.59039264020162
 20
32.402454838991936
 10
33.578470167866115
 20
32.35485766137277
 10
33.561939766255655
 20
32.30865828381746
 10
33.54096063217418
 20
32.264301631587
 10
33.51573480615128
 20
32.222214883490196
 10
33.48650522668138
 20
32.182803357918175
 10
33.453553390593285
 20
32.14644660940672
 10
33.417196642081834
 20
32.113494773318635
 10
33.37778511650981
 20
32.08426519384873
 10
33.335698368413006
 20
32.059039367825825
 10
33.29134171618255
 20
32.03806023374435
 10
33.24514233862724
 20
32.02152983213389
 10
33.19754516100807
 20
32.00960735979839
  0
LWPOLYLINE
  5
AA
330
17
100
AcDbEntity
  8
CUT
100
AcDbPolyline
 90
68
 70
1
 10
41.10000000000001
 20
32.0
 10
39.7
 20
32.0
 10
39.65099142983522
 20
32.002407636663904
 10
39.60245483899194
 20
32.00960735979839
 10
39.55485766137277
 20
32.02152983213389
 10
39.50865828381746
 20
32.03806023374435
 10
39.464301631587006
 20
32.059039367825825
 10
39.4222148834902
 20
32.08426519384873
 10
39.38280335791818
 20
32.113494773318635
 10
39.346446609406726
 20
32.14644660940672
 10
39.31349477331863
 20
32.182803357918175
 10
39.28426519384873
 20
32.222214883490196
 10
39.25903936782583
 20
32.264301631587
 10
39.238060233744356
 20
32.30865828381746
 10
39.221529832133896
 20
32.35485766137277
 10
39.20960735979839
 20
32.402454838991936
 10
39.20240763666391
 20
32.45099142983522
 10
39.2
 20
32.5
 10
39.2
 20
33.900000000000006
 10
39.20240763666391
 20
33.949008570164786
 10
39.20960735979839
 20
33.99754516100807
 10
39.221529832133896
 20
34.04514233862724
 10
39.238060233744356
 20
34.09134171618255
 10
39.25903936782583
 20
34.135698368413
 10
39.28426519384873
 20
34.17778511650981
 10
39.31349477331863
 20
34.21719664208183
 10
39.346446609406726
 20
34.25355339059328
 10
39.38280335791818
 20
34.28650522668138
 10
39.4222148834902
 20
34.315734806151276
 10
39.464301631587006
 20
34.34096063217418
 10
39.50865828381746
 20
34.36193976625565
 10
39.55485766137277
 20
34.37847016786611
 10
39.60245483899194
 20
34.39039264020162
 10
39.65099142983522
 20
34.3975923633361
 10
39.7
 20
34.400000000000006
 10
41.10000000000001
 20
34.400000000000006
 10
41.14900857016479
 20
34.3975923633361
 10
41.19754516100807
 20
34.39039264020162
 10
41.24514233862724
 20
34.37847016786611
 10
41.29134171618255
 20
34.36193976625565
 10
41.335698368413006
 20
34.34096063217418
 10
41.37778511650981
 20
34.315734806151276
 10
41.417196642081834
 20
34.28650522668137
 10
41.453553390593285
 20
34.25355339059328
 10
41.48650522668138
 20
34.21719664208183
 10
41.51573480615128
 20
34.17778511650981
 10
41.54096063217418
 20
34.135698368413
 10
41.561939766255655
 20
34.09134171618255
 10
41.578470167866115
 20
34.04514233862724
 10
41.59039264020162
 20
33.99754516100807
 10
41.597592363336105
 20
33.949008570164786
 10
41.60000000000001
 20
33.900000000000006
 10
41.60000000000001
 20
32.5
 10
41.597592363336105
 20
32.45099142983522
 10
41.59039264020162
 20
32.402454838991936
 10
41.578470167866115
 20
32.35485766137277
 10
41.561939766255655
 20
32.30865828381746
 10
41.54096063217418
 20
32.264301631587
 10
41.51573480615128
 20
32.222214883490196
 10
41.48650522668138
 20
32.182803357918175
 10
41.453553390593285
 20
32.14644660940672
 10
41.417196642081834
 20
32.113494773318635
 10
41.37778511650981
 20
32.08426519384873
 10
41.335698368413006
 20
32.059039367825825
 10
41.29134171618255
 20
32.03806023374435
 10
41.24514233862724
 20
32.02152983213389
 10
41.19754516100807
 20
32.00960735979839
 10
41.14900857016479
 20
32.002407636663904
  0
LWPOLYLINE
  5
AB
330
17
100
AcDbEntity
  8
CUT
100
AcDbPolyline
 90
68
 70
1
 10
25.600000000000005
 20
31.2
 10
23.200000000000006
 20
31.2
 10
23.121586287736356
 20
31.20385221866224
 10
23.043927742387105
 20
31.215371775677415
 10
22.967772258196437
 20
31.23444773141423
 10
22.893853254107935
 20
31.26089637399097
 10
22.822882610539207
 20
31.294462988521317
 10
22.755543813584325
 20
31.334824310157963
 10
22.69248537266909
 20
31.38159163730981
 10
22.63431457505077
 20
31.434314575050763
 10
22.581591637309817
 20
31.492485372669083
 10
22.53482431015797
 20
31.55554381358432
 10
22.494462988521324
 20
31.6228826105392
 10
22.460896373990977
 20
31.69385325410793
 10
22.434447731414238
 20
31.76777225819643
 10
22.41537177567742
 20
31.8439277423871
 10
22.403852218662248
 20
31.92158628773635
 10
22.400000000000006
 20
32.0
 10
22.400000000000006
 20
34.400000000000006
 10
22.403852218662248
 20
34.47841371226365
 10
22.41537177567742
 20
34.55607225761291
 10
22.434447731414238
 20
34.632227741803575
 10
22.460896373990977
 20
34.70614674589208
 10
22.494462988521324
 20
34.777117389460805
 10
22.53482431015797
 20
34.844456186415684
 10
22.581591637309817
 20
34.90751462733092
 10
22.63431457505077
 20
34.96568542494924
 10
22.69248537266909
 20
35.018408362690195
 10
22.755543813584325
 20
35.06517568984204
 10
22.822882610539207
 20
35.10553701147869
 10
22.893853254107935
 20
35.13910362600903
 10
22.967772258196437
 20
35.16555226858577
 10
23.043927742387105
 20
35.18462822432259
 10
23.121586287736356
 20
35.196147781337764
 10
23.200000000000006
 20
35.2
 10
25.600000000000005
 20
35.2
 10
25.678413712263655
 20
35.196147781337764
 10
25.756072257612907
 20
35.18462822432259
 10
25.832227741803575
 20
35.16555226858577
 10
25.906146745892077
 20
35.13910362600903
 10
25.977117389460805
 20
35.10553701147869
 10
26.044456186415687
 20
35.06517568984204
 10
26.10751462733092
 20
35.018408362690195
 10
26.165685424949242
 20
34.96568542494924
 10
26.218408362690194
 20
34.90751462733092
 10
26.265175689842042
 20
34.844456186415684
 10
26.305537011478688
 20
34.777117389460805
 10
26.339103626009035
 20
34.70614674589208
 10
26.365552268585773
 20
34.632227741803575
 10
26.38462822432259
 20
34.55607225761291
 10
26.396147781337763
 20
34.47841371226365
 10
26.400000000000006
 20
34.400000000000006
 10
26.400000000000006
 20
32.0
 10
26.396147781337763
 20
31.92158628773635
 10
26.38462822432259
 20
31.8439277423871
 10
26.365552268585773
 20
31.76777225819643
 10
26.339103626009035
 20
31.69385325410793
 10
26.305537011478688
 20
31.6228826105392
 10
26.265175689842042
 20
31.55554381358432
 10
26.218408362690194
 20
31.492485372669083
 10
26.165685424949242
 20
31.434314575050763
 10
26.10751462733092
 20
31.38159163730981
 10
26.044456186415687
 20
31.334824310157963
 10
25.977117389460805
 20
31.294462988521317
 10
25.906146745892077
 20
31.26089637399097
 10
25.832227741803575
 20
31.23444773141423
 10
25.756072257612907
 20
31.215371775677415
 10
25.678413712263655
 20
31.20385221866224
  0
LWPOLYLINE
  5
AC
330
17
100
AcDbEntity
  8
CUT
100
AcDbPolyline
 90
68
 70
1
 10
9.149008570164785
 20
40.002407636663904
 10
9.100000000000005
 20
40.0
 10
7.7000000000000055
 20
40.0
 10
7.6509914298352255
 20
40.002407636663904
 10
7.6024548389919415
 20
40.00960735979839
 10
7.5548576613727745
 20
40.02152983213389
 10
7.508658283817461
 20
40.03806023374435
 10
7.4643016315870065
 20
40.059039367825825
 10
7.422214883490204
 20
40.08426519384873
 10
7.382803357918182
 20
40.113494773318635
 10
7.3464466094067316
 20
40.14644660940672
 10
7.313494773318637
 20
40.182803357918175
 10
7.284265193848733
 20
40.222214883490196
 10
7.259039367825828
 20
40.264301631587
 10
7.2380602337443625
 20
40.30865828381746
 10
7.221529832133901
 20
40.35485766137277
 10
7.20960735979839
 20
40.402454838991936
 10
7.202407636663907
 20
40.45099142983522
 10
7.2000000000000055
 20
40.5
 10
7.2000000000000055
 20
41.900000000000006
 10
7.202407636663907
 20
41.949008570164786
 10
7.20960735979839
 20
41.99754516100807
 10
7.221529832133901
 20
42.04514233862724
 10
7.2380602337443625
 20
42.09134171618255
 10
7.259039367825828
 20
42.135698368413
 10
7.284265193848733
 20
42.17778511650981
 10
7.313494773318637
 20
42.21719664208183
 10
7.3464466094067316
 20
42.25355339059328
 10
7.382803357918183
 20
42.28650522668138
 10
7.422214883490205
 20
42.315734806151276
 10
7.4643016315870065
 20
42.34096063217418
 10
7.508658283817461
 20
42.36193976625565
 10
7.5548576613727745
 20
42.37847016786611
 10
7.6024548389919415
 20
42.39039264020162
 10
7.6509914298352255
 20
42.3975923633361
 10
7.7000000000000055
 20
42.400000000000006
 10
9.100000000000005
 20
42.400000000000006
 10
9.149008570164785
 20
42.3975923633361
 10
9.197545161008069
 20
42.39039264020162
 10
9.245142338627236
 20
42.37847016786611
 10
9.29134171618255
 20
42.36193976625565
 10
9.335698368413004
 20
42.34096063217418
 10
9.377785116509806
 20
42.315734806151276
 10
9.417196642081828
 20
42.28650522668137
 10
9.453553390593278
 20
42.25355339059328
 10
9.486505226681373
 20
42.21719664208183
 10
9.515734806151277
 20
42.17778511650981
 10
9.540960632174183
 20
42.135698368413
 10
9.561939766255648
 20
42.09134171618255
 10
9.57847016786611
 20
42.04514233862724
 10
9.590392640201621
 20
41.99754516100807
 10
9.597592363336103
 20
41.949008570164786
 10
9.600000000000005
 20
41.900000000000006
 10
9.600000000000005
 20
40.5
 10
9.597592363336103
 20
40.45099142983522
 10
9.590392640201621
 20
40.402454838991936
 10
9.57847016786611
 20
40.35485766137277
 10
9.561939766255648
 20
40.30865828381746
 10
9.540960632174183
 20
40.264301631587
 10
9.515734806151277
 20
40.222214883490196
 10
9.486505226681373
 20
40.182803357918175
 10
9.453553390593278
 20
40.14644660940672
 10
9.417196642081828
 20
40.113494773318635
 10
9.377785116509806
 20
40.08426519384873
 10
9.335698368413004
 20
40.059039367825825
 10
9.29134171618255
 20
40.03806023374435
 10
9.245142338627236
 20
40.02152983213389
 10
9.197545161008069
 20
40.00960735979839
  0
LWPOLYLINE
  5
AD
330
17
100
AcDbEntity
  8
CUT
100
AcDbPolyline
 90
68
 70
1
 10
41.60000000000001
 20
39.2
 10
39.2
 20
39.2
 10
39.121586287736356
 20
39.20385221866224
 10
39.0439277423871
 20
39.21537177567742
 10
38.96777225819643
 20
39.234447731414235
 10
38.89385325410793
 20
39.260896373990974
 10
38.8228826105392
 20
39.29446298852132
 10
38.755543813584325
 20
39.33482431015796
 10
38.69248537266908
 20
39.38159163730981
 10
38.634314575050766
 20
39.43431457505076
 10
38.58159163730981
 20
39.49248537266909
 10
38.534824310157965
 20
39.55554381358432
 10
38.49446298852132
 20
39.6228826105392
 10
38.46089637399098
 20
39.69385325410793
 10
38.43444773141424
 20
39.76777225819643
 10
38.41537177567742
 20
39.843927742387095
 10
38.403852218662244
 20
39.92158628773635
 10
38.400000000000006
 20
40.0
 10
38.400000000000006
 20
42.400000000000006
 10
38.403852218662244
 20
42.47841371226365
 10
38.41537177567742
 20
42.55607225761291
 10
38.43444773141424
 20
42.632227741803575
 10
38.46089637399098
 20
42.70614674589208
 10
38.49446298852132
 20
42.777117389460805
 10
38.534824310157965
 20
42.844456186415684
 10
38.58159163730981
 20
42.90751462733092
 10
38.634314575050766
 20
42.96568542494924
 10
38.69248537266909
 20
43.018408362690195
 10
38.755543813584325
 20
43.06517568984204
 10
38.8228826105392
 20
43.10553701147869
 10
38.89385325410793
 20
43.13910362600903
 10
38.96777225819643
 20
43.16555226858577
 10
39.0439277423871
 20
43.18462822432259
 10
39.121586287736356
 20
43.196147781337764
 10
39.2
 20
43.2
 10
41.60000000000001
 20
43.2
 10
41.678413712263655
 20
43.196147781337764
 10
41.756072257612914
 20
43.18462822432259
 10
41.83222774180358
 20
43.16555226858577
 10
41.90614674589208
 20
43.13910362600903
 10
41.97711738946081
 20
43.10553701147869
 10
42.044456186415694
 20
43.06517568984204
 10
42.10751462733092
 20
43.018408362690195
 10
42.165685424949245
 20
42.96568542494924
 10
42.2184083626902
 20
42.90751462733092
 10
42.265175689842046
 20
42.844456186415684
 10
42.30553701147869
 20
42.777117389460805
 10
42.339103626009035
 20
42.70614674589208
 10
42.36555226858577
 20
42.632227741803575
 10
42.38462822432259
 20
42.55607225761291
 10
42.39614778133777
 20
42.47841371226365
 10
42.400000000000006
 20
42.400000000000006
 10
42.400000000000006
 20
40.0
 10
42.39614778133777
 20
39.92158628773635
 10
42.38462822432259
 20
39.843927742387095
 10
42.36555226858577
 20
39.76777225819643
 10
42.339103626009035
 20
39.69385325410793
 10
42.30553701147869
 20
39.6228826105392
 10
42.265175689842046
 20
39.55554381358432
 10
42.2184083626902
 20
39.49248537266909
 10
42.165685424949245
 20
39.43431457505076
 10
42.10751462733092
 20
39.38159163730981
 10
42.044456186415694
 20
39.33482431015796
 10
41.97711738946081
 20
39.29446298852132
 10
41.90614674589208
 20
39.260896373990974
 10
41.83222774180358
 20
39.234447731414235
 10
41.756072257612914
 20
39.21537177567742
 10
41.678413712263655
 20
39.20385221866224
  0
LWPOLYLINE
  5
AE
330
17
100
AcDbEntity
  8
CUT
100
AcDbPolyline
 90
68
 70
1
 10
33.10000000000001
 20
40.0
 10
31.700000000000006
 20
40.0
 10
31.650991429835226
 20
40.002407636663904
 10
31.602454838991942
 20
40.00960735979839
 10
31.554857661372775
 20
40.02152983213389
 10
31.50865828381746
 20
40.03806023374435
 10
31.46430163158701
 20
40.059039367825825
 10
31.422214883490206
 20
40.08426519384873
 10
31.382803357918185
 20
40.113494773318635
 10
31.346446609406733
 20
40.14644660940672
 10
31.313494773318638
 20
40.182803357918175
 10
31.284265193848732
 20
40.222214883490196
 10
31.259039367825828
 20
40.264301631587
 10
31.238060233744363
 20
40.30865828381746
 10
31.221529832133903
 20
40.35485766137277
 10
31.20960735979839
 20
40.402454838991936
 10
31.202407636663906
 20
40.45099142983522
 10
31.200000000000006
 20
40.5
 10
31.200000000000006
 20
41.900000000000006
 10
31.202407636663906
 20
41.949008570164786
 10
31.20960735979839
 20
41.99754516100807
 10
31.221529832133903
 20
42.04514233862724
 10
31.238060233744363
 20
42.09134171618255
 10
31.259039367825828
 20
42.135698368413
 10
31.284265193848732
 20
42.17778511650981
 10
31.313494773318638
 20
42.21719664208183
 10
31.346446609406733
 20
42.25355339059328
 10
31.382803357918185
 20
42.28650522668138
 10
31.422214883490206
 20
42.315734806151276
 10
31.46430163158701
 20
42.34096063217418
 10
31.50865828381746
 20
42.36193976625565
 10
31.554857661372775
 20
42.37847016786611
 10
31.602454838991942
 20
42.39039264020162
 10
31.650991429835226
 20
42.3975923633361
 10
31.700000000000006
 20
42.400000000000006
 10
33.10000000000001
 20
42.400000000000006
 10
33.14900857016479
 20
42.3975923633361
 10
33.19754516100807
 20
42.39039264020162
 10
33.24514233862724
 20
42.37847016786611
 10
33.29134171618255
 20
42.36193976625565
 10
33.335698368413006
 20
42.34096063217418
 10
33.37778511650981
 20
42.315734806151276
 10
33.417196642081834
 20
42.28650522668137
 10
33.453553390593285
 20
42.25355339059328
 10
33.48650522668138
 20
42.21719664208183
 10
33.51573480615128
 20
42.17778511650981
 10
33.54096063217418
 20
42.135698368413
 10
33.561939766255655
 20
42.09134171618255
 10
33.578470167866115
 20
42.04514233862724
 10
33.59039264020162
 20
41.99754516100807
 10
33.597592363336105
 20
41.949008570164786
 10
33.60000000000001
 20
41.900000000000006
 10
33.60000000000001
 20
40.5
 10
33.597592363336105
 20
40.45099142983522
 10
33.59039264020162
 20
40.402454838991936
 10
33.578470167866115
 20
40.35485766137277
 10
33.561939766255655
 20
40.30865828381746
 10
33.54096063217418
 20
40.264301631587
 10
33.51573480615128
 20
40.222214883490196
 10
33.48650522668138
 20
40.182803357918175
 10
33.453553390593285
 20
40.14644660940672
 10
33.417196642081834
 20
40.113494773318635
 10
33.37778511650981
 20
40.08426519384873
 10
33.335698368413006
 20
40.059039367825825
 10
33.29134171618255
 20
40.03806023374435
 10
33.24514233862724
 20
40.02152983213389
 10
33.19754516100807
 20
40.00960735979839
 10
33.14900857016479
 20
40.002407636663904
  0
LWPOLYLINE
  5
AF
330
17
100
AcDbEntity
  8
CUT
100
AcDbPolyline
 90
68
 70
1
 10
17.149008570164785
 20
40.002407636663904
 10
17.100000000000005
 20
40.0
 10
15.700000000000006
 20
40.0
 10
15.650991429835226
 20
40.002407636663904
 10
15.602454838991942
 20
40.00960735979839
 10
15.554857661372775
 20
40.02152983213389
 10
15.50865828381746
 20
40.03806023374435
 10
15.464301631587007
 20
40.059039367825825
 10
15.422214883490206
 20
40.08426519384873
 10
15.382803357918183
 20
40.113494773318635
 10
15.346446609406733
 20
40.14644660940672
 10
15.313494773318638
 20
40.182803357918175
 10
15.284265193848734
 20
40.222214883490196
 10
15.259039367825828
 20
40.264301631587
 10
15.238060233744363
 20
40.30865828381746
 10
15.221529832133902
 20
40.35485766137277
 10
15.20960735979839
 20
40.402454838991936
 10
15.202407636663908
 20
40.45099142983522
 10
15.200000000000006
 20
40.5
 10
15.200000000000006
 20
41.900000000000006
 10
15.202407636663908
 20
41.949008570164786
 10
15.20960735979839
 20
41.99754516100807
 10
15.221529832133902
 20
42.04514233862724
 10
15.238060233744363
 20
42.09134171618255
 10
15.259039367825828
 20
42.135698368413
 10
15.284265193848734
 20
42.17778511650981
 10
15.313494773318638
 20
42.21719664208183
 10
15.346446609406733
 20
42.25355339059328
 10
15.382803357918183
 20
42.28650522668138
 10
15.422214883490206
 20
42.315734806151276
 10
15.464301631587007
 20
42.34096063217418
 10
15.50865828381746
 20
42.36193976625565
 10
15.554857661372775
 20
42.37847016786611
 10
15.602454838991942
 20
42.39039264020162
 10
15.650991429835226
 20
42.3975923633361
 10
15.700000000000006
 20
42.400000000000006
 10
17.100000000000005
 20
42.400000000000006
 10
17.149008570164785
 20
42.3975923633361
 10
17.19754516100807
 20
42.39039264020162
 10
17.245142338627236
 20
42.37847016786611
 10
17.29134171618255
 20
42.36193976625565
 10
17.335698368413002
 20
42.34096063217418
 10
17.377785116509806
 20
42.315734806151276
 10
17.417196642081826
 20
42.28650522668137
 10
17.453553390593278
 20
42.25355339059328
 10
17.486505226681373
 20
42.21719664208183
 10
17.51573480615128
 20
42.17778511650981
 10
17.540960632174183
 20
42.135698368413
 10
17.561939766255648
 20
42.09134171618255
 10
17.578470167866108
 20
42.04514233862724
 10
17.59039264020162
 20
41.99754516100807
 10
17.597592363336105
 20
41.949008570164786
 10
17.600000000000005
 20
41.900000000000006
 10
17.600000000000005
 20
40.5
 10
17.597592363336105
 20
40.45099142983522
 10
17.59039264020162
 20
40.402454838991936
 10
17.578470167866108
 20
40.35485766137277
 10
17.561939766255648
 20
40.30865828381746
 10
17.540960632174183
 20
40.264301631587
 10
17.51573480615128
 20
40.222214883490196
 10
17.486505226681373
 20
40.182803357918175
 10
17.453553390593278
 20
40.14644660940672
 10
17.417196642081826
 20
40.113494773318635
 10
17.377785116509806
 20
40.08426519384873
 10
17.335698368413002
 20
40.059039367825825
 10
17.29134171618255
 20
40.03806023374435
 10
17.245142338627236
 20
40.02152983213389
 10
17.19754516100807
 20
40.00960735979839
  0
LWPOLYLINE
  5
B0
330
17
100
AcDbEntity
  8
CUT
100
AcDbPolyline
 90
68
 70
1
 10
25.100000000000005
 20
40.0
 10
23.700000000000006
 20
40.0
 10
23.650991429835226
 20
40.002407636663904
 10
23.602454838991942
 20
40.00960735979839
 10
23.554857661372775
 20
40.02152983213389
 10
23.50865828381746
 20
40.03806023374435
 10
23.46430163158701
 20
40.059039367825825
 10
23.422214883490206
 20
40.08426519384873
 10
23.382803357918185
 20
40.113494773318635
 10
23.346446609406733
 20
40.14644660940672
 10
23.313494773318638
 20
40.182803357918175
 10
23.284265193848732
 20
40.222214883490196
 10
23.259039367825828
 20
40.264301631587
 10
23.238060233744363
 20
40.30865828381746
 10
23.221529832133903
 20
40.35485766137277
 10
23.20960735979839
 20
40.402454838991936
 10
23.202407636663906
 20
40.45099142983522
 10
23.200000000000006
 20
40.5
 10
23.200000000000006
 20
41.900000000000006
 10
23.202407636663906
 20
41.949008570164786
 10
23.20960735979839
 20
41.99754516100807
 10
23.221529832133903
 20
42.04514233862724
 10
23.238060233744363
 20
42.09134171618255
 10
23.259039367825828
 20
42.135698368413
 10
23.284265193848732
 20
42.17778511650981
 10
23.313494773318638
 20
42.21719664208183
 10
23.346446609406733
 20
42.25355339059328
 10
23.382803357918185
 20
42.28650522668138
 10
23.422214883490206
 20
42.315734806151276
 10
23.46430163158701
 20
42.34096063217418
 10
23.50865828381746
 20
42.36193976625565
 10
23.554857661372775
 20
42.37847016786611
 10
23.602454838991942
 20
42.39039264020162
 10
23.650991429835226
 20
42.3975923633361
 10
23.700000000000006
 20
42.400000000000006
 10
25.100000000000005
 20
42.400000000000006
 10
25.149008570164785
 20
42.3975923633361
 10
25.19754516100807
 20
42.39039264020162
 10
25.245142338627236
 20
42.37847016786611
 10
25.29134171618255
 20
42.36193976625565
 10
25.335698368413002
 20
42.34096063217418
 10
25.377785116509806
 20
42.315734806151276
 10
25.417196642081826
 20
42.28650522668137
 10
25.453553390593278
 20
42.25355339059328
 10
25.486505226681373
 20
42.21719664208183
 10
25.51573480615128
 20
42.17778511650981
 10
25.540960632174183
 20
42.135698368413
 10
25.561939766255648
 20
42.09134171618255
 10
25.578470167866108
 20
42.04514233862724
 10
25.59039264020162
 20
41.99754516100807
 10
25.597592363336105
 20
41.949008570164786
 10
25.600000000000005
 20
41.900000000000006
 10
25.600000000000005
 20
40.5
 10
25.597592363336105
 20
40.45099142983522
 10
25.59039264020162
 20
40.402454838991936
 10
25.578470167866108
 20
40.35485766137277
 10
25.561939766255648
 20
40.30865828381746
 10
25.540960632174183
 20
40.264301631587
 10
25.51573480615128
 20
40.222214883490196
 10
25.486505226681373
 20
40.182803357918175
 10
25.453553390593278
 20
40.14644660940672
 10
25.417196642081826
 20
40.113494773318635
 10
25.377785116509806
 20
40.08426519384873
 10
25.335698368413002
 20
40.059039367825825
 10
25.29134171618255
 20
40.03806023374435
 10
25.245142338627236
 20
40.02152983213389
 10
25.19754516100807
 20
40.00960735979839
 10
25.149008570164785
 20
40.002407636663904
  0
LWPOLYLINE
  5
B1
330
17
100
AcDbEntity
  8
CUT
100
AcDbPolyline
 90
68
 70
1
 10
49.678413712263655
 20
39.20385221866224
 10
49.60000000000001
 20
39.2
 10
47.2
 20
39.2
 10
47.121586287736356
 20
39.20385221866224
 10
47.0439277423871
 20
39.21537177567742
 10
46.96777225819643
 20
39.234447731414235
 10
46.89385325410793
 20
39.260896373990974
 10
46.8228826105392
 20
39.29446298852132
 10
46.755543813584325
 20
39.33482431015796
 10
46.69248537266908
 20
39.38159163730981
 10
46.634314575050766
 20
39.43431457505076
 10
46.58159163730981
 20
39.49248537266909
 10
46.534824310157965
 20
39.55554381358432
 10
46.49446298852132
 20
39.6228826105392
 10
46.46089637399098
 20
39.69385325410793
 10
46.43444773141424
 20
39.76777225819643
 10
46.41537177567742
 20
39.843927742387095
 10
46.403852218662244
 20
39.92158628773635
 10
46.400000000000006
 20
40.0
 10
46.400000000000006
 20
42.400000000000006
 10
46.403852218662244
 20
42.47841371226365
 10
46.41537177567742
 20
42.55607225761291
 10
46.43444773141424
 20
42.632227741803575
 10
46.46089637399098
 20
42.70614674589208
 10
46.49446298852132
 20
42.777117389460805
 10
46.534824310157965
 20
42.844456186415684
 10
46.58159163730981
 20
42.90751462733092
 10
46.634314575050766
 20
42.96568542494924
 10
46.69248537266909
 20
43.018408362690195
 10
46.755543813584325
 20
43.06517568984204
 10
46.8228826105392
 20
43.10553701147869
 10
46.89385325410793
 20
43.13910362600903
 10
46.96777225819643
 20
43.16555226858577
 10
47.0439277423871
 20
43.18462822432259
 10
47.121586287736356
 20
43.196147781337764
 10
47.2
 20
43.2
 10
49.60000000000001
 20
43.2
 10
49.678413712263655
 20
43.196147781337764
 10
49.756072257612914
 20
43.18462822432259
 10
49.83222774180358
 20
43.16555226858577
 10
49.90614674589208
 20
43.13910362600903
 10
49.97711738946081
 20
43.10553701147869
 10
50.044456186415694
 20
43.06517568984204
 10
50.10751462733092
 20
43.018408362690195
 10
50.165685424949245
 20
42.96568542494924
 10
50.2184083626902
 20
42.90751462733092
 10
50.265175689842046
 20
42.844456186415684
 10
50.30553701147869
 20
42.777117389460805
 10
50.339103626009035
 20
42.70614674589208
 10
50.36555226858577
 20
42.632227741803575
 10
50.38462822432259
 20
42.55607225761291
 10
50.39614778133777
 20
42.47841371226365
 10
50.400000000000006
 20
42.400000000000006
 10
50.400000000000006
 20
40.0
 10
50.39614778133777
 20
39.92158628773635
 10
50.38462822432259
 20
39.843927742387095
 10
50.36555226858577
 20
39.76777225819643
 10
50.339103626009035
 20
39.69385325410793
 10
50.30553701147869
 20
39.6228826105392
 10
50.265175689842046
 20
39.55554381358432
 10
50.2184083626902
 20
39.49248537266909
 10
50.165685424949245
 20
39.43431457505076
 10
50.10751462733092
 20
39.38159163730981
 10
50.044456186415694
 20
39.33482431015796
 10
49.97711738946081
 20
39.29446298852132
 10
49.90614674589208
 20
39.260896373990974
 10
49.83222774180358
 20
39.234447731414235
 10
49.756072257612914
 20
39.21537177567742
  0
LWPOLYLINE
  5
B2
330
17
100
AcDbEntity
  8
CUT
100
AcDbPolyline
 90
68
 70
1
 10
49.678413712263655
 20
47.20385221866224
 10
49.60000000000001
 20
47.2
 10
47.2
 20
47.2
 10
47.121586287736356
 20
47.20385221866224
 10
47.0439277423871
 20
47.21537177567742
 10
46.96777225819643
 20
47.234447731414235
 10
46.89385325410793
 20
47.260896373990974
 10
46.8228826105392
 20
47.29446298852132
 10
46.755543813584325
 20
47.33482431015796
 10
46.69248537266908
 20
47.38159163730981
 10
46.634314575050766
 20
47.43431457505076
 10
46.58159163730981
 20
47.49248537266909
 10
46.534824310157965
 20
47.55554381358432
 10
46.49446298852132
 20
47.6228826105392
 10
46.46089637399098
 20
47.69385325410793
 10
46.43444773141424
 20
47.76777225819643
 10
46.41537177567742
 20
47.843927742387095
 10
46.403852218662244
 20
47.92158628773635
 10
46.400000000000006
 20
48.0
 10
46.400000000000006
 20
50.400000000000006
 10
46.403852218662244
 20
50.47841371226365
 10
46.41537177567742
 20
50.55607225761291
 10
46.43444773141424
 20
50.632227741803575
 10
46.46089637399098
 20
50.70614674589208
 10
46.49446298852132
 20
50.777117389460805
 10
46.534824310157965
 20
50.844456186415684
 10
46.58159163730981
 20
50.90751462733092
 10
46.634314575050766
 20
50.96568542494924
 10
46.69248537266909
 20
51.018408362690195
 10
46.755543813584325
 20
51.06517568984204
 10
46.8228826105392
 20
51.10553701147869
 10
46.89385325410793
 20
51.13910362600903
 10
46.96777225819643
 20
51.16555226858577
 10
47.0439277423871
 20
51.18462822432259
 10
47.121586287736356
 20
51.196147781337764
 10
47.2
 20
51.2
 10
49.60000000000001
 20
51.2
 10
49.678413712263655
 20
51.196147781337764
 10
49.756072257612914
 20
51.18462822432259
 10
49.83222774180358
 20
51.16555226858577
 10
49.90614674589208
 20
51.13910362600903
 10
49.97711738946081
 20
51.10553701147869
 10
50.044456186415694
 20
51.06517568984204
 10
50.10751462733092
 20
51.018408362690195
 10
50.165685424949245
 20
50.96568542494924
 10
50.2184083626902
 20
50.90751462733092
 10
50.265175689842046
 20
50.844456186415684
 10
50.30553701147869
 20
50.777117389460805
 10
50.339103626009035
 20
50.70614674589208
 10
50.36555226858577
 20
50.632227741803575
 10
50.38462822432259
 20
50.55607225761291
 10
50.39614778133777
 20
50.47841371226365
 10
50.400000000000006
 20
50.400000000000006
 10
50.400000000000006
 20
48.0
 10
50.39614778133777
 20
47.92158628773635
 10
50.38462822432259
 20
47.843927742387095
 10
50.36555226858577
 20
47.76777225819643
 10
50.339103626009035
 20
47.69385325410793
 10
50.30553701147869
 20
47.6228826105392
 10
50.265175689842046
 20
47.55554381358432
 10
50.2184083626902
 20
47.49248537266909
 10
50.165685424949245
 20
47.43431457505076
 10
50.10751462733092
 20
47.38159163730981
 10
50.044456186415694
 20
47.33482431015796
 10
49.97711738946081
 20
47.29446298852132
 10
49.90614674589208
 20
47.260896373990974
 10
49.83222774180358
 20
47.234447731414235
 10
49.756072257612914
 20
47.21537177567742
  0
LWPOLYLINE
  5
B3
330
17
100
AcDbEntity
  8
CUT
100
AcDbPolyline
 90
68
 70
1
 10
41.10000000000001
 20
48.0
 10
39.7
 20
48.0
 10
39.65099142983522
 20
48.002407636663904
 10
39.60245483899194
 20
48.00960735979839
 10
39.55485766137277
 20
48.02152983213389
 10
39.50865828381746
 20
48.03806023374435
 10
39.464301631587006
 20
48.059039367825825
 10
39.4222148834902
 20
48.08426519384873
 10
39.38280335791818
 20
48.113494773318635
 10
39.346446609406726
 20
48.14644660940672
 10
39.31349477331863
 20
48.182803357918175
 10
39.28426519384873
 20
48.222214883490196
 10
39.25903936782583
 20
48.264301631587
 10
39.238060233744356
 20
48.30865828381746
 10
39.221529832133896
 20
48.35485766137277
 10
39.20960735979839
 20
48.402454838991936
 10
39.20240763666391
 20
48.45099142983522
 10
39.2
 20
48.5
 10
39.2
 20
49.900000000000006
 10
39.20240763666391
 20
49.949008570164786
 10
39.20960735979839
 20
49.99754516100807
 10
39.221529832133896
 20
50.04514233862724
 10
39.238060233744356
 20
50.09134171618255
 10
39.25903936782583
 20
50.135698368413
 10
39.28426519384873
 20
50.17778511650981
 10
39.31349477331863
 20
50.21719664208183
 10
39.346446609406726
 20
50.25355339059328
 10
39.38280335791818
 20
50.28650522668138
 10
39.4222148834902
 20
50.315734806151276
 10
39.464301631587006
 20
50.34096063217418
 10
39.50865828381746
 20
50.36193976625565
 10
39.55485766137277
 20
50.37847016786611
 10
39.60245483899194
 20
50.39039264020162
 10
39.65099142983522
 20
50.3975923633361
 10
39.7
 20
50.400000000000006
 10
41.10000000000001
 20
50.400000000000006
 10
41.14900857016479
 20
50.3975923633361
 10
41.19754516100807
 20
50.39039264020162
 10
41.24514233862724
 20
50.37847016786611
 10
41.29134171618255
 20
50.36193976625565
 10
41.335698368413006
 20
50.34096063217418
 10
41.37778511650981
 20
50.315734806151276
 10
41.417196642081834
 20
50.28650522668137
 10
41.453553390593285
 20
50.25355339059328
 10
41.48650522668138
 20
50.21719664208183
 10
41.51573480615128
 20
50.17778511650981
 10
41.54096063217418
 20
50.135698368413
 10
41.561939766255655
 20
50.09134171618255
 10
41.578470167866115
 20
50.04514233862724
 10
41.59039264020162
 20
49.99754516100807
 10
41.597592363336105
 20
49.949008570164786
 10
41.60000000000001
 20
49.900000000000006
 10
41.60000000000001
 20
48.5
 10
41.597592363336105
 20
48.45099142983522
 10
41.59039264020162
 20
48.402454838991936
 10
41.578470167866115
 20
48.35485766137277
 10
41.561939766255655
 20
48.30865828381746
 10
41.54096063217418
 20
48.264301631587
 10
41.51573480615128
 20
48.222214883490196
 10
41.48650522668138
 20
48.182803357918175
 10
41.453553390593285
 20
48.14644660940672
 10
41.417196642081834
 20
48.113494773318635
 10
41.37778511650981
 20
48.08426519384873
 10
41.335698368413006
 20
48.059039367825825
 10
41.29134171618255
 20
48.03806023374435
 10
41.24514233862724
 20
48.02152983213389
 10
41.19754516100807
 20
48.00960735979839
 10
41.14900857016479
 20
48.002407636663904
  0
LWPOLYLINE
  5
B4
330
17
100
AcDbEntity
  8
CUT
100
AcDbPolyline
 90
68
 70
1
 10
49.14900857016479
 20
56.002407636663904
 10
49.10000000000001
 20
56.0
 10
47.7
 20
56.0
 10
47.65099142983522
 20
56.002407636663904
 10
47.60245483899194
 20
56.00960735979839
 10
47.55485766137277
 20
56.02152983213389
 10
47.50865828381746
 20
56.03806023374435
 10
47.464301631587006
 20
56.059039367825825
 10
47.4222148834902
 20
56.08426519384873
 10
47.38280335791818
 20
56.113494773318635
 10
47.346446609406726
 20
56.14644660940672
 10
47.31349477331863
 20
56.182803357918175
 10
47.28426519384873
 20
56.222214883490196
 10
47.25903936782583
 20
56.264301631587
 10
47.238060233744356
 20
56.30865828381746
 10
47.221529832133896
 20
56.35485766137277
 10
47.20960735979839
 20
56.402454838991936
 10
47.20240763666391
 20
56.45099142983522
 10
47.2
 20
56.5
 10
47.2
 20
57.900000000000006
 10
47.20240763666391
 20
57.949008570164786
 10
47.20960735979839
 20
57.99754516100807
 10
47.221529832133896
 20
58.04514233862724
 10
47.238060233744356
 20
58.09134171618255
 10
47.25903936782583
 20
58.135698368413
 10
47.28426519384873
 20
58.17778511650981
 10
47.31349477331863
 20
58.21719664208183
 10
47.346446609406726
 20
58.25355339059328
 10
47.38280335791818
 20
58.28650522668138
 10
47.4222148834902
 20
58.315734806151276
 10
47.464301631587006
 20
58.34096063217418
 10
47.50865828381746
 20
58.36193976625565
 10
47.55485766137277
 20
58.37847016786611
 10
47.60245483899194
 20
58.39039264020162
 10
47.65099142983522
 20
58.3975923633361
 10
47.7
 20
58.400000000000006
 10
49.10000000000001
 20
58.400000000000006
 10
49.14900857016479
 20
58.3975923633361
 10
49.19754516100807
 20
58.39039264020162
 10
49.24514233862724
 20
58.37847016786611
 10
49.29134171618255
 20
58.36193976625565
 10
49.335698368413006
 20
58.34096063217418
 10
49.37778511650981
 20
58.315734806151276
 10
49.417196642081834
 20
58.28650522668137
 10
49.453553390593285
 20
58.25355339059328
 10
49.48650522668138
 20
58.21719664208183
 10
49.51573480615128
 20
58.17778511650981
 10
49.54096063217418
 20
58.135698368413
 10
49.561939766255655
 20
58.09134171618255
 10
49.578470167866115
 20
58.04514233862724
 10
49.59039264020162
 20
57.99754516100807
 10
49.597592363336105
 20
57.949008570164786
 10
49.60000000000001
 20
57.900000000000006
 10
49.60000000000001
 20
56.5
 10
49.597592363336105
 20
56.45099142983522
 10
49.59039264020162
 20
56.402454838991936
 10
49.578470167866115
 20
56.35485766137277
 10
49.561939766255655
 20
56.30865828381746
 10
49.54096063217418
 20
56.264301631587
 10
49.51573480615128
 20
56.222214883490196
 10
49.48650522668138
 20
56.182803357918175
 10
49.453553390593285
 20
56.14644660940672
 10
49.417196642081834
 20
56.113494773318635
 10
49.37778511650981
 20
56.08426519384873
 10
49.335698368413006
 20
56.059039367825825
 10
49.29134171618255
 20
56.03806023374435
 10
49.24514233862724
 20
56.02152983213389
 10
49.19754516100807
 20
56.00960735979839
  0
LWPOLYLINE
  5
B5
330
17
100
AcDbEntity
  8
CUT
100
AcDbPolyline
 90
68
 70
1
 10
49.10000000000001
 20
64.0
 10
47.7
 20
64.0
 10
47.65099142983522
 20
64.0024076366639
 10
47.60245483899194
 20
64.00960735979838
 10
47.55485766137277
 20
64.0215298321339
 10
47.50865828381746
 20
64.03806023374436
 10
47.464301631587006
 20
64.05903936782582
 10
47.4222148834902
 20
64.08426519384872
 10
47.38280335791818
 20
64.11349477331864
 10
47.346446609406726
 20
64.14644660940672
 10
47.31349477331863
 20
64.18280335791817
 10
47.28426519384873
 20
64.2222148834902
 10
47.25903936782583
 20
64.264301631587
 10
47.238060233744356
 20
64.30865828381745
 10
47.221529832133896
 20
64.35485766137276
 10
47.20960735979839
 20
64.40245483899193
 10
47.20240763666391
 20
64.45099142983521
 10
47.2
 20
64.5
 10
47.2
 20
65.9
 10
47.20240763666391
 20
65.94900857016479
 10
47.20960735979839
 20
65.99754516100808
 10
47.221529832133896
 20
66.04514233862724
 10
47.238060233744356
 20
66.09134171618255
 10
47.25903936782583
 20
66.135698368413
 10
47.28426519384873
 20
66.17778511650981
 10
47.31349477331863
 20
66.21719664208183
 10
47.346446609406726
 20
66.25355339059328
 10
47.38280335791818
 20
66.28650522668137
 10
47.4222148834902
 20
66.31573480615128
 10
47.464301631587006
 20
66.34096063217419
 10
47.50865828381746
 20
66.36193976625565
 10
47.55485766137277
 20
66.37847016786611
 10
47.60245483899194
 20
66.39039264020163
 10
47.65099142983522
 20
66.3975923633361
 10
47.7
 20
66.4
 10
49.10000000000001
 20
66.4
 10
49.14900857016479
 20
66.3975923633361
 10
49.19754516100807
 20
66.39039264020163
 10
49.24514233862724
 20
66.37847016786611
 10
49.29134171618255
 20
66.36193976625565
 10
49.335698368413006
 20
66.34096063217419
 10
49.37778511650981
 20
66.31573480615128
 10
49.417196642081834
 20
66.28650522668137
 10
49.453553390593285
 20
66.25355339059328
 10
49.48650522668138
 20
66.21719664208183
 10
49.51573480615128
 20
66.17778511650981
 10
49.54096063217418
 20
66.135698368413
 10
49.561939766255655
 20
66.09134171618255
 10
49.578470167866115
 20
66.04514233862724
 10
49.59039264020162
 20
65.99754516100808
 10
49.597592363336105
 20
65.94900857016479
 10
49.60000000000001
 20
65.9
 10
49.60000000000001
 20
64.5
 10
49.597592363336105
 20
64.45099142983521
 10
49.59039264020162
 20
64.40245483899193
 10
49.578470167866115
 20
64.35485766137276
 10
49.561939766255655
 20
64.30865828381745
 10
49.54096063217418
 20
64.264301631587
 10
49.51573480615128
 20
64.2222148834902
 10
49.48650522668138
 20
64.18280335791817
 10
49.453553390593285
 20
64.14644660940672
 10
49.417196642081834
 20
64.11349477331864
 10
49.37778511650981
 20
64.08426519384872
 10
49.335698368413006
 20
64.05903936782582
 10
49.29134171618255
 20
64.03806023374436
 10
49.24514233862724
 20
64.0215298321339
 10
49.19754516100807
 20
64.00960735979838
 10
49.14900857016479
 20
64.0024076366639
  0
LWPOLYLINE
  5
B6
330
17
100
AcDbEntity
  8
CUT
100
AcDbPolyline
 90
68
 70
1
 10
9.100000000000005
 20
80.0
 10
7.7000000000000055
 20
80.0
 10
7.6509914298352255
 20
80.0024076366639
 10
7.6024548389919415
 20
80.00960735979838
 10
7.5548576613727745
 20
80.0215298321339
 10
7.508658283817461
 20
80.03806023374436
 10
7.4643016315870065
 20
80.05903936782582
 10
7.422214883490204
 20
80.08426519384872
 10
7.382803357918182
 20
80.11349477331864
 10
7.3464466094067316
 20
80.14644660940672
 10
7.313494773318637
 20
80.18280335791817
 10
7.284265193848733
 20
80.2222148834902
 10
7.259039367825828
 20
80.264301631587
 10
7.2380602337443625
 20
80.30865828381745
 10
7.221529832133901
 20
80.35485766137276
 10
7.20960735979839
 20
80.40245483899193
 10
7.202407636663907
 20
80.45099142983521
 10
7.2000000000000055
 20
80.5
 10
7.2000000000000055
 20
81.9
 10
7.202407636663907
 20
81.94900857016479
 10
7.20960735979839
 20
81.99754516100808
 10
7.221529832133901
 20
82.04514233862724
 10
7.2380602337443625
 20
82.09134171618255
 10
7.259039367825828
 20
82.135698368413
 10
7.284265193848733
 20
82.17778511650981
 10
7.313494773318637
 20
82.21719664208183
 10
7.3464466094067316
 20
82.25355339059328
 10
7.382803357918183
 20
82.28650522668137
 10
7.422214883490205
 20
82.31573480615128
 10
7.4643016315870065
 20
82.34096063217419
 10
7.508658283817461
 20
82.36193976625565
 10
7.5548576613727745
 20
82.37847016786611
 10
7.6024548389919415
 20
82.39039264020163
 10
7.6509914298352255
 20
82.3975923633361
 10
7.7000000000000055
 20
82.4
 10
9.100000000000005
 20
82.4
 10
9.149008570164785
 20
82.3975923633361
 10
9.197545161008069
 20
82.39039264020163
 10
9.245142338627236
 20
82.37847016786611
 10
9.29134171618255
 20
82.36193976625565
 10
9.335698368413004
 20
82.34096063217419
 10
9.377785116509806
 20
82.31573480615128
 10
9.417196642081828
 20
82.28650522668137
 10
9.453553390593278
 20
82.25355339059328
 10
9.486505226681373
 20
82.21719664208183
 10
9.515734806151277
 20
82.17778511650981
 10
9.540960632174183
 20
82.135698368413
 10
9.561939766255648
 20
82.09134171618255
 10
9.57847016786611
 20
82.04514233862724
 10
9.590392640201621
 20
81.99754516100808
 10
9.597592363336103
 20
81.94900857016479
 10
9.600000000000005
 20
81.9
 10
9.600000000000005
 20
80.5
 10
9.597592363336103
 20
80.45099142983521
 10
9.590392640201621
 20
80.40245483899193
 10
9.57847016786611
 20
80.35485766137276
 10
9.561939766255648
 20
80.30865828381745
 10
9.540960632174183
 20
80.264301631587
 10
9.515734806151277
 20
80.2222148834902
 10
9.486505226681373
 20
80.18280335791817
 10
9.453553390593278
 20
80.14644660940672
 10
9.417196642081828
 20
80.11349477331864
 10
9.377785116509806
 20
80.08426519384872
 10
9.335698368413004
 20
80.05903936782582
 10
9.29134171618255
 20
80.03806023374436
 10
9.245142338627236
 20
80.0215298321339
 10
9.197545161008069
 20
80.00960735979838
 10
9.149008570164785
 20
80.0024076366639
  0
LWPOLYLINE
  5
B7
330
17
100
AcDbEntity
  8
CUT
100
AcDbPolyline
 90
68
 70
1
 10
17.100000000000005
 20
80.0
 10
15.700000000000006
 20
80.0
 10
15.650991429835226
 20
80.0024076366639
 10
15.602454838991942
 20
80.00960735979838
 10
15.554857661372775
 20
80.0215298321339
 10
15.50865828381746
 20
80.03806023374436
 10
15.464301631587007
 20
80.05903936782582
 10
15.422214883490206
 20
80.08426519384872
 10
15.382803357918183
 20
80.11349477331864
 10
15.346446609406733
 20
80.14644660940672
 10
15.313494773318638
 20
80.18280335791817
 10
15.284265193848734
 20
80.2222148834902
 10
15.259039367825828
 20
80.264301631587
 10
15.238060233744363
 20
80.30865828381745
 10
15.221529832133902
 20
80.35485766137276
 10
15.20960735979839
 20
80.40245483899193
 10
15.202407636663908
 20
80.45099142983521
 10
15.200000000000006
 20
80.5
 10
15.200000000000006
 20
81.9
 10
15.202407636663908
 20
81.94900857016479
 10
15.20960735979839
 20
81.99754516100808
 10
15.221529832133902
 20
82.04514233862724
 10
15.238060233744363
 20
82.09134171618255
 10
15.259039367825828
 20
82.135698368413
 10
15.284265193848734
 20
82.17778511650981
 10
15.313494773318638
 20
82.21719664208183
 10
15.346446609406733
 20
82.25355339059328
 10
15.382803357918183
 20
82.28650522668137
 10
15.422214883490206
 20
82.31573480615128
 10
15.464301631587007
 20
82.34096063217419
 10
15.50865828381746
 20
82.36193976625565
 10
15.554857661372775
 20
82.37847016786611
 10
15.602454838991942
 20
82.39039264020163
 10
15.650991429835226
 20
82.3975923633361
 10
15.700000000000006
 20
82.4
 10
17.100000000000005
 20
82.4
 10
17.149008570164785
 20
82.3975923633361
 10
17.19754516100807
 20
82.39039264020163
 10
17.245142338627236
 20
82.37847016786611
 10
17.29134171618255
 20
82.36193976625565
 10
17.335698368413002
 20
82.34096063217419
 10
17.377785116509806
 20
82.31573480615128
 10
17.417196642081826
 20
82.28650522668137
 10
17.453553390593278
 20
82.25355339059328
 10
17.486505226681373
 20
82.21719664208183
 10
17.51573480615128
 20
82.17778511650981
 10
17.540960632174183
 20
82.135698368413
 10
17.561939766255648
 20
82.09134171618255
 10
17.578470167866108
 20
82.04514233862724
 10
17.59039264020162
 20
81.99754516100808
 10
17.597592363336105
 20
81.94900857016479
 10
17.600000000000005
 20
81.9
 10
17.600000000000005
 20
80.5
 10
17.597592363336105
 20
80.45099142983521
 10
17.59039264020162
 20
80.40245483899193
 10
17.578470167866108
 20
80.35485766137276
 10
17.561939766255648
 20
80.30865828381745
 10
17.540960632174183
 20
80.264301631587
 10
17.51573480615128
 20
80.2222148834902
 10
17.486505226681373
 20
80.18280335791817
 10
17.453553390593278
 20
80.14644660940672
 10
17.417196642081826
 20
80.11349477331864
 10
17.377785116509806
 20
80.08426519384872
 10
17.335698368413002
 20
80.05903936782582
 10
17.29134171618255
 20
80.03806023374436
 10
17.245142338627236
 20
80.0215298321339
 10
17.19754516100807
 20
80.00960735979838
 10
17.149008570164785
 20
80.0024076366639
  0
LWPOLYLINE
  5
B8
330
17
100
AcDbEntity
  8
CUT
100
AcDbPolyline
 90
68
 70
1
 10
41.10000000000001
 20
80.0
 10
39.7
 20
80.0
 10
39.65099142983522
 20
80.0024076366639
 10
39.60245483899194
 20
80.00960735979838
 10
39.55485766137277
 20
80.0215298321339
 10
39.50865828381746
 20
80.03806023374436
 10
39.464301631587006
 20
80.05903936782582
 10
39.4222148834902
 20
80.08426519384872
 10
39.38280335791818
 20
80.11349477331864
 10
39.346446609406726
 20
80.14644660940672
 10
39.31349477331863
 20
80.18280335791817
 10
39.28426519384873
 20
80.2222148834902
 10
39.25903936782583
 20
80.264301631587
 10
39.238060233744356
 20
80.30865828381745
 10
39.221529832133896
 20
80.35485766137276
 10
39.20960735979839
 20
80.40245483899193
 10
39.20240763666391
 20
80.45099142983521
 10
39.2
 20
80.5
 10
39.2
 20
81.9
 10
39.20240763666391
 20
81.94900857016479
 10
39.20960735979839
 20
81.99754516100808
 10
39.221529832133896
 20
82.04514233862724
 10
39.238060233744356
 20
82.09134171618255
 10
39.25903936782583
 20
82.135698368413
 10
39.28426519384873
 20
82.17778511650981
 10
39.31349477331863
 20
82.21719664208183
 10
39.346446609406726
 20
82.25355339059328
 10
39.38280335791818
 20
82.28650522668137
 10
39.4222148834902
 20
82.31573480615128
 10
39.464301631587006
 20
82.34096063217419
 10
39.50865828381746
 20
82.36193976625565
 10
39.55485766137277
 20
82.37847016786611
 10
39.60245483899194
 20
82.39039264020163
 10
39.65099142983522
 20
82.3975923633361
 10
39.7
 20
82.4
 10
41.10000000000001
 20
82.4
 10
41.14900857016479
 20
82.3975923633361
 10
41.19754516100807
 20
82.39039264020163
 10
41.24514233862724
 20
82.37847016786611
 10
41.29134171618255
 20
82.36193976625565
 10
41.335698368413006
 20
82.34096063217419
 10
41.37778511650981
 20
82.31573480615128
 10
41.417196642081834
 20
82.28650522668137
 10
41.453553390593285
 20
82.25355339059328
 10
41.48650522668138
 20
82.21719664208183
 10
41.51573480615128
 20
82.17778511650981
 10
41.54096063217418
 20
82.135698368413
 10
41.561939766255655
 20
82.09134171618255
 10
41.578470167866115
 20
82.04514233862724
 10
41.59039264020162
 20
81.99754516100808
 10
41.597592363336105
 20
81.94900857016479
 10
41.60000000000001
 20
81.9
 10
41.60000000000001
 20
80.5
 10
41.597592363336105
 20
80.45099142983521
 10
41.59039264020162
 20
80.40245483899193
 10
41.578470167866115
 20
80.35485766137276
 10
41.561939766255655
 20
80.30865828381745
 10
41.54096063217418
 20
80.264301631587
 10
41.51573480615128
 20
80.2222148834902
 10
41.48650522668138
 20
80.18280335791817
 10
41.453553390593285
 20
80.14644660940672
 10
41.417196642081834
 20
80.11349477331864
 10
41.37778511650981
 20
80.08426519384872
 10
41.335698368413006
 20
80.05903936782582
 10
41.29134171618255
 20
80.03806023374436
 10
41.24514233862724
 20
80.0215298321339
 10
41.19754516100807
 20
80.00960735979838
 10
41.14900857016479
 20
80.0024076366639
  0
LWPOLYLINE
  5
B9
330
17
100
AcDbEntity
  8
CUT
100
AcDbPolyline
 90
68
 70
1
 10
49.14900857016479
 20
80.0024076366639
 10
49.10000000000001
 20
80.0
 10
47.7
 20
80.0
 10
47.65099142983522
 20
80.0024076366639
 10
47.60245483899194
 20
80.00960735979838
 10
47.55485766137277
 20
80.0215298321339
 10
47.50865828381746
 20
80.03806023374436
 10
47.464301631587006
 20
80.05903936782582
 10
47.4222148834902
 20
80.08426519384872
 10
47.38280335791818
 20
80.11349477331864
 10
47.346446609406726
 20
80.14644660940672
 10
47.31349477331863
 20
80.18280335791817
 10
47.28426519384873
 20
80.2222148834902
 10
47.25903936782583
 20
80.264301631587
 10
47.238060233744356
 20
80.30865828381745
 10
47.221529832133896
 20
80.35485766137276
 10
47.20960735979839
 20
80.40245483899193
 10
47.20240763666391
 20
80.45099142983521
 10
47.2
 20
80.5
 10
47.2
 20
81.9
 10
47.20240763666391
 20
81.94900857016479
 10
47.20960735979839
 20
81.99754516100808
 10
47.221529832133896
 20
82.04514233862724
 10
47.238060233744356
 20
82.09134171618255
 10
47.25903936782583
 20
82.135698368413
 10
47.28426519384873
 20
82.17778511650981
 10
47.31349477331863
 20
82.21719664208183
 10
47.346446609406726
 20
82.25355339059328
 10
47.38280335791818
 20
82.28650522668137
 10
47.4222148834902
 20
82.31573480615128
 10
47.464301631587006
 20
82.34096063217419
 10
47.50865828381746
 20
82.36193976625565
 10
47.55485766137277
 20
82.37847016786611
 10
47.60245483899194
 20
82.39039264020163
 10
47.65099142983522
 20
82.3975923633361
 10
47.7
 20
82.4
 10
49.10000000000001
 20
82.4
 10
49.14900857016479
 20
82.3975923633361
 10
49.19754516100807
 20
82.39039264020163
 10
49.24514233862724
 20
82.37847016786611
 10
49.29134171618255
 20
82.36193976625565
 10
49.335698368413006
 20
82.34096063217419
 10
49.37778511650981
 20
82.31573480615128
 10
49.417196642081834
 20
82.28650522668137
 10
49.453553390593285
 20
82.25355339059328
 10
49.48650522668138
 20
82.21719664208183
 10
49.51573480615128
 20
82.17778511650981
 10
49.54096063217418
 20
82.135698368413
 10
49.561939766255655
 20
82.09134171618255
 10
49.578470167866115
 20
82.04514233862724
 10
49.59039264020162
 20
81.99754516100808
 10
49.597592363336105
 20
81.94900857016479
 10
49.60000000000001
 20
81.9
 10
49.60000000000001
 20
80.5
 10
49.597592363336105
 20
80.45099142983521
 10
49.59039264020162
 20
80.40245483899193
 10
49.578470167866115
 20
80.35485766137276
 10
49.561939766255655
 20
80.30865828381745
 10
49.54096063217418
 20
80.264301631587
 10
49.51573480615128
 20
80.2222148834902
 10
49.48650522668138
 20
80.18280335791817
 10
49.453553390593285
 20
80.14644660940672
 10
49.417196642081834
 20
80.11349477331864
 10
49.37778511650981
 20
80.08426519384872
 10
49.335698368413006
 20
80.05903936782582
 10
49.29134171618255
 20
80.03806023374436
 10
49.24514233862724
 20
80.0215298321339
 10
49.19754516100807
 20
80.00960735979838
  0
LWPOLYLINE
  5
BA
330
17
100
AcDbEntity
  8
CUT
100
AcDbPolyline
 90
68
 70
1
 10
25.149008570164785
 20
88.0024076366639
 10
25.100000000000005
 20
88.0
 10
23.700000000000006
 20
88.0
 10
23.650991429835226
 20
88.0024076366639
 10
23.602454838991942
 20
88.00960735979838
 10
23.554857661372775
 20
88.0215298321339
 10
23.50865828381746
 20
88.03806023374436
 10
23.46430163158701
 20
88.05903936782582
 10
23.422214883490206
 20
88.08426519384872
 10
23.382803357918185
 20
88.11349477331864
 10
23.346446609406733
 20
88.14644660940672
 10
23.313494773318638
 20
88.18280335791817
 10
23.284265193848732
 20
88.2222148834902
 10
23.259039367825828
 20
88.264301631587
 10
23.238060233744363
 20
88.30865828381745
 10
23.221529832133903
 20
88.35485766137276
 10
23.20960735979839
 20
88.40245483899193
 10
23.202407636663906
 20
88.45099142983521
 10
23.200000000000006
 20
88.5
 10
23.200000000000006
 20
89.9
 10
23.202407636663906
 20
89.94900857016479
 10
23.20960735979839
 20
89.99754516100808
 10
23.221529832133903
 20
90.04514233862724
 10
23.238060233744363
 20
90.09134171618255
 10
23.259039367825828
 20
90.135698368413
 10
23.284265193848732
 20
90.17778511650981
 10
23.313494773318638
 20
90.21719664208183
 10
23.346446609406733
 20
90.25355339059328
 10
23.382803357918185
 20
90.28650522668137
 10
23.422214883490206
 20
90.31573480615128
 10
23.46430163158701
 20
90.34096063217419
 10
23.50865828381746
 20
90.36193976625565
 10
23.554857661372775
 20
90.37847016786611
 10
23.602454838991942
 20
90.39039264020163
 10
23.650991429835226
 20
90.3975923633361
 10
23.700000000000006
 20
90.4
 10
25.100000000000005
 20
90.4
 10
25.149008570164785
 20
90.3975923633361
 10
25.19754516100807
 20
90.39039264020163
 10
25.245142338627236
 20
90.37847016786611
 10
25.29134171618255
 20
90.36193976625565
 10
25.335698368413002
 20
90.34096063217419
 10
25.377785116509806
 20
90.31573480615128
 10
25.417196642081826
 20
90.28650522668137
 10
25.453553390593278
 20
90.25355339059328
 10
25.486505226681373
 20
90.21719664208183
 10
25.51573480615128
 20
90.17778511650981
 10
25.540960632174183
 20
90.135698368413
 10
25.561939766255648
 20
90.09134171618255
 10
25.578470167866108
 20
90.04514233862724
 10
25.59039264020162
 20
89.99754516100808
 10
25.597592363336105
 20
89.94900857016479
 10
25.600000000000005
 20
89.9
 10
25.600000000000005
 20
88.5
 10
25.597592363336105
 20
88.45099142983521
 10
25.59039264020162
 20
88.40245483899193
 10
25.578470167866108
 20
88.35485766137276
 10
25.561939766255648
 20
88.30865828381745
 10
25.540960632174183
 20
88.264301631587
 10
25.51573480615128
 20
88.2222148834902
 10
25.486505226681373
 20
88.18280335791817
 10
25.453553390593278
 20
88.14644660940672
 10
25.417196642081826
 20
88.11349477331864
 10
25.377785116509806
 20
88.08426519384872
 10
25.335698368413002
 20
88.05903936782582
 10
25.29134171618255
 20
88.03806023374436
 10
25.245142338627236
 20
88.0215298321339
 10
25.19754516100807
 20
88.00960735979838
  0
LWPOLYLINE
  5
BB
330
17
100
AcDbEntity
  8
CUT
100
AcDbPolyline
 90
68
 70
1
 10
41.60000000000001
 20
87.2
 10
39.2
 20
87.2
 10
39.121586287736356
 20
87.20385221866225
 10
39.0439277423871
 20
87.21537177567741
 10
38.96777225819643
 20
87.23444773141424
 10
38.89385325410793
 20
87.26089637399097
 10
38.8228826105392
 20
87.29446298852132
 10
38.755543813584325
 20
87.33482431015797
 10
38.69248537266908
 20
87.38159163730981
 10
38.634314575050766
 20
87.43431457505076
 10
38.58159163730981
 20
87.49248537266908
 10
38.534824310157965
 20
87.55554381358432
 10
38.49446298852132
 20
87.62288261053921
 10
38.46089637399098
 20
87.69385325410792
 10
38.43444773141424
 20
87.76777225819643
 10
38.41537177567742
 20
87.8439277423871
 10
38.403852218662244
 20
87.92158628773635
 10
38.400000000000006
 20
88.0
 10
38.400000000000006
 20
90.4
 10
38.403852218662244
 20
90.47841371226366
 10
38.41537177567742
 20
90.55607225761291
 10
38.43444773141424
 20
90.63222774180358
 10
38.46089637399098
 20
90.70614674589208
 10
38.49446298852132
 20
90.7771173894608
 10
38.534824310157965
 20
90.84445618641568
 10
38.58159163730981
 20
90.90751462733093
 10
38.634314575050766
 20
90.96568542494924
 10
38.69248537266909
 20
91.0184083626902
 10
38.755543813584325
 20
91.06517568984204
 10
38.8228826105392
 20
91.10553701147869
 10
38.89385325410793
 20
91.13910362600903
 10
38.96777225819643
 20
91.16555226858577
 10
39.0439277423871
 20
91.1846282243226
 10
39.121586287736356
 20
91.19614778133776
 10
39.2
 20
91.2
 10
41.60000000000001
 20
91.2
 10
41.678413712263655
 20
91.19614778133776
 10
41.756072257612914
 20
91.1846282243226
 10
41.83222774180358
 20
91.16555226858577
 10
41.90614674589208
 20
91.13910362600903
 10
41.97711738946081
 20
91.10553701147869
 10
42.044456186415694
 20
91.06517568984204
 10
42.10751462733092
 20
91.0184083626902
 10
42.165685424949245
 20
90.96568542494924
 10
42.2184083626902
 20
90.90751462733093
 10
42.265175689842046
 20
90.84445618641568
 10
42.30553701147869
 20
90.7771173894608
 10
42.339103626009035
 20
90.70614674589208
 10
42.36555226858577
 20
90.63222774180358
 10
42.38462822432259
 20
90.55607225761291
 10
42.39614778133777
 20
90.47841371226366
 10
42.400000000000006
 20
90.4
 10
42.400000000000006
 20
88.0
 10
42.39614778133777
 20
87.92158628773635
 10
42.38462822432259
 20
87.8439277423871
 10
42.36555226858577
 20
87.76777225819643
 10
42.339103626009035
 20
87.69385325410792
 10
42.30553701147869
 20
87.62288261053921
 10
42.265175689842046
 20
87.55554381358432
 10
42.2184083626902
 20
87.49248537266908
 10
42.165685424949245
 20
87.43431457505076
 10
42.10751462733092
 20
87.38159163730981
 10
42.044456186415694
 20
87.33482431015797
 10
41.97711738946081
 20
87.29446298852132
 10
41.90614674589208
 20
87.26089637399097
 10
41.83222774180358
 20
87.23444773141424
 10
41.756072257612914
 20
87.21537177567741
 10
41.678413712263655
 20
87.20385221866225
  0
LWPOLYLINE
  5
BC
330
17
100
AcDbEntity
  8
CUT
100
AcDbPolyline
 90
68
 70
1
 10
9.197545161008069
 20
88.00960735979838
 10
9.149008570164785
 20
88.0024076366639
 10
9.100000000000005
 20
88.0
 10
7.7000000000000055
 20
88.0
 10
7.6509914298352255
 20
88.0024076366639
 10
7.6024548389919415
 20
88.00960735979838
 10
7.5548576613727745
 20
88.0215298321339
 10
7.508658283817461
 20
88.03806023374436
 10
7.4643016315870065
 20
88.05903936782582
 10
7.422214883490204
 20
88.08426519384872
 10
7.382803357918182
 20
88.11349477331864
 10
7.3464466094067316
 20
88.14644660940672
 10
7.313494773318637
 20
88.18280335791817
 10
7.284265193848733
 20
88.2222148834902
 10
7.259039367825828
 20
88.264301631587
 10
7.2380602337443625
 20
88.30865828381745
 10
7.221529832133901
 20
88.35485766137276
 10
7.20960735979839
 20
88.40245483899193
 10
7.202407636663907
 20
88.45099142983521
 10
7.2000000000000055
 20
88.5
 10
7.2000000000000055
 20
89.9
 10
7.202407636663907
 20
89.94900857016479
 10
7.20960735979839
 20
89.99754516100808
 10
7.221529832133901
 20
90.04514233862724
 10
7.2380602337443625
 20
90.09134171618255
 10
7.259039367825828
 20
90.135698368413
 10
7.284265193848733
 20
90.17778511650981
 10
7.313494773318637
 20
90.21719664208183
 10
7.3464466094067316
 20
90.25355339059328
 10
7.382803357918183
 20
90.28650522668137
 10
7.422214883490205
 20
90.31573480615128
 10
7.4643016315870065
 20
90.34096063217419
 10
7.508658283817461
 20
90.36193976625565
 10
7.5548576613727745
 20
90.37847016786611
 10
7.6024548389919415
 20
90.39039264020163
 10
7.6509914298352255
 20
90.3975923633361
 10
7.7000000000000055
 20
90.4
 10
9.100000000000005
 20
90.4
 10
9.149008570164785
 20
90.3975923633361
 10
9.197545161008069
 20
90.39039264020163
 10
9.245142338627236
 20
90.37847016786611
 10
9.29134171618255
 20
90.36193976625565
 10
9.335698368413004
 20
90.34096063217419
 10
9.377785116509806
 20
90.31573480615128
 10
9.417196642081828
 20
90.28650522668137
 10
9.453553390593278
 20
90.25355339059328
 10
9.486505226681373
 20
90.21719664208183
 10
9.515734806151277
 20
90.17778511650981
 10
9.540960632174183
 20
90.135698368413
 10
9.561939766255648
 20
90.09134171618255
 10
9.57847016786611
 20
90.04514233862724
 10
9.590392640201621
 20
89.99754516100808
 10
9.597592363336103
 20
89.94900857016479
 10
9.600000000000005
 20
89.9
 10
9.600000000000005
 20
88.5
 10
9.597592363336103
 20
88.45099142983521
 10
9.590392640201621
 20
88.40245483899193
 10
9.57847016786611
 20
88.35485766137276
 10
9.561939766255648
 20
88.30865828381745
 10
9.540960632174183
 20
88.264301631587
 10
9.515734806151277
 20
88.2222148834902
 10
9.486505226681373
 20
88.18280335791817
 10
9.453553390593278
 20
88.14644660940672
 10
9.417196642081828
 20
88.11349477331864
 10
9.377785116509806
 20
88.08426519384872
 10
9.335698368413004
 20
88.05903936782582
 10
9.29134171618255
 20
88.03806023374436
 10
9.245142338627236
 20
88.0215298321339
  0
LWPOLYLINE
  5
BD
330
17
100
AcDbEntity
  8
CUT
100
AcDbPolyline
 90
68
 70
1
 10
17.100000000000005
 20
88.0
 10
15.700000000000006
 20
88.0
 10
15.650991429835226
 20
88.0024076366639
 10
15.602454838991942
 20
88.00960735979838
 10
15.554857661372775
 20
88.0215298321339
 10
15.50865828381746
 20
88.03806023374436
 10
15.464301631587007
 20
88.05903936782582
 10
15.422214883490206
 20
88.08426519384872
 10
15.382803357918183
 20
88.11349477331864
 10
15.346446609406733
 20
88.14644660940672
 10
15.313494773318638
 20
88.18280335791817
 10
15.284265193848734
 20
88.2222148834902
 10
15.259039367825828
 20
88.264301631587
 10
15.238060233744363
 20
88.30865828381745
 10
15.221529832133902
 20
88.35485766137276
 10
15.20960735979839
 20
88.40245483899193
 10
15.202407636663908
 20
88.45099142983521
 10
15.200000000000006
 20
88.5
 10
15.200000000000006
 20
89.9
 10
15.202407636663908
 20
89.94900857016479
 10
15.20960735979839
 20
89.99754516100808
 10
15.221529832133902
 20
90.04514233862724
 10
15.238060233744363
 20
90.09134171618255
 10
15.259039367825828
 20
90.135698368413
 10
15.284265193848734
 20
90.17778511650981
 10
15.313494773318638
 20
90.21719664208183
 10
15.346446609406733
 20
90.25355339059328
 10
15.382803357918183
 20
90.28650522668137
 10
15.422214883490206
 20
90.31573480615128
 10
15.464301631587007
 20
90.34096063217419
 10
15.50865828381746
 20
90.36193976625565
 10
15.554857661372775
 20
90.37847016786611
 10
15.602454838991942
 20
90.39039264020163
 10
15.650991429835226
 20
90.3975923633361
 10
15.700000000000006
 20
90.4
 10
17.100000000000005
 20
90.4
 10
17.149008570164785
 20
90.3975923633361
 10
17.19754516100807
 20
90.39039264020163
 10
17.245142338627236
 20
90.37847016786611
 10
17.29134171618255
 20
90.36193976625565
 10
17.335698368413002
 20
90.34096063217419
 10
17.377785116509806
 20
90.31573480615128
 10
17.417196642081826
 20
90.28650522668137
 10
17.453553390593278
 20
90.25355339059328
 10
17.486505226681373
 20
90.21719664208183
 10
17.51573480615128
 20
90.17778511650981
 10
17.540960632174183
 20
90.135698368413
 10
17.561939766255648
 20
90.09134171618255
 10
17.578470167866108
 20
90.04514233862724
 10
17.59039264020162
 20
89.99754516100808
 10
17.597592363336105
 20
89.94900857016479
 10
17.600000000000005
 20
89.9
 10
17.600000000000005
 20
88.5
 10
17.597592363336105
 20
88.45099142983521
 10
17.59039264020162
 20
88.40245483899193
 10
17.578470167866108
 20
88.35485766137276
 10
17.561939766255648
 20
88.30865828381745
 10
17.540960632174183
 20
88.264301631587
 10
17.51573480615128
 20
88.2222148834902
 10
17.486505226681373
 20
88.18280335791817
 10
17.453553390593278
 20
88.14644660940672
 10
17.417196642081826
 20
88.11349477331864
 10
17.377785116509806
 20
88.08426519384872
 10
17.335698368413002
 20
88.05903936782582
 10
17.29134171618255
 20
88.03806023374436
 10
17.245142338627236
 20
88.0215298321339
 10
17.19754516100807
 20
88.00960735979838
 10
17.149008570164785
 20
88.0024076366639
  0
LWPOLYLINE
  5
BE
330
17
100
AcDbEntity
  8
CUT
100
AcDbPolyline
 90
68
 70
1
 10
33.10000000000001
 20
88.0
 10
31.700000000000006
 20
88.0
 10
31.650991429835226
 20
88.0024076366639
 10
31.602454838991942
 20
88.00960735979838
 10
31.554857661372775
 20
88.0215298321339
 10
31.50865828381746
 20
88.03806023374436
 10
31.46430163158701
 20
88.05903936782582
 10
31.422214883490206
 20
88.08426519384872
 10
31.382803357918185
 20
88.11349477331864
 10
31.346446609406733
 20
88.14644660940672
 10
31.313494773318638
 20
88.18280335791817
 10
31.284265193848732
 20
88.2222148834902
 10
31.259039367825828
 20
88.264301631587
 10
31.238060233744363
 20
88.30865828381745
 10
31.221529832133903
 20
88.35485766137276
 10
31.20960735979839
 20
88.40245483899193
 10
31.202407636663906
 20
88.45099142983521
 10
31.200000000000006
 20
88.5
 10
31.200000000000006
 20
89.9
 10
31.202407636663906
 20
89.94900857016479
 10
31.20960735979839
 20
89.99754516100808
 10
31.221529832133903
 20
90.04514233862724
 10
31.238060233744363
 20
90.09134171618255
 10
31.259039367825828
 20
90.135698368413
 10
31.284265193848732
 20
90.17778511650981
 10
31.313494773318638
 20
90.21719664208183
 10
31.346446609406733
 20
90.25355339059328
 10
31.382803357918185
 20
90.28650522668137
 10
31.422214883490206
 20
90.31573480615128
 10
31.46430163158701
 20
90.34096063217419
 10
31.50865828381746
 20
90.36193976625565
 10
31.554857661372775
 20
90.37847016786611
 10
31.602454838991942
 20
90.39039264020163
 10
31.650991429835226
 20
90.3975923633361
 10
31.700000000000006
 20
90.4
 10
33.10000000000001
 20
90.4
 10
33.14900857016479
 20
90.3975923633361
 10
33.19754516100807
 20
90.39039264020163
 10
33.24514233862724
 20
90.37847016786611
 10
33.29134171618255
 20
90.36193976625565
 10
33.335698368413006
 20
90.34096063217419
 10
33.37778511650981
 20
90.31573480615128
 10
33.417196642081834
 20
90.28650522668137
 10
33.453553390593285
 20
90.25355339059328
 10
33.48650522668138
 20
90.21719664208183
 10
33.51573480615128
 20
90.17778511650981
 10
33.54096063217418
 20
90.135698368413
 10
33.561939766255655
 20
90.09134171618255
 10
33.578470167866115
 20
90.04514233862724
 10
33.59039264020162
 20
89.99754516100808
 10
33.597592363336105
 20
89.94900857016479
 10
33.60000000000001
 20
89.9
 10
33.60000000000001
 20
88.5
 10
33.597592363336105
 20
88.45099142983521
 10
33.59039264020162
 20
88.40245483899193
 10
33.578470167866115
 20
88.35485766137276
 10
33.561939766255655
 20
88.30865828381745
 10
33.54096063217418
 20
88.264301631587
 10
33.51573480615128
 20
88.2222148834902
 10
33.48650522668138
 20
88.18280335791817
 10
33.453553390593285
 20
88.14644660940672
 10
33.417196642081834
 20
88.11349477331864
 10
33.37778511650981
 20
88.08426519384872
 10
33.335698368413006
 20
88.05903936782582
 10
33.29134171618255
 20
88.03806023374436
 10
33.24514233862724
 20
88.0215298321339
 10
33.19754516100807
 20
88.00960735979838
 10
33.14900857016479
 20
88.0024076366639
  0
LWPOLYLINE
  5
BF
330
17
100
AcDbEntity
  8
CUT
100
AcDbPolyline
 90
68
 70
1
 10
49.678413712263655
 20
87.20385221866225
 10
49.60000000000001
 20
87.2
 10
47.2
 20
87.2
 10
47.121586287736356
 20
87.20385221866225
 10
47.0439277423871
 20
87.21537177567741
 10
46.96777225819643
 20
87.23444773141424
 10
46.89385325410793
 20
87.26089637399097
 10
46.8228826105392
 20
87.29446298852132
 10
46.755543813584325
 20
87.33482431015797
 10
46.69248537266908
 20
87.38159163730981
 10
46.634314575050766
 20
87.43431457505076
 10
46.58159163730981
 20
87.49248537266908
 10
46.534824310157965
 20
87.55554381358432
 10
46.49446298852132
 20
87.62288261053921
 10
46.46089637399098
 20
87.69385325410792
 10
46.43444773141424
 20
87.76777225819643
 10
46.41537177567742
 20
87.8439277423871
 10
46.403852218662244
 20
87.92158628773635
 10
46.400000000000006
 20
88.0
 10
46.400000000000006
 20
90.4
 10
46.403852218662244
 20
90.47841371226366
 10
46.41537177567742
 20
90.55607225761291
 10
46.43444773141424
 20
90.63222774180358
 10
46.46089637399098
 20
90.70614674589208
 10
46.49446298852132
 20
90.7771173894608
 10
46.534824310157965
 20
90.84445618641568
 10
46.58159163730981
 20
90.90751462733093
 10
46.634314575050766
 20
90.96568542494924
 10
46.69248537266909
 20
91.0184083626902
 10
46.755543813584325
 20
91.06517568984204
 10
46.8228826105392
 20
91.10553701147869
 10
46.89385325410793
 20
91.13910362600903
 10
46.96777225819643
 20
91.16555226858577
 10
47.0439277423871
 20
91.1846282243226
 10
47.121586287736356
 20
91.19614778133776
 10
47.2
 20
91.2
 10
49.60000000000001
 20
91.2
 10
49.678413712263655
 20
91.19614778133776
 10
49.756072257612914
 20
91.1846282243226
 10
49.83222774180358
 20
91.16555226858577
 10
49.90614674589208
 20
91.13910362600903
 10
49.97711738946081
 20
91.10553701147869
 10
50.044456186415694
 20
91.06517568984204
 10
50.10751462733092
 20
91.0184083626902
 10
50.165685424949245
 20
90.96568542494924
 10
50.2184083626902
 20
90.90751462733093
 10
50.265175689842046
 20
90.84445618641568
 10
50.30553701147869
 20
90.7771173894608
 10
50.339103626009035
 20
90.70614674589208
 10
50.36555226858577
 20
90.63222774180358
 10
50.38462822432259
 20
90.55607225761291
 10
50.39614778133777
 20
90.47841371226366
 10
50.400000000000006
 20
90.4
 10
50.400000000000006
 20
88.0
 10
50.39614778133777
 20
87.92158628773635
 10
50.38462822432259
 20
87.8439277423871
 10
50.36555226858577
 20
87.76777225819643
 10
50.339103626009035
 20
87.69385325410792
 10
50.30553701147869
 20
87.62288261053921
 10
50.265175689842046
 20
87.55554381358432
 10
50.2184083626902
 20
87.49248537266908
 10
50.165685424949245
 20
87.43431457505076
 10
50.10751462733092
 20
87.38159163730981
 10
50.044456186415694
 20
87.33482431015797
 10
49.97711738946081
 20
87.29446298852132
 10
49.90614674589208
 20
87.26089637399097
 10
49.83222774180358
 20
87.23444773141424
 10
49.756072257612914
 20
87.21537177567741
  0
LWPOLYLINE
  5
C0
330
17
100
AcDbEntity
  8
CUT
100
AcDbPolyline
 90
68
 70
1
 10
33.60000000000001
 20
95.2
 10
31.200000000000006
 20
95.2
 10
31.121586287736356
 20
95.20385221866225
 10
31.043927742387105
 20
95.21537177567741
 10
30.967772258196437
 20
95.23444773141424
 10
30.893853254107935
 20
95.26089637399097
 10
30.822882610539207
 20
95.29446298852132
 10
30.755543813584325
 20
95.33482431015797
 10
30.69248537266909
 20
95.38159163730981
 10
30.63431457505077
 20
95.43431457505076
 10
30.581591637309817
 20
95.49248537266908
 10
30.53482431015797
 20
95.55554381358432
 10
30.494462988521324
 20
95.62288261053921
 10
30.460896373990977
 20
95.69385325410792
 10
30.434447731414238
 20
95.76777225819643
 10
30.41537177567742
 20
95.8439277423871
 10
30.403852218662248
 20
95.92158628773635
 10
30.400000000000006
 20
96.0
 10
30.400000000000006
 20
98.4
 10
30.403852218662248
 20
98.47841371226366
 10
30.41537177567742
 20
98.55607225761291
 10
30.434447731414238
 20
98.63222774180358
 10
30.460896373990977
 20
98.70614674589208
 10
30.494462988521324
 20
98.7771173894608
 10
30.53482431015797
 20
98.84445618641568
 10
30.581591637309817
 20
98.90751462733093
 10
30.63431457505077
 20
98.96568542494924
 10
30.69248537266909
 20
99.0184083626902
 10
30.755543813584325
 20
99.06517568984204
 10
30.822882610539207
 20
99.10553701147869
 10
30.893853254107935
 20
99.13910362600903
 10
30.967772258196437
 20
99.16555226858577
 10
31.043927742387105
 20
99.1846282243226
 10
31.121586287736356
 20
99.19614778133776
 10
31.200000000000006
 20
99.2
 10
33.60000000000001
 20
99.2
 10
33.678413712263655
 20
99.19614778133776
 10
33.756072257612914
 20
99.1846282243226
 10
33.83222774180358
 20
99.16555226858577
 10
33.90614674589208
 20
99.13910362600903
 10
33.97711738946081
 20
99.10553701147869
 10
34.044456186415694
 20
99.06517568984204
 10
34.10751462733092
 20
99.0184083626902
 10
34.165685424949245
 20
98.96568542494924
 10
34.2184083626902
 20
98.90751462733093
 10
34.265175689842046
 20
98.84445618641568
 10
34.30553701147869
 20
98.7771173894608
 10
34.339103626009035
 20
98.70614674589208
 10
34.36555226858577
 20
98.63222774180358
 10
34.38462822432259
 20
98.55607225761291
 10
34.39614778133777
 20
98.47841371226366
 10
34.400000000000006
 20
98.4
 10
34.400000000000006
 20
96.0
 10
34.39614778133777
 20
95.92158628773635
 10
34.38462822432259
 20
95.8439277423871
 10
34.36555226858577
 20
95.76777225819643
 10
34.339103626009035
 20
95.69385325410792
 10
34.30553701147869
 20
95.62288261053921
 10
34.265175689842046
 20
95.55554381358432
 10
34.2184083626902
 20
95.49248537266908
 10
34.165685424949245
 20
95.43431457505076
 10
34.10751462733092
 20
95.38159163730981
 10
34.044456186415694
 20
95.33482431015797
 10
33.97711738946081
 20
95.29446298852132
 10
33.90614674589208
 20
95.26089637399097
 10
33.83222774180358
 20
95.23444773141424
 10
33.756072257612914
 20
95.21537177567741
 10
33.678413712263655
 20
95.20385221866225
  0
LWPOLYLINE
  5
C1
330
17
100
AcDbEntity
  8
CUT
100
AcDbPolyline
 90
68
 70
1
 10
17.100000000000005
 20
96.0
 10
15.700000000000006
 20
96.0
 10
15.650991429835226
 20
96.0024076366639
 10
15.602454838991942
 20
96.00960735979838
 10
15.554857661372775
 20
96.0215298321339
 10
15.50865828381746
 20
96.03806023374436
 10
15.464301631587007
 20
96.05903936782582
 10
15.422214883490206
 20
96.08426519384872
 10
15.382803357918183
 20
96.11349477331864
 10
15.346446609406733
 20
96.14644660940672
 10
15.313494773318638
 20
96.18280335791817
 10
15.284265193848734
 20
96.2222148834902
 10
15.259039367825828
 20
96.264301631587
 10
15.238060233744363
 20
96.30865828381745
 10
15.221529832133902
 20
96.35485766137276
 10
15.20960735979839
 20
96.40245483899193
 10
15.202407636663908
 20
96.45099142983521
 10
15.200000000000006
 20
96.5
 10
15.200000000000006
 20
97.9
 10
15.202407636663908
 20
97.94900857016479
 10
15.20960735979839
 20
97.99754516100808
 10
15.221529832133902
 20
98.04514233862724
 10
15.238060233744363
 20
98.09134171618255
 10
15.259039367825828
 20
98.135698368413
 10
15.284265193848734
 20
98.17778511650981
 10
15.313494773318638
 20
98.21719664208183
 10
15.346446609406733
 20
98.25355339059328
 10
15.382803357918183
 20
98.28650522668137
 10
15.422214883490206
 20
98.31573480615128
 10
15.464301631587007
 20
98.34096063217419
 10
15.50865828381746
 20
98.36193976625565
 10
15.554857661372775
 20
98.37847016786611
 10
15.602454838991942
 20
98.39039264020163
 10
15.650991429835226
 20
98.3975923633361
 10
15.700000000000006
 20
98.4
 10
17.100000000000005
 20
98.4
 10
17.149008570164785
 20
98.3975923633361
 10
17.19754516100807
 20
98.39039264020163
 10
17.245142338627236
 20
98.37847016786611
 10
17.29134171618255
 20
98.36193976625565
 10
17.335698368413002
 20
98.34096063217419
 10
17.377785116509806
 20
98.31573480615128
 10
17.417196642081826
 20
98.28650522668137
 10
17.453553390593278
 20
98.25355339059328
 10
17.486505226681373
 20
98.21719664208183
 10
17.51573480615128
 20
98.17778511650981
 10
17.540960632174183
 20
98.135698368413
 10
17.561939766255648
 20
98.09134171618255
 10
17.578470167866108
 20
98.04514233862724
 10
17.59039264020162
 20
97.99754516100808
 10
17.597592363336105
 20
97.94900857016479
 10
17.600000000000005
 20
97.9
 10
17.600000000000005
 20
96.5
 10
17.597592363336105
 20
96.45099142983521
 10
17.59039264020162
 20
96.40245483899193
 10
17.578470167866108
 20
96.35485766137276
 10
17.561939766255648
 20
96.30865828381745
 10
17.540960632174183
 20
96.264301631587
 10
17.51573480615128
 20
96.2222148834902
 10
17.486505226681373
 20
96.18280335791817
 10
17.453553390593278
 20
96.14644660940672
 10
17.417196642081826
 20
96.11349477331864
 10
17.377785116509806
 20
96.08426519384872
 10
17.335698368413002
 20
96.05903936782582
 10
17.29134171618255
 20
96.03806023374436
 10
17.245142338627236
 20
96.0215298321339
 10
17.19754516100807
 20
96.00960735979838
 10
17.149008570164785
 20
96.0024076366639
  0
LWPOLYLINE
  5
C2
330
17
100
AcDbEntity
  8
CUT
100
AcDbPolyline
 90
68
 70
1
 10
9.100000000000005
 20
96.0
 10
7.7000000000000055
 20
96.0
 10
7.6509914298352255
 20
96.0024076366639
 10
7.6024548389919415
 20
96.00960735979838
 10
7.5548576613727745
 20
96.0215298321339
 10
7.508658283817461
 20
96.03806023374436
 10
7.4643016315870065
 20
96.05903936782582
 10
7.422214883490204
 20
96.08426519384872
 10
7.382803357918182
 20
96.11349477331864
 10
7.3464466094067316
 20
96.14644660940672
 10
7.313494773318637
 20
96.18280335791817
 10
7.284265193848733
 20
96.2222148834902
 10
7.259039367825828
 20
96.264301631587
 10
7.2380602337443625
 20
96.30865828381745
 10
7.221529832133901
 20
96.35485766137276
 10
7.20960735979839
 20
96.40245483899193
 10
7.202407636663907
 20
96.45099142983521
 10
7.2000000000000055
 20
96.5
 10
7.2000000000000055
 20
97.9
 10
7.202407636663907
 20
97.94900857016479
 10
7.20960735979839
 20
97.99754516100808
 10
7.221529832133901
 20
98.04514233862724
 10
7.2380602337443625
 20
98.09134171618255
 10
7.259039367825828
 20
98.135698368413
 10
7.284265193848733
 20
98.17778511650981
 10
7.313494773318637
 20
98.21719664208183
 10
7.3464466094067316
 20
98.25355339059328
 10
7.382803357918183
 20
98.28650522668137
 10
7.422214883490205
 20
98.31573480615128
 10
7.4643016315870065
 20
98.34096063217419
 10
7.508658283817461
 20
98.36193976625565
 10
7.5548576613727745
 20
98.37847016786611
 10
7.6024548389919415
 20
98.39039264020163
 10
7.6509914298352255
 20
98.3975923633361
 10
7.7000000000000055
 20
98.4
 10
9.100000000000005
 20
98.4
 10
9.149008570164785
 20
98.3975923633361
 10
9.197545161008069
 20
98.39039264020163
 10
9.245142338627236
 20
98.37847016786611
 10
9.29134171618255
 20
98.36193976625565
 10
9.335698368413004
 20
98.34096063217419
 10
9.377785116509806
 20
98.31573480615128
 10
9.417196642081828
 20
98.28650522668137
 10
9.453553390593278
 20
98.25355339059328
 10
9.486505226681373
 20
98.21719664208183
 10
9.515734806151277
 20
98.17778511650981
 10
9.540960632174183
 20
98.135698368413
 10
9.561939766255648
 20
98.09134171618255
 10
9.57847016786611
 20
98.04514233862724
 10
9.590392640201621
 20
97.99754516100808
 10
9.597592363336103
 20
97.94900857016479
 10
9.600000000000005
 20
97.9
 10
9.600000000000005
 20
96.5
 10
9.597592363336103
 20
96.45099142983521
 10
9.590392640201621
 20
96.40245483899193
 10
9.57847016786611
 20
96.35485766137276
 10
9.561939766255648
 20
96.30865828381745
 10
9.540960632174183
 20
96.264301631587
 10
9.515734806151277
 20
96.2222148834902
 10
9.486505226681373
 20
96.18280335791817
 10
9.453553390593278
 20
96.14644660940672
 10
9.417196642081828
 20
96.11349477331864
 10
9.377785116509806
 20
96.08426519384872
 10
9.335698368413004
 20
96.05903936782582
 10
9.29134171618255
 20
96.03806023374436
 10
9.245142338627236
 20
96.0215298321339
 10
9.197545161008069
 20
96.00960735979838
 10
9.149008570164785
 20
96.0024076366639
  0
LWPOLYLINE
  5
C3
330
17
100
AcDbEntity
  8
CUT
100
AcDbPolyline
 90
68
 70
1
 10
42.2
 20
94.3
 10
38.60000000000001
 20
94.3
 10
38.492181145637495
 20
94.30529680066057
 10
38.38540064578227
 20
94.32113619155643
 10
38.2806868550201
 20
94.34736563069457
 10
38.17904822439841
 20
94.38373251423758
 10
38.08146358949141
 20
94.4298866092168
 10
37.98887274367845
 20
94.4853834264672
 10
37.90216738742
 20
94.54968850130098
 10
37.822182540694804
 20
94.6221825406948
 10
37.749688501300994
 20
94.70216738741998
 10
37.68538342646721
 20
94.78887274367843
 10
37.62988660921682
 20
94.88146358949139
 10
37.583732514237596
 20
94.9790482243984
 10
37.54736563069458
 20
95.08068685502008
 10
37.52113619155646
 20
95.18540064578225
 10
37.505296800660595
 20
95.29218114563747
 10
37.50000000000001
 20
95.39999999999999
 10
37.50000000000001
 20
99.00000000000001
 10
37.505296800660595
 20
99.10781885436253
 10
37.52113619155646
 20
99.21459935421775
 10
37.54736563069458
 20
99.31931314497993
 10
37.583732514237596
 20
99.42095177560161
 10
37.62988660921682
 20
99.51853641050862
 10
37.68538342646721
 20
99.61112725632158
 10
37.749688501300994
 20
99.69783261258003
 10
37.822182540694804
 20
99.77781745930521
 10
37.90216738742
 20
99.85031149869903
 10
37.98887274367845
 20
99.91461657353281
 10
38.08146358949141
 20
99.97011339078321
 10
38.17904822439841
 20
100.01626748576243
 10
38.2806868550201
 20
100.05263436930544
 10
38.38540064578227
 20
100.07886380844357
 10
38.49218114563749
 20
100.09470319933943
 10
38.60000000000001
 20
100.10000000000001
 10
42.2
 20
100.10000000000001
 10
42.30781885436252
 20
100.09470319933943
 10
42.41459935421774
 20
100.07886380844357
 10
42.51931314497991
 20
100.05263436930544
 10
42.620951775601604
 20
100.01626748576243
 10
42.7185364105086
 20
99.97011339078321
 10
42.81112725632156
 20
99.91461657353281
 10
42.89783261258001
 20
99.85031149869903
 10
42.97781745930521
 20
99.77781745930521
 10
43.05031149869902
 20
99.69783261258003
 10
43.1146165735328
 20
99.61112725632158
 10
43.17011339078319
 20
99.51853641050862
 10
43.216267485762415
 20
99.42095177560161
 10
43.25263436930543
 20
99.31931314497993
 10
43.27886380844355
 20
99.21459935421775
 10
43.294703199339416
 20
99.10781885436253
 10
43.300000000000004
 20
99.00000000000001
 10
43.300000000000004
 20
95.39999999999999
 10
43.294703199339416
 20
95.29218114563747
 10
43.27886380844355
 20
95.18540064578225
 10
43.25263436930543
 20
95.08068685502008
 10
43.216267485762415
 20
94.9790482243984
 10
43.17011339078319
 20
94.88146358949139
 10
43.1146165735328
 20
94.78887274367843
 10
43.05031149869902
 20
94.70216738741998
 10
42.97781745930521
 20
94.6221825406948
 10
42.89783261258001
 20
94.54968850130098
 10
42.81112725632156
 20
94.4853834264672
 10
42.7185364105086
 20
94.4298866092168
 10
42.620951775601604
 20
94.38373251423758
 10
42.51931314497991
 20
94.34736563069457
 10
42.41459935421774
 20
94.32113619155643
 10
42.30781885436252
 20
94.30529680066057
  0
LWPOLYLINE
  5
C4
330
17
100
AcDbEntity
  8
CUT
100
AcDbPolyline
 90
68
 70
1
 10
25.678413712263655
 20
95.20385221866225
 10
25.600000000000005
 20
95.2
 10
23.200000000000006
 20
95.2
 10
23.121586287736356
 20
95.20385221866225
 10
23.043927742387105
 20
95.21537177567741
 10
22.967772258196437
 20
95.23444773141424
 10
22.893853254107935
 20
95.26089637399097
 10
22.822882610539207
 20
95.29446298852132
 10
22.755543813584325
 20
95.33482431015797
 10
22.69248537266909
 20
95.38159163730981
 10
22.63431457505077
 20
95.43431457505076
 10
22.581591637309817
 20
95.49248537266908
 10
22.53482431015797
 20
95.55554381358432
 10
22.494462988521324
 20
95.62288261053921
 10
22.460896373990977
 20
95.69385325410792
 10
22.434447731414238
 20
95.76777225819643
 10
22.41537177567742
 20
95.8439277423871
 10
22.403852218662248
 20
95.92158628773635
 10
22.400000000000006
 20
96.0
 10
22.400000000000006
 20
98.4
 10
22.403852218662248
 20
98.47841371226366
 10
22.41537177567742
 20
98.55607225761291
 10
22.434447731414238
 20
98.63222774180358
 10
22.460896373990977
 20
98.70614674589208
 10
22.494462988521324
 20
98.7771173894608
 10
22.53482431015797
 20
98.84445618641568
 10
22.581591637309817
 20
98.90751462733093
 10
22.63431457505077
 20
98.96568542494924
 10
22.69248537266909
 20
99.0184083626902
 10
22.755543813584325
 20
99.06517568984204
 10
22.822882610539207
 20
99.10553701147869
 10
22.893853254107935
 20
99.13910362600903
 10
22.967772258196437
 20
99.16555226858577
 10
23.043927742387105
 20
99.1846282243226
 10
23.121586287736356
 20
99.19614778133776
 10
23.200000000000006
 20
99.2
 10
25.600000000000005
 20
99.2
 10
25.678413712263655
 20
99.19614778133776
 10
25.756072257612907
 20
99.1846282243226
 10
25.832227741803575
 20
99.16555226858577
 10
25.906146745892077
 20
99.13910362600903
 10
25.977117389460805
 20
99.10553701147869
 10
26.044456186415687
 20
99.06517568984204
 10
26.10751462733092
 20
99.0184083626902
 10
26.165685424949242
 20
98.96568542494924
 10
26.218408362690194
 20
98.90751462733093
 10
26.265175689842042
 20
98.84445618641568
 10
26.305537011478688
 20
98.7771173894608
 10
26.339103626009035
 20
98.70614674589208
 10
26.365552268585773
 20
98.63222774180358
 10
26.38462822432259
 20
98.55607225761291
 10
26.396147781337763
 20
98.47841371226366
 10
26.400000000000006
 20
98.4
 10
26.400000000000006
 20
96.0
 10
26.396147781337763
 20
95.92158628773635
 10
26.38462822432259
 20
95.8439277423871
 10
26.365552268585773
 20
95.76777225819643
 10
26.339103626009035
 20
95.69385325410792
 10
26.305537011478688
 20
95.62288261053921
 10
26.265175689842042
 20
95.55554381358432
 10
26.218408362690194
 20
95.49248537266908
 10
26.165685424949242
 20
95.43431457505076
 10
26.10751462733092
 20
95.38159163730981
 10
26.044456186415687
 20
95.33482431015797
 10
25.977117389460805
 20
95.29446298852132
 10
25.906146745892077
 20
95.26089637399097
 10
25.832227741803575
 20
95.23444773141424
 10
25.756072257612907
 20
95.21537177567741
  0
LWPOLYLINE
  5
C5
330
17
100
AcDbEntity
  8
CUT
100
AcDbPolyline
 90
68
 70
1
 10
50.2
 20
94.3
 10
46.60000000000001
 20
94.3
 10
46.492181145637495
 20
94.30529680066057
 10
46.38540064578227
 20
94.32113619155643
 10
46.2806868550201
 20
94.34736563069457
 10
46.17904822439841
 20
94.38373251423758
 10
46.08146358949141
 20
94.4298866092168
 10
45.98887274367845
 20
94.4853834264672
 10
45.90216738742
 20
94.54968850130098
 10
45.822182540694804
 20
94.6221825406948
 10
45.749688501300994
 20
94.70216738741998
 10
45.68538342646721
 20
94.78887274367843
 10
45.62988660921682
 20
94.88146358949139
 10
45.583732514237596
 20
94.9790482243984
 10
45.54736563069458
 20
95.08068685502008
 10
45.52113619155646
 20
95.18540064578225
 10
45.505296800660595
 20
95.29218114563747
 10
45.50000000000001
 20
95.39999999999999
 10
45.50000000000001
 20
99.00000000000001
 10
45.505296800660595
 20
99.10781885436253
 10
45.52113619155646
 20
99.21459935421775
 10
45.54736563069458
 20
99.31931314497993
 10
45.583732514237596
 20
99.42095177560161
 10
45.62988660921682
 20
99.51853641050862
 10
45.68538342646721
 20
99.61112725632158
 10
45.749688501300994
 20
99.69783261258003
 10
45.822182540694804
 20
99.77781745930521
 10
45.90216738742
 20
99.85031149869903
 10
45.98887274367845
 20
99.91461657353281
 10
46.08146358949141
 20
99.97011339078321
 10
46.17904822439841
 20
100.01626748576243
 10
46.2806868550201
 20
100.05263436930544
 10
46.38540064578227
 20
100.07886380844357
 10
46.49218114563749
 20
100.09470319933943
 10
46.60000000000001
 20
100.10000000000001
 10
50.2
 20
100.10000000000001
 10
50.30781885436252
 20
100.09470319933943
 10
50.41459935421774
 20
100.07886380844357
 10
50.51931314497991
 20
100.05263436930544
 10
50.620951775601604
 20
100.01626748576243
 10
50.7185364105086
 20
99.97011339078321
 10
50.81112725632156
 20
99.91461657353281
 10
50.89783261258001
 20
99.85031149869903
 10
50.97781745930521
 20
99.77781745930521
 10
51.05031149869902
 20
99.69783261258003
 10
51.1146165735328
 20
99.61112725632158
 10
51.17011339078319
 20
99.51853641050862
 10
51.216267485762415
 20
99.42095177560161
 10
51.25263436930543
 20
99.31931314497993
 10
51.27886380844355
 20
99.21459935421775
 10
51.294703199339416
 20
99.10781885436253
 10
51.300000000000004
 20
99.00000000000001
 10
51.300000000000004
 20
95.39999999999999
 10
51.294703199339416
 20
95.29218114563747
 10
51.27886380844355
 20
95.18540064578225
 10
51.25263436930543
 20
95.08068685502008
 10
51.216267485762415
 20
94.9790482243984
 10
51.17011339078319
 20
94.88146358949139
 10
51.1146165735328
 20
94.78887274367843
 10
51.05031149869902
 20
94.70216738741998
 10
50.97781745930521
 20
94.6221825406948
 10
50.89783261258001
 20
94.54968850130098
 10
50.81112725632156
 20
94.4853834264672
 10
50.7185364105086
 20
94.4298866092168
 10
50.620951775601604
 20
94.38373251423758
 10
50.51931314497991
 20
94.34736563069457
 10
50.41459935421774
 20
94.32113619155643
 10
50.30781885436252
 20
94.30529680066057
  0
LWPOLYLINE
  5
C6
330
17
100
AcDbEntity
  8
CUT
100
AcDbPolyline
 90
68
 70
1
 10
17.149008570164785
 20
104.0024076366639
 10
17.100000000000005
 20
104.0
 10
15.700000000000006
 20
104.0
 10
15.650991429835226
 20
104.0024076366639
 10
15.602454838991942
 20
104.00960735979838
 10
15.554857661372775
 20
104.0215298321339
 10
15.50865828381746
 20
104.03806023374436
 10
15.464301631587007
 20
104.05903936782582
 10
15.422214883490206
 20
104.08426519384872
 10
15.382803357918183
 20
104.11349477331864
 10
15.346446609406733
 20
104.14644660940672
 10
15.313494773318638
 20
104.18280335791817
 10
15.284265193848734
 20
104.2222148834902
 10
15.259039367825828
 20
104.264301631587
 10
15.238060233744363
 20
104.30865828381745
 10
15.221529832133902
 20
104.35485766137276
 10
15.20960735979839
 20
104.40245483899193
 10
15.202407636663908
 20
104.45099142983521
 10
15.200000000000006
 20
104.5
 10
15.200000000000006
 20
105.9
 10
15.202407636663908
 20
105.94900857016479
 10
15.20960735979839
 20
105.99754516100808
 10
15.221529832133902
 20
106.04514233862724
 10
15.238060233744363
 20
106.09134171618255
 10
15.259039367825828
 20
106.135698368413
 10
15.284265193848734
 20
106.17778511650981
 10
15.313494773318638
 20
106.21719664208183
 10
15.346446609406733
 20
106.25355339059328
 10
15.382803357918183
 20
106.28650522668137
 10
15.422214883490206
 20
106.31573480615128
 10
15.464301631587007
 20
106.34096063217419
 10
15.50865828381746
 20
106.36193976625565
 10
15.554857661372775
 20
106.37847016786611
 10
15.602454838991942
 20
106.39039264020163
 10
15.650991429835226
 20
106.3975923633361
 10
15.700000000000006
 20
106.4
 10
17.100000000000005
 20
106.4
 10
17.149008570164785
 20
106.3975923633361
 10
17.19754516100807
 20
106.39039264020163
 10
17.245142338627236
 20
106.37847016786611
 10
17.29134171618255
 20
106.36193976625565
 10
17.335698368413002
 20
106.34096063217419
 10
17.377785116509806
 20
106.31573480615128
 10
17.417196642081826
 20
106.28650522668137
 10
17.453553390593278
 20
106.25355339059328
 10
17.486505226681373
 20
106.21719664208183
 10
17.51573480615128
 20
106.17778511650981
 10
17.540960632174183
 20
106.135698368413
 10
17.561939766255648
 20
106.09134171618255
 10
17.578470167866108
 20
106.04514233862724
 10
17.59039264020162
 20
105.99754516100808
 10
17.597592363336105
 20
105.94900857016479
 10
17.600000000000005
 20
105.9
 10
17.600000000000005
 20
104.5
 10
17.597592363336105
 20
104.45099142983521
 10
17.59039264020162
 20
104.40245483899193
 10
17.578470167866108
 20
104.35485766137276
 10
17.561939766255648
 20
104.30865828381745
 10
17.540960632174183
 20
104.264301631587
 10
17.51573480615128
 20
104.2222148834902
 10
17.486505226681373
 20
104.18280335791817
 10
17.453553390593278
 20
104.14644660940672
 10
17.417196642081826
 20
104.11349477331864
 10
17.377785116509806
 20
104.08426519384872
 10
17.335698368413002
 20
104.05903936782582
 10
17.29134171618255
 20
104.03806023374436
 10
17.245142338627236
 20
104.0215298321339
 10
17.19754516100807
 20
104.00960735979838
  0
LWPOLYLINE
  5
C7
330
17
100
AcDbEntity
  8
CUT
100
AcDbPolyline
 90
68
 70
1
 10
9.100000000000005
 20
104.0
 10
7.7000000000000055
 20
104.0
 10
7.6509914298352255
 20
104.0024076366639
 10
7.6024548389919415
 20
104.00960735979838
 10
7.5548576613727745
 20
104.0215298321339
 10
7.508658283817461
 20
104.03806023374436
 10
7.4643016315870065
 20
104.05903936782582
 10
7.422214883490204
 20
104.08426519384872
 10
7.382803357918182
 20
104.11349477331864
 10
7.3464466094067316
 20
104.14644660940672
 10
7.313494773318637
 20
104.18280335791817
 10
7.284265193848733
 20
104.2222148834902
 10
7.259039367825828
 20
104.264301631587
 10
7.2380602337443625
 20
104.30865828381745
 10
7.221529832133901
 20
104.35485766137276
 10
7.20960735979839
 20
104.40245483899193
 10
7.202407636663907
 20
104.45099142983521
 10
7.2000000000000055
 20
104.5
 10
7.2000000000000055
 20
105.9
 10
7.202407636663907
 20
105.94900857016479
 10
7.20960735979839
 20
105.99754516100808
 10
7.221529832133901
 20
106.04514233862724
 10
7.2380602337443625
 20
106.09134171618255
 10
7.259039367825828
 20
106.135698368413
 10
7.284265193848733
 20
106.17778511650981
 10
7.313494773318637
 20
106.21719664208183
 10
7.3464466094067316
 20
106.25355339059328
 10
7.382803357918183
 20
106.28650522668137
 10
7.422214883490205
 20
106.31573480615128
 10
7.4643016315870065
 20
106.34096063217419
 10
7.508658283817461
 20
106.36193976625565
 10
7.5548576613727745
 20
106.37847016786611
 10
7.6024548389919415
 20
106.39039264020163
 10
7.6509914298352255
 20
106.3975923633361
 10
7.7000000000000055
 20
106.4
 10
9.100000000000005
 20
106.4
 10
9.149008570164785
 20
106.3975923633361
 10
9.197545161008069
 20
106.39039264020163
 10
9.245142338627236
 20
106.37847016786611
 10
9.29134171618255
 20
106.36193976625565
 10
9.335698368413004
 20
106.34096063217419
 10
9.377785116509806
 20
106.31573480615128
 10
9.417196642081828
 20
106.28650522668137
 10
9.453553390593278
 20
106.25355339059328
 10
9.486505226681373
 20
106.21719664208183
 10
9.515734806151277
 20
106.17778511650981
 10
9.540960632174183
 20
106.135698368413
 10
9.561939766255648
 20
106.09134171618255
 10
9.57847016786611
 20
106.04514233862724
 10
9.590392640201621
 20
105.99754516100808
 10
9.597592363336103
 20
105.94900857016479
 10
9.600000000000005
 20
105.9
 10
9.600000000000005
 20
104.5
 10
9.597592363336103
 20
104.45099142983521
 10
9.590392640201621
 20
104.40245483899193
 10
9.57847016786611
 20
104.35485766137276
 10
9.561939766255648
 20
104.30865828381745
 10
9.540960632174183
 20
104.264301631587
 10
9.515734806151277
 20
104.2222148834902
 10
9.486505226681373
 20
104.18280335791817
 10
9.453553390593278
 20
104.14644660940672
 10
9.417196642081828
 20
104.11349477331864
 10
9.377785116509806
 20
104.08426519384872
 10
9.335698368413004
 20
104.05903936782582
 10
9.29134171618255
 20
104.03806023374436
 10
9.245142338627236
 20
104.0215298321339
 10
9.197545161008069
 20
104.00960735979838
 10
9.149008570164785
 20
104.0024076366639
  0
LWPOLYLINE
  5
C8
330
17
100
AcDbEntity
  8
CUT
100
AcDbPolyline
 90
68
 70
1
 10
25.678413712263655
 20
103.20385221866225
 10
25.600000000000005
 20
103.2
 10
23.200000000000006
 20
103.2
 10
23.121586287736356
 20
103.20385221866225
 10
23.043927742387105
 20
103.21537177567741
 10
22.967772258196437
 20
103.23444773141424
 10
22.893853254107935
 20
103.26089637399097
 10
22.822882610539207
 20
103.29446298852132
 10
22.755543813584325
 20
103.33482431015797
 10
22.69248537266909
 20
103.38159163730981
 10
22.63431457505077
 20
103.43431457505076
 10
22.581591637309817
 20
103.49248537266908
 10
22.53482431015797
 20
103.55554381358432
 10
22.494462988521324
 20
103.62288261053921
 10
22.460896373990977
 20
103.69385325410792
 10
22.434447731414238
 20
103.76777225819643
 10
22.41537177567742
 20
103.8439277423871
 10
22.403852218662248
 20
103.92158628773635
 10
22.400000000000006
 20
104.0
 10
22.400000000000006
 20
106.4
 10
22.403852218662248
 20
106.47841371226366
 10
22.41537177567742
 20
106.55607225761291
 10
22.434447731414238
 20
106.63222774180358
 10
22.460896373990977
 20
106.70614674589208
 10
22.494462988521324
 20
106.7771173894608
 10
22.53482431015797
 20
106.84445618641568
 10
22.581591637309817
 20
106.90751462733093
 10
22.63431457505077
 20
106.96568542494924
 10
22.69248537266909
 20
107.0184083626902
 10
22.755543813584325
 20
107.06517568984204
 10
22.822882610539207
 20
107.10553701147869
 10
22.893853254107935
 20
107.13910362600903
 10
22.967772258196437
 20
107.16555226858577
 10
23.043927742387105
 20
107.1846282243226
 10
23.121586287736356
 20
107.19614778133776
 10
23.200000000000006
 20
107.2
 10
25.600000000000005
 20
107.2
 10
25.678413712263655
 20
107.19614778133776
 10
25.756072257612907
 20
107.1846282243226
 10
25.832227741803575
 20
107.16555226858577
 10
25.906146745892077
 20
107.13910362600903
 10
25.977117389460805
 20
107.10553701147869
 10
26.044456186415687
 20
107.06517568984204
 10
26.10751462733092
 20
107.0184083626902
 10
26.165685424949242
 20
106.96568542494924
 10
26.218408362690194
 20
106.90751462733093
 10
26.265175689842042
 20
106.84445618641568
 10
26.305537011478688
 20
106.7771173894608
 10
26.339103626009035
 20
106.70614674589208
 10
26.365552268585773
 20
106.63222774180358
 10
26.38462822432259
 20
106.55607225761291
 10
26.396147781337763
 20
106.47841371226366
 10
26.400000000000006
 20
106.4
 10
26.400000000000006
 20
104.0
 10
26.396147781337763
 20
103.92158628773635
 10
26.38462822432259
 20
103.8439277423871
 10
26.365552268585773
 20
103.76777225819643
 10
26.339103626009035
 20
103.69385325410792
 10
26.305537011478688
 20
103.62288261053921
 10
26.265175689842042
 20
103.55554381358432
 10
26.218408362690194
 20
103.49248537266908
 10
26.165685424949242
 20
103.43431457505076
 10
26.10751462733092
 20
103.38159163730981
 10
26.044456186415687
 20
103.33482431015797
 10
25.977117389460805
 20
103.29446298852132
 10
25.906146745892077
 20
103.26089637399097
 10
25.832227741803575
 20
103.23444773141424
 10
25.756072257612907
 20
103.21537177567741
  0
LWPOLYLINE
  5
C9
330
17
100
AcDbEntity
  8
CUT
100
AcDbPolyline
 90
68
 70
1
 10
33.678413712263655
 20
103.20385221866225
 10
33.60000000000001
 20
103.2
 10
31.200000000000006
 20
103.2
 10
31.121586287736356
 20
103.20385221866225
 10
31.043927742387105
 20
103.21537177567741
 10
30.967772258196437
 20
103.23444773141424
 10
30.893853254107935
 20
103.26089637399097
 10
30.822882610539207
 20
103.29446298852132
 10
30.755543813584325
 20
103.33482431015797
 10
30.69248537266909
 20
103.38159163730981
 10
30.63431457505077
 20
103.43431457505076
 10
30.581591637309817
 20
103.49248537266908
 10
30.53482431015797
 20
103.55554381358432
 10
30.494462988521324
 20
103.62288261053921
 10
30.460896373990977
 20
103.69385325410792
 10
30.434447731414238
 20
103.76777225819643
 10
30.41537177567742
 20
103.8439277423871
 10
30.403852218662248
 20
103.92158628773635
 10
30.400000000000006
 20
104.0
 10
30.400000000000006
 20
106.4
 10
30.403852218662248
 20
106.47841371226366
 10
30.41537177567742
 20
106.55607225761291
 10
30.434447731414238
 20
106.63222774180358
 10
30.460896373990977
 20
106.70614674589208
 10
30.494462988521324
 20
106.7771173894608
 10
30.53482431015797
 20
106.84445618641568
 10
30.581591637309817
 20
106.90751462733093
 10
30.63431457505077
 20
106.96568542494924
 10
30.69248537266909
 20
107.0184083626902
 10
30.755543813584325
 20
107.06517568984204
 10
30.822882610539207
 20
107.10553701147869
 10
30.893853254107935
 20
107.13910362600903
 10
30.967772258196437
 20
107.16555226858577
 10
31.043927742387105
 20
107.1846282243226
 10
31.121586287736356
 20
107.19614778133776
 10
31.200000000000006
 20
107.2
 10
33.60000000000001
 20
107.2
 10
33.678413712263655
 20
107.19614778133776
 10
33.756072257612914
 20
107.1846282243226
 10
33.83222774180358
 20
107.16555226858577
 10
33.90614674589208
 20
107.13910362600903
 10
33.97711738946081
 20
107.10553701147869
 10
34.044456186415694
 20
107.06517568984204
 10
34.10751462733092
 20
107.0184083626902
 10
34.165685424949245
 20
106.96568542494924
 10
34.2184083626902
 20
106.90751462733093
 10
34.265175689842046
 20
106.84445618641568
 10
34.30553701147869
 20
106.7771173894608
 10
34.339103626009035
 20
106.70614674589208
 10
34.36555226858577
 20
106.63222774180358
 10
34.38462822432259
 20
106.55607225761291
 10
34.39614778133777
 20
106.47841371226366
 10
34.400000000000006
 20
106.4
 10
34.400000000000006
 20
104.0
 10
34.39614778133777
 20
103.92158628773635
 10
34.38462822432259
 20
103.8439277423871
 10
34.36555226858577
 20
103.76777225819643
 10
34.339103626009035
 20
103.69385325410792
 10
34.30553701147869
 20
103.62288261053921
 10
34.265175689842046
 20
103.55554381358432
 10
34.2184083626902
 20
103.49248537266908
 10
34.165685424949245
 20
103.43431457505076
 10
34.10751462733092
 20
103.38159163730981
 10
34.044456186415694
 20
103.33482431015797
 10
33.97711738946081
 20
103.29446298852132
 10
33.90614674589208
 20
103.26089637399097
 10
33.83222774180358
 20
103.23444773141424
 10
33.756072257612914
 20
103.21537177567741
  0
LWPOLYLINE
  5
CA
330
17
100
AcDbEntity
  8
CUT
100
AcDbPolyline
 90
68
 70
1
 10
73.1490085701648
 20
16.002407636663904
 10
73.10000000000001
 20
16.000000000000004
 10
71.7
 20
16.000000000000004
 10
71.65099142983522
 20
16.002407636663904
 10
71.60245483899193
 20
16.009607359798387
 10
71.55485766137276
 20
16.0215298321339
 10
71.50865828381745
 20
16.03806023374436
 10
71.464301631587
 20
16.059039367825825
 10
71.4222148834902
 20
16.08426519384873
 10
71.38280335791818
 20
16.113494773318635
 10
71.34644660940673
 20
16.14644660940673
 10
71.31349477331864
 20
16.182803357918182
 10
71.28426519384873
 20
16.222214883490203
 10
71.25903936782582
 20
16.264301631587006
 10
71.23806023374436
 20
16.308658283817458
 10
71.2215298321339
 20
16.354857661372773
 10
71.20960735979838
 20
16.40245483899194
 10
71.2024076366639
 20
16.450991429835224
 10
71.2
 20
16.500000000000004
 10
71.2
 20
17.900000000000002
 10
71.2024076366639
 20
17.949008570164782
 10
71.20960735979838
 20
17.997545161008066
 10
71.2215298321339
 20
18.045142338627233
 10
71.23806023374436
 20
18.091341716182548
 10
71.25903936782582
 20
18.135698368413
 10
71.28426519384873
 20
18.177785116509803
 10
71.31349477331864
 20
18.217196642081824
 10
71.34644660940673
 20
18.253553390593275
 10
71.38280335791818
 20
18.28650522668137
 10
71.4222148834902
 20
18.315734806151276
 10
71.464301631587
 20
18.34096063217418
 10
71.50865828381745
 20
18.361939766255645
 10
71.55485766137276
 20
18.378470167866105
 10
71.60245483899193
 20
18.39039264020162
 10
71.65099142983522
 20
18.397592363336102
 10
71.7
 20
18.400000000000002
 10
73.10000000000001
 20
18.400000000000002
 10
73.1490085701648
 20
18.397592363336102
 10
73.19754516100808
 20
18.39039264020162
 10
73.24514233862725
 20
18.378470167866105
 10
73.29134171618256
 20
18.361939766255645
 10
73.335698368413
 20
18.34096063217418
 10
73.37778511650981
 20
18.315734806151276
 10
73.41719664208183
 20
18.28650522668137
 10
73.45355339059329
 20
18.253553390593275
 10
73.48650522668137
 20
18.217196642081824
 10
73.51573480615129
 20
18.177785116509803
 10
73.54096063217419
 20
18.135698368413
 10
73.56193976625565
 20
18.091341716182548
 10
73.57847016786612
 20
18.045142338627233
 10
73.59039264020163
 20
17.997545161008066
 10
73.5975923633361
 20
17.949008570164782
 10
73.60000000000001
 20
17.900000000000002
 10
73.60000000000001
 20
16.500000000000004
 10
73.5975923633361
 20
16.450991429835224
 10
73.59039264020163
 20
16.40245483899194
 10
73.57847016786612
 20
16.354857661372773
 10
73.56193976625565
 20
16.308658283817458
 10
73.54096063217419
 20
16.264301631587006
 10
73.51573480615129
 20
16.222214883490203
 10
73.48650522668137
 20
16.182803357918182
 10
73.45355339059329
 20
16.14644660940673
 10
73.41719664208183
 20
16.113494773318635
 10
73.37778511650981
 20
16.08426519384873
 10
73.335698368413
 20
16.059039367825825
 10
73.29134171618256
 20
16.03806023374436
 10
73.24514233862725
 20
16.0215298321339
 10
73.19754516100808
 20
16.009607359798387
  0
LWPOLYLINE
  5
CB
330
17
100
AcDbEntity
  8
CUT
100
AcDbPolyline
 90
68
 70
1
 10
105.10000000000001
 20
16.000000000000004
 10
103.7
 20
16.000000000000004
 10
103.65099142983522
 20
16.002407636663904
 10
103.60245483899193
 20
16.009607359798387
 10
103.55485766137276
 20
16.0215298321339
 10
103.50865828381745
 20
16.03806023374436
 10
103.464301631587
 20
16.059039367825825
 10
103.4222148834902
 20
16.08426519384873
 10
103.38280335791818
 20
16.113494773318635
 10
103.34644660940673
 20
16.14644660940673
 10
103.31349477331864
 20
16.182803357918182
 10
103.28426519384873
 20
16.222214883490203
 10
103.25903936782582
 20
16.264301631587006
 10
103.23806023374436
 20
16.308658283817458
 10
103.2215298321339
 20
16.354857661372773
 10
103.20960735979838
 20
16.40245483899194
 10
103.2024076366639
 20
16.450991429835224
 10
103.2
 20
16.500000000000004
 10
103.2
 20
17.900000000000002
 10
103.2024076366639
 20
17.949008570164782
 10
103.20960735979838
 20
17.997545161008066
 10
103.2215298321339
 20
18.045142338627233
 10
103.23806023374436
 20
18.091341716182548
 10
103.25903936782582
 20
18.135698368413
 10
103.28426519384873
 20
18.177785116509803
 10
103.31349477331864
 20
18.217196642081824
 10
103.34644660940673
 20
18.253553390593275
 10
103.38280335791818
 20
18.28650522668137
 10
103.4222148834902
 20
18.315734806151276
 10
103.464301631587
 20
18.34096063217418
 10
103.50865828381745
 20
18.361939766255645
 10
103.55485766137276
 20
18.378470167866105
 10
103.60245483899193
 20
18.39039264020162
 10
103.65099142983522
 20
18.397592363336102
 10
103.7
 20
18.400000000000002
 10
105.10000000000001
 20
18.400000000000002
 10
105.1490085701648
 20
18.397592363336102
 10
105.19754516100808
 20
18.39039264020162
 10
105.24514233862725
 20
18.378470167866105
 10
105.29134171618256
 20
18.361939766255645
 10
105.335698368413
 20
18.34096063217418
 10
105.37778511650981
 20
18.315734806151276
 10
105.41719664208183
 20
18.28650522668137
 10
105.45355339059329
 20
18.253553390593275
 10
105.48650522668137
 20
18.217196642081824
 10
105.51573480615129
 20
18.177785116509803
 10
105.54096063217419
 20
18.135698368413
 10
105.56193976625565
 20
18.091341716182548
 10
105.57847016786612
 20
18.045142338627233
 10
105.59039264020163
 20
17.997545161008066
 10
105.5975923633361
 20
17.949008570164782
 10
105.60000000000001
 20
17.900000000000002
 10
105.60000000000001
 20
16.500000000000004
 10
105.5975923633361
 20
16.450991429835224
 10
105.59039264020163
 20
16.40245483899194
 10
105.57847016786612
 20
16.354857661372773
 10
105.56193976625565
 20
16.308658283817458
 10
105.54096063217419
 20
16.264301631587006
 10
105.51573480615129
 20
16.222214883490203
 10
105.48650522668137
 20
16.182803357918182
 10
105.45355339059329
 20
16.14644660940673
 10
105.41719664208183
 20
16.113494773318635
 10
105.37778511650981
 20
16.08426519384873
 10
105.335698368413
 20
16.059039367825825
 10
105.29134171618256
 20
16.03806023374436
 10
105.24514233862725
 20
16.0215298321339
 10
105.19754516100808
 20
16.009607359798387
 10
105.1490085701648
 20
16.002407636663904
  0
LWPOLYLINE
  5
CC
330
17
100
AcDbEntity
  8
CUT
100
AcDbPolyline
 90
68
 70
1
 10
81.1490085701648
 20
16.002407636663904
 10
81.10000000000001
 20
16.000000000000004
 10
79.7
 20
16.000000000000004
 10
79.65099142983522
 20
16.002407636663904
 10
79.60245483899193
 20
16.009607359798387
 10
79.55485766137276
 20
16.0215298321339
 10
79.50865828381745
 20
16.03806023374436
 10
79.464301631587
 20
16.059039367825825
 10
79.4222148834902
 20
16.08426519384873
 10
79.38280335791818
 20
16.113494773318635
 10
79.34644660940673
 20
16.14644660940673
 10
79.31349477331864
 20
16.182803357918182
 10
79.28426519384873
 20
16.222214883490203
 10
79.25903936782582
 20
16.264301631587006
 10
79.23806023374436
 20
16.308658283817458
 10
79.2215298321339
 20
16.354857661372773
 10
79.20960735979838
 20
16.40245483899194
 10
79.2024076366639
 20
16.450991429835224
 10
79.2
 20
16.500000000000004
 10
79.2
 20
17.900000000000002
 10
79.2024076366639
 20
17.949008570164782
 10
79.20960735979838
 20
17.997545161008066
 10
79.2215298321339
 20
18.045142338627233
 10
79.23806023374436
 20
18.091341716182548
 10
79.25903936782582
 20
18.135698368413
 10
79.28426519384873
 20
18.177785116509803
 10
79.31349477331864
 20
18.217196642081824
 10
79.34644660940673
 20
18.253553390593275
 10
79.38280335791818
 20
18.28650522668137
 10
79.4222148834902
 20
18.315734806151276
 10
79.464301631587
 20
18.34096063217418
 10
79.50865828381745
 20
18.361939766255645
 10
79.55485766137276
 20
18.378470167866105
 10
79.60245483899193
 20
18.39039264020162
 10
79.65099142983522
 20
18.397592363336102
 10
79.7
 20
18.400000000000002
 10
81.10000000000001
 20
18.400000000000002
 10
81.1490085701648
 20
18.397592363336102
 10
81.19754516100808
 20
18.39039264020162
 10
81.24514233862725
 20
18.378470167866105
 10
81.29134171618256
 20
18.361939766255645
 10
81.335698368413
 20
18.34096063217418
 10
81.37778511650981
 20
18.315734806151276
 10
81.41719664208183
 20
18.28650522668137
 10
81.45355339059329
 20
18.253553390593275
 10
81.48650522668137
 20
18.217196642081824
 10
81.51573480615129
 20
18.177785116509803
 10
81.54096063217419
 20
18.135698368413
 10
81.56193976625565
 20
18.091341716182548
 10
81.57847016786612
 20
18.045142338627233
 10
81.59039264020163
 20
17.997545161008066
 10
81.5975923633361
 20
17.949008570164782
 10
81.60000000000001
 20
17.900000000000002
 10
81.60000000000001
 20
16.500000000000004
 10
81.5975923633361
 20
16.450991429835224
 10
81.59039264020163
 20
16.40245483899194
 10
81.57847016786612
 20
16.354857661372773
 10
81.56193976625565
 20
16.308658283817458
 10
81.54096063217419
 20
16.264301631587006
 10
81.51573480615129
 20
16.222214883490203
 10
81.48650522668137
 20
16.182803357918182
 10
81.45355339059329
 20
16.14644660940673
 10
81.41719664208183
 20
16.113494773318635
 10
81.37778511650981
 20
16.08426519384873
 10
81.335698368413
 20
16.059039367825825
 10
81.29134171618256
 20
16.03806023374436
 10
81.24514233862725
 20
16.0215298321339
 10
81.19754516100808
 20
16.009607359798387
  0
LWPOLYLINE
  5
CD
330
17
100
AcDbEntity
  8
CUT
100
AcDbPolyline
 90
68
 70
1
 10
121.10000000000001
 20
16.000000000000004
 10
119.7
 20
16.000000000000004
 10
119.65099142983522
 20
16.002407636663904
 10
119.60245483899193
 20
16.009607359798387
 10
119.55485766137276
 20
16.0215298321339
 10
119.50865828381745
 20
16.03806023374436
 10
119.464301631587
 20
16.059039367825825
 10
119.4222148834902
 20
16.08426519384873
 10
119.38280335791818
 20
16.113494773318635
 10
119.34644660940673
 20
16.14644660940673
 10
119.31349477331864
 20
16.182803357918182
 10
119.28426519384873
 20
16.222214883490203
 10
119.25903936782582
 20
16.264301631587006
 10
119.23806023374436
 20
16.308658283817458
 10
119.2215298321339
 20
16.354857661372773
 10
119.20960735979838
 20
16.40245483899194
 10
119.2024076366639
 20
16.450991429835224
 10
119.2
 20
16.500000000000004
 10
119.2
 20
17.900000000000002
 10
119.2024076366639
 20
17.949008570164782
 10
119.20960735979838
 20
17.997545161008066
 10
119.2215298321339
 20
18.045142338627233
 10
119.23806023374436
 20
18.091341716182548
 10
119.25903936782582
 20
18.135698368413
 10
119.28426519384873
 20
18.177785116509803
 10
119.31349477331864
 20
18.217196642081824
 10
119.34644660940673
 20
18.253553390593275
 10
119.38280335791818
 20
18.28650522668137
 10
119.4222148834902
 20
18.315734806151276
 10
119.464301631587
 20
18.34096063217418
 10
119.50865828381745
 20
18.361939766255645
 10
119.55485766137276
 20
18.378470167866105
 10
119.60245483899193
 20
18.39039264020162
 10
119.65099142983522
 20
18.397592363336102
 10
119.7
 20
18.400000000000002
 10
121.10000000000001
 20
18.400000000000002
 10
121.1490085701648
 20
18.397592363336102
 10
121.19754516100808
 20
18.39039264020162
 10
121.24514233862725
 20
18.378470167866105
 10
121.29134171618256
 20
18.361939766255645
 10
121.335698368413
 20
18.34096063217418
 10
121.37778511650981
 20
18.315734806151276
 10
121.41719664208183
 20
18.28650522668137
 10
121.45355339059329
 20
18.253553390593275
 10
121.48650522668137
 20
18.217196642081824
 10
121.51573480615129
 20
18.177785116509803
 10
121.54096063217419
 20
18.135698368413
 10
121.56193976625565
 20
18.091341716182548
 10
121.57847016786612
 20
18.045142338627233
 10
121.59039264020163
 20
17.997545161008066
 10
121.5975923633361
 20
17.949008570164782
 10
121.60000000000001
 20
17.900000000000002
 10
121.60000000000001
 20
16.500000000000004
 10
121.5975923633361
 20
16.450991429835224
 10
121.59039264020163
 20
16.40245483899194
 10
121.57847016786612
 20
16.354857661372773
 10
121.56193976625565
 20
16.308658283817458
 10
121.54096063217419
 20
16.264301631587006
 10
121.51573480615129
 20
16.222214883490203
 10
121.48650522668137
 20
16.182803357918182
 10
121.45355339059329
 20
16.14644660940673
 10
121.41719664208183
 20
16.113494773318635
 10
121.37778511650981
 20
16.08426519384873
 10
121.335698368413
 20
16.059039367825825
 10
121.29134171618256
 20
16.03806023374436
 10
121.24514233862725
 20
16.0215298321339
 10
121.19754516100808
 20
16.009607359798387
 10
121.1490085701648
 20
16.002407636663904
  0
LWPOLYLINE
  5
CE
330
17
100
AcDbEntity
  8
CUT
100
AcDbPolyline
 90
68
 70
1
 10
113.10000000000001
 20
16.000000000000004
 10
111.7
 20
16.000000000000004
 10
111.65099142983522
 20
16.002407636663904
 10
111.60245483899193
 20
16.009607359798387
 10
111.55485766137276
 20
16.0215298321339
 10
111.50865828381745
 20
16.03806023374436
 10
111.464301631587
 20
16.059039367825825
 10
111.4222148834902
 20
16.08426519384873
 10
111.38280335791818
 20
16.113494773318635
 10
111.34644660940673
 20
16.14644660940673
 10
111.31349477331864
 20
16.182803357918182
 10
111.28426519384873
 20
16.222214883490203
 10
111.25903936782582
 20
16.264301631587006
 10
111.23806023374436
 20
16.308658283817458
 10
111.2215298321339
 20
16.354857661372773
 10
111.20960735979838
 20
16.40245483899194
 10
111.2024076366639
 20
16.450991429835224
 10
111.2
 20
16.500000000000004
 10
111.2
 20
17.900000000000002
 10
111.2024076366639
 20
17.949008570164782
 10
111.20960735979838
 20
17.997545161008066
 10
111.2215298321339
 20
18.045142338627233
 10
111.23806023374436
 20
18.091341716182548
 10
111.25903936782582
 20
18.135698368413
 10
111.28426519384873
 20
18.177785116509803
 10
111.31349477331864
 20
18.217196642081824
 10
111.34644660940673
 20
18.253553390593275
 10
111.38280335791818
 20
18.28650522668137
 10
111.4222148834902
 20
18.315734806151276
 10
111.464301631587
 20
18.34096063217418
 10
111.50865828381745
 20
18.361939766255645
 10
111.55485766137276
 20
18.378470167866105
 10
111.60245483899193
 20
18.39039264020162
 10
111.65099142983522
 20
18.397592363336102
 10
111.7
 20
18.400000000000002
 10
113.10000000000001
 20
18.400000000000002
 10
113.1490085701648
 20
18.397592363336102
 10
113.19754516100808
 20
18.39039264020162
 10
113.24514233862725
 20
18.378470167866105
 10
113.29134171618256
 20
18.361939766255645
 10
113.335698368413
 20
18.34096063217418
 10
113.37778511650981
 20
18.315734806151276
 10
113.41719664208183
 20
18.28650522668137
 10
113.45355339059329
 20
18.253553390593275
 10
113.48650522668137
 20
18.217196642081824
 10
113.51573480615129
 20
18.177785116509803
 10
113.54096063217419
 20
18.135698368413
 10
113.56193976625565
 20
18.091341716182548
 10
113.57847016786612
 20
18.045142338627233
 10
113.59039264020163
 20
17.997545161008066
 10
113.5975923633361
 20
17.949008570164782
 10
113.60000000000001
 20
17.900000000000002
 10
113.60000000000001
 20
16.500000000000004
 10
113.5975923633361
 20
16.450991429835224
 10
113.59039264020163
 20
16.40245483899194
 10
113.57847016786612
 20
16.354857661372773
 10
113.56193976625565
 20
16.308658283817458
 10
113.54096063217419
 20
16.264301631587006
 10
113.51573480615129
 20
16.222214883490203
 10
113.48650522668137
 20
16.182803357918182
 10
113.45355339059329
 20
16.14644660940673
 10
113.41719664208183
 20
16.113494773318635
 10
113.37778511650981
 20
16.08426519384873
 10
113.335698368413
 20
16.059039367825825
 10
113.29134171618256
 20
16.03806023374436
 10
113.24514233862725
 20
16.0215298321339
 10
113.19754516100808
 20
16.009607359798387
 10
113.1490085701648
 20
16.002407636663904
  0
LWPOLYLINE
  5
CF
330
17
100
AcDbEntity
  8
CUT
100
AcDbPolyline
 90
68
 70
1
 10
97.60000000000001
 20
15.200000000000003
 10
95.2
 20
15.200000000000003
 10
95.12158628773635
 20
15.203852218662245
 10
95.0439277423871
 20
15.215371775677418
 10
94.96777225819643
 20
15.234447731414237
 10
94.89385325410792
 20
15.260896373990974
 10
94.82288261053921
 20
15.29446298852132
 10
94.75554381358432
 20
15.334824310157968
 10
94.69248537266908
 20
15.381591637309814
 10
94.63431457505077
 20
15.434314575050765
 10
94.58159163730981
 20
15.492485372669087
 10
94.53482431015797
 20
15.555543813584322
 10
94.49446298852132
 20
15.622882610539206
 10
94.46089637399098
 20
15.693853254107932
 10
94.43444773141424
 20
15.767772258196434
 10
94.41537177567741
 20
15.8439277423871
 10
94.40385221866225
 20
15.921586287736355
 10
94.4
 20
16.000000000000004
 10
94.4
 20
18.400000000000002
 10
94.40385221866225
 20
18.478413712263652
 10
94.41537177567741
 20
18.556072257612904
 10
94.43444773141424
 20
18.63222774180357
 10
94.46089637399098
 20
18.706146745892074
 10
94.49446298852132
 20
18.777117389460802
 10
94.53482431015797
 20
18.844456186415684
 10
94.58159163730981
 20
18.90751462733092
 10
94.63431457505077
 20
18.96568542494924
 10
94.69248537266908
 20
19.01840836269019
 10
94.75554381358432
 20
19.06517568984204
 10
94.82288261053921
 20
19.105537011478685
 10
94.89385325410792
 20
19.13910362600903
 10
94.96777225819643
 20
19.16555226858577
 10
95.0439277423871
 20
19.184628224322587
 10
95.12158628773635
 20
19.19614778133776
 10
95.2
 20
19.200000000000003
 10
97.60000000000001
 20
19.200000000000003
 10
97.67841371226366
 20
19.19614778133776
 10
97.75607225761291
 20
19.184628224322587
 10
97.83222774180358
 20
19.16555226858577
 10
97.90614674589209
 20
19.13910362600903
 10
97.9771173894608
 20
19.105537011478685
 10
98.04445618641569
 20
19.06517568984204
 10
98.10751462733093
 20
19.01840836269019
 10
98.16568542494925
 20
18.96568542494924
 10
98.2184083626902
 20
18.90751462733092
 10
98.26517568984204
 20
18.844456186415684
 10
98.30553701147869
 20
18.777117389460802
 10
98.33910362600903
 20
18.706146745892074
 10
98.36555226858577
 20
18.63222774180357
 10
98.3846282243226
 20
18.556072257612904
 10
98.39614778133776
 20
18.478413712263652
 10
98.4
 20
18.400000000000002
 10
98.4
 20
16.000000000000004
 10
98.39614778133776
 20
15.921586287736355
 10
98.3846282243226
 20
15.8439277423871
 10
98.36555226858577
 20
15.767772258196434
 10
98.33910362600903
 20
15.693853254107932
 10
98.30553701147869
 20
15.622882610539206
 10
98.26517568984204
 20
15.555543813584322
 10
98.2184083626902
 20
15.492485372669087
 10
98.16568542494925
 20
15.434314575050765
 10
98.10751462733093
 20
15.381591637309814
 10
98.04445618641569
 20
15.334824310157968
 10
97.9771173894608
 20
15.29446298852132
 10
97.90614674589209
 20
15.260896373990974
 10
97.83222774180358
 20
15.234447731414237
 10
97.75607225761291
 20
15.215371775677418
 10
97.67841371226366
 20
15.203852218662245
  0
LWPOLYLINE
  5
D0
330
17
100
AcDbEntity
  8
CUT
100
AcDbPolyline
 90
68
 70
1
 10
89.10000000000001
 20
16.000000000000004
 10
87.7
 20
16.000000000000004
 10
87.65099142983522
 20
16.002407636663904
 10
87.60245483899193
 20
16.009607359798387
 10
87.55485766137276
 20
16.0215298321339
 10
87.50865828381745
 20
16.03806023374436
 10
87.464301631587
 20
16.059039367825825
 10
87.4222148834902
 20
16.08426519384873
 10
87.38280335791818
 20
16.113494773318635
 10
87.34644660940673
 20
16.14644660940673
 10
87.31349477331864
 20
16.182803357918182
 10
87.28426519384873
 20
16.222214883490203
 10
87.25903936782582
 20
16.264301631587006
 10
87.23806023374436
 20
16.308658283817458
 10
87.2215298321339
 20
16.354857661372773
 10
87.20960735979838
 20
16.40245483899194
 10
87.2024076366639
 20
16.450991429835224
 10
87.2
 20
16.500000000000004
 10
87.2
 20
17.900000000000002
 10
87.2024076366639
 20
17.949008570164782
 10
87.20960735979838
 20
17.997545161008066
 10
87.2215298321339
 20
18.045142338627233
 10
87.23806023374436
 20
18.091341716182548
 10
87.25903936782582
 20
18.135698368413
 10
87.28426519384873
 20
18.177785116509803
 10
87.31349477331864
 20
18.217196642081824
 10
87.34644660940673
 20
18.253553390593275
 10
87.38280335791818
 20
18.28650522668137
 10
87.4222148834902
 20
18.315734806151276
 10
87.464301631587
 20
18.34096063217418
 10
87.50865828381745
 20
18.361939766255645
 10
87.55485766137276
 20
18.378470167866105
 10
87.60245483899193
 20
18.39039264020162
 10
87.65099142983522
 20
18.397592363336102
 10
87.7
 20
18.400000000000002
 10
89.10000000000001
 20
18.400000000000002
 10
89.1490085701648
 20
18.397592363336102
 10
89.19754516100808
 20
18.39039264020162
 10
89.24514233862725
 20
18.378470167866105
 10
89.29134171618256
 20
18.361939766255645
 10
89.335698368413
 20
18.34096063217418
 10
89.37778511650981
 20
18.315734806151276
 10
89.41719664208183
 20
18.28650522668137
 10
89.45355339059329
 20
18.253553390593275
 10
89.48650522668137
 20
18.217196642081824
 10
89.51573480615129
 20
18.177785116509803
 10
89.54096063217419
 20
18.135698368413
 10
89.56193976625565
 20
18.091341716182548
 10
89.57847016786612
 20
18.045142338627233
 10
89.59039264020163
 20
17.997545161008066
 10
89.5975923633361
 20
17.949008570164782
 10
89.60000000000001
 20
17.900000000000002
 10
89.60000000000001
 20
16.500000000000004
 10
89.5975923633361
 20
16.450991429835224
 10
89.59039264020163
 20
16.40245483899194
 10
89.57847016786612
 20
16.354857661372773
 10
89.56193976625565
 20
16.308658283817458
 10
89.54096063217419
 20
16.264301631587006
 10
89.51573480615129
 20
16.222214883490203
 10
89.48650522668137
 20
16.182803357918182
 10
89.45355339059329
 20
16.14644660940673
 10
89.41719664208183
 20
16.113494773318635
 10
89.37778511650981
 20
16.08426519384873
 10
89.335698368413
 20
16.059039367825825
 10
89.29134171618256
 20
16.03806023374436
 10
89.24514233862725
 20
16.0215298321339
 10
89.19754516100808
 20
16.009607359798387
 10
89.1490085701648
 20
16.002407636663904
  0
LWPOLYLINE
  5
D1
330
17
100
AcDbEntity
  8
CUT
100
AcDbPolyline
 90
68
 70
1
 10
65.10000000000001
 20
24.000000000000004
 10
63.7
 20
24.000000000000004
 10
63.65099142983522
 20
24.002407636663904
 10
63.60245483899194
 20
24.009607359798387
 10
63.55485766137277
 20
24.0215298321339
 10
63.50865828381746
 20
24.03806023374436
 10
63.464301631587006
 20
24.059039367825825
 10
63.4222148834902
 20
24.08426519384873
 10
63.38280335791818
 20
24.113494773318635
 10
63.346446609406726
 20
24.14644660940673
 10
63.31349477331863
 20
24.182803357918182
 10
63.28426519384873
 20
24.222214883490203
 10
63.25903936782583
 20
24.264301631587006
 10
63.238060233744356
 20
24.308658283817458
 10
63.221529832133896
 20
24.354857661372773
 10
63.20960735979839
 20
24.40245483899194
 10
63.20240763666391
 20
24.450991429835224
 10
63.2
 20
24.500000000000004
 10
63.2
 20
25.900000000000002
 10
63.20240763666391
 20
25.949008570164782
 10
63.20960735979839
 20
25.997545161008066
 10
63.221529832133896
 20
26.045142338627233
 10
63.238060233744356
 20
26.091341716182548
 10
63.25903936782583
 20
26.135698368413
 10
63.28426519384873
 20
26.177785116509803
 10
63.31349477331863
 20
26.217196642081824
 10
63.346446609406726
 20
26.253553390593275
 10
63.38280335791818
 20
26.28650522668137
 10
63.4222148834902
 20
26.315734806151276
 10
63.464301631587006
 20
26.34096063217418
 10
63.50865828381746
 20
26.361939766255645
 10
63.55485766137277
 20
26.378470167866105
 10
63.60245483899194
 20
26.39039264020162
 10
63.65099142983522
 20
26.397592363336102
 10
63.7
 20
26.400000000000002
 10
65.10000000000001
 20
26.400000000000002
 10
65.1490085701648
 20
26.397592363336102
 10
65.19754516100808
 20
26.39039264020162
 10
65.24514233862725
 20
26.378470167866105
 10
65.29134171618256
 20
26.361939766255645
 10
65.335698368413
 20
26.34096063217418
 10
65.37778511650981
 20
26.315734806151276
 10
65.41719664208183
 20
26.28650522668137
 10
65.45355339059329
 20
26.253553390593275
 10
65.48650522668137
 20
26.217196642081824
 10
65.51573480615129
 20
26.177785116509803
 10
65.54096063217419
 20
26.135698368413
 10
65.56193976625565
 20
26.091341716182548
 10
65.57847016786612
 20
26.045142338627233
 10
65.59039264020163
 20
25.997545161008066
 10
65.5975923633361
 20
25.949008570164782
 10
65.60000000000001
 20
25.900000000000002
 10
65.60000000000001
 20
24.500000000000004
 10
65.5975923633361
 20
24.450991429835224
 10
65.59039264020163
 20
24.40245483899194
 10
65.57847016786612
 20
24.354857661372773
 10
65.56193976625565
 20
24.308658283817458
 10
65.54096063217419
 20
24.264301631587006
 10
65.51573480615129
 20
24.222214883490203
 10
65.48650522668137
 20
24.182803357918182
 10
65.45355339059329
 20
24.14644660940673
 10
65.41719664208183
 20
24.113494773318635
 10
65.37778511650981
 20
24.08426519384873
 10
65.335698368413
 20
24.059039367825825
 10
65.29134171618256
 20
24.03806023374436
 10
65.24514233862725
 20
24.0215298321339
 10
65.19754516100808
 20
24.009607359798387
 10
65.1490085701648
 20
24.002407636663904
  0
LWPOLYLINE
  5
D2
330
17
100
AcDbEntity
  8
CUT
100
AcDbPolyline
 90
68
 70
1
 10
57.10000000000001
 20
24.000000000000004
 10
55.7
 20
24.000000000000004
 10
55.65099142983522
 20
24.002407636663904
 10
55.60245483899194
 20
24.009607359798387
 10
55.55485766137277
 20
24.0215298321339
 10
55.50865828381746
 20
24.03806023374436
 10
55.464301631587006
 20
24.059039367825825
 10
55.4222148834902
 20
24.08426519384873
 10
55.38280335791818
 20
24.113494773318635
 10
55.346446609406726
 20
24.14644660940673
 10
55.31349477331863
 20
24.182803357918182
 10
55.28426519384873
 20
24.222214883490203
 10
55.25903936782583
 20
24.264301631587006
 10
55.238060233744356
 20
24.308658283817458
 10
55.221529832133896
 20
24.354857661372773
 10
55.20960735979839
 20
24.40245483899194
 10
55.20240763666391
 20
24.450991429835224
 10
55.2
 20
24.500000000000004
 10
55.2
 20
25.900000000000002
 10
55.20240763666391
 20
25.949008570164782
 10
55.20960735979839
 20
25.997545161008066
 10
55.221529832133896
 20
26.045142338627233
 10
55.238060233744356
 20
26.091341716182548
 10
55.25903936782583
 20
26.135698368413
 10
55.28426519384873
 20
26.177785116509803
 10
55.31349477331863
 20
26.217196642081824
 10
55.346446609406726
 20
26.253553390593275
 10
55.38280335791818
 20
26.28650522668137
 10
55.4222148834902
 20
26.315734806151276
 10
55.464301631587006
 20
26.34096063217418
 10
55.50865828381746
 20
26.361939766255645
 10
55.55485766137277
 20
26.378470167866105
 10
55.60245483899194
 20
26.39039264020162
 10
55.65099142983522
 20
26.397592363336102
 10
55.7
 20
26.400000000000002
 10
57.10000000000001
 20
26.400000000000002
 10
57.14900857016479
 20
26.397592363336102
 10
57.19754516100807
 20
26.39039264020162
 10
57.24514233862724
 20
26.378470167866105
 10
57.29134171618255
 20
26.361939766255645
 10
57.335698368413006
 20
26.34096063217418
 10
57.37778511650981
 20
26.315734806151276
 10
57.417196642081834
 20
26.28650522668137
 10
57.453553390593285
 20
26.253553390593275
 10
57.48650522668138
 20
26.217196642081824
 10
57.51573480615128
 20
26.177785116509803
 10
57.54096063217418
 20
26.135698368413
 10
57.561939766255655
 20
26.091341716182548
 10
57.578470167866115
 20
26.045142338627233
 10
57.59039264020162
 20
25.997545161008066
 10
57.597592363336105
 20
25.949008570164782
 10
57.60000000000001
 20
25.900000000000002
 10
57.60000000000001
 20
24.500000000000004
 10
57.597592363336105
 20
24.450991429835224
 10
57.59039264020162
 20
24.40245483899194
 10
57.578470167866115
 20
24.354857661372773
 10
57.561939766255655
 20
24.308658283817458
 10
57.54096063217418
 20
24.264301631587006
 10
57.51573480615128
 20
24.222214883490203
 10
57.48650522668138
 20
24.182803357918182
 10
57.453553390593285
 20
24.14644660940673
 10
57.417196642081834
 20
24.113494773318635
 10
57.37778511650981
 20
24.08426519384873
 10
57.335698368413006
 20
24.059039367825825
 10
57.29134171618255
 20
24.03806023374436
 10
57.24514233862724
 20
24.0215298321339
 10
57.19754516100807
 20
24.009607359798387
 10
57.14900857016479
 20
24.002407636663904
  0
LWPOLYLINE
  5
D3
330
17
100
AcDbEntity
  8
CUT
100
AcDbPolyline
 90
68
 70
1
 10
73.19754516100808
 20
24.009607359798387
 10
73.1490085701648
 20
24.002407636663904
 10
73.10000000000001
 20
24.000000000000004
 10
71.7
 20
24.000000000000004
 10
71.65099142983522
 20
24.002407636663904
 10
71.60245483899193
 20
24.009607359798387
 10
71.55485766137276
 20
24.0215298321339
 10
71.50865828381745
 20
24.03806023374436
 10
71.464301631587
 20
24.059039367825825
 10
71.4222148834902
 20
24.08426519384873
 10
71.38280335791818
 20
24.113494773318635
 10
71.34644660940673
 20
24.14644660940673
 10
71.31349477331864
 20
24.182803357918182
 10
71.28426519384873
 20
24.222214883490203
 10
71.25903936782582
 20
24.264301631587006
 10
71.23806023374436
 20
24.308658283817458
 10
71.2215298321339
 20
24.354857661372773
 10
71.20960735979838
 20
24.40245483899194
 10
71.2024076366639
 20
24.450991429835224
 10
71.2
 20
24.500000000000004
 10
71.2
 20
25.900000000000002
 10
71.2024076366639
 20
25.949008570164782
 10
71.20960735979838
 20
25.997545161008066
 10
71.2215298321339
 20
26.045142338627233
 10
71.23806023374436
 20
26.091341716182548
 10
71.25903936782582
 20
26.135698368413
 10
71.28426519384873
 20
26.177785116509803
 10
71.31349477331864
 20
26.217196642081824
 10
71.34644660940673
 20
26.253553390593275
 10
71.38280335791818
 20
26.28650522668137
 10
71.4222148834902
 20
26.315734806151276
 10
71.464301631587
 20
26.34096063217418
 10
71.50865828381745
 20
26.361939766255645
 10
71.55485766137276
 20
26.378470167866105
 10
71.60245483899193
 20
26.39039264020162
 10
71.65099142983522
 20
26.397592363336102
 10
71.7
 20
26.400000000000002
 10
73.10000000000001
 20
26.400000000000002
 10
73.1490085701648
 20
26.397592363336102
 10
73.19754516100808
 20
26.39039264020162
 10
73.24514233862725
 20
26.378470167866105
 10
73.29134171618256
 20
26.361939766255645
 10
73.335698368413
 20
26.34096063217418
 10
73.37778511650981
 20
26.315734806151276
 10
73.41719664208183
 20
26.28650522668137
 10
73.45355339059329
 20
26.253553390593275
 10
73.48650522668137
 20
26.217196642081824
 10
73.51573480615129
 20
26.177785116509803
 10
73.54096063217419
 20
26.135698368413
 10
73.56193976625565
 20
26.091341716182548
 10
73.57847016786612
 20
26.045142338627233
 10
73.59039264020163
 20
25.997545161008066
 10
73.5975923633361
 20
25.949008570164782
 10
73.60000000000001
 20
25.900000000000002
 10
73.60000000000001
 20
24.500000000000004
 10
73.5975923633361
 20
24.450991429835224
 10
73.59039264020163
 20
24.40245483899194
 10
73.57847016786612
 20
24.354857661372773
 10
73.56193976625565
 20
24.308658283817458
 10
73.54096063217419
 20
24.264301631587006
 10
73.51573480615129
 20
24.222214883490203
 10
73.48650522668137
 20
24.182803357918182
 10
73.45355339059329
 20
24.14644660940673
 10
73.41719664208183
 20
24.113494773318635
 10
73.37778511650981
 20
24.08426519384873
 10
73.335698368413
 20
24.059039367825825
 10
73.29134171618256
 20
24.03806023374436
 10
73.24514233862725
 20
24.0215298321339
  0
LWPOLYLINE
  5
D4
330
17
100
AcDbEntity
  8
CUT
100
AcDbPolyline
 90
68
 70
1
 10
105.10000000000001
 20
24.000000000000004
 10
103.7
 20
24.000000000000004
 10
103.65099142983522
 20
24.002407636663904
 10
103.60245483899193
 20
24.009607359798387
 10
103.55485766137276
 20
24.0215298321339
 10
103.50865828381745
 20
24.03806023374436
 10
103.464301631587
 20
24.059039367825825
 10
103.4222148834902
 20
24.08426519384873
 10
103.38280335791818
 20
24.113494773318635
 10
103.34644660940673
 20
24.14644660940673
 10
103.31349477331864
 20
24.182803357918182
 10
103.28426519384873
 20
24.222214883490203
 10
103.25903936782582
 20
24.264301631587006
 10
103.23806023374436
 20
24.308658283817458
 10
103.2215298321339
 20
24.354857661372773
 10
103.20960735979838
 20
24.40245483899194
 10
103.2024076366639
 20
24.450991429835224
 10
103.2
 20
24.500000000000004
 10
103.2
 20
25.900000000000002
 10
103.2024076366639
 20
25.949008570164782
 10
103.20960735979838
 20
25.997545161008066
 10
103.2215298321339
 20
26.045142338627233
 10
103.23806023374436
 20
26.091341716182548
 10
103.25903936782582
 20
26.135698368413
 10
103.28426519384873
 20
26.177785116509803
 10
103.31349477331864
 20
26.217196642081824
 10
103.34644660940673
 20
26.253553390593275
 10
103.38280335791818
 20
26.28650522668137
 10
103.4222148834902
 20
26.315734806151276
 10
103.464301631587
 20
26.34096063217418
 10
103.50865828381745
 20
26.361939766255645
 10
103.55485766137276
 20
26.378470167866105
 10
103.60245483899193
 20
26.39039264020162
 10
103.65099142983522
 20
26.397592363336102
 10
103.7
 20
26.400000000000002
 10
105.10000000000001
 20
26.400000000000002
 10
105.1490085701648
 20
26.397592363336102
 10
105.19754516100808
 20
26.39039264020162
 10
105.24514233862725
 20
26.378470167866105
 10
105.29134171618256
 20
26.361939766255645
 10
105.335698368413
 20
26.34096063217418
 10
105.37778511650981
 20
26.315734806151276
 10
105.41719664208183
 20
26.28650522668137
 10
105.45355339059329
 20
26.253553390593275
 10
105.48650522668137
 20
26.217196642081824
 10
105.51573480615129
 20
26.177785116509803
 10
105.54096063217419
 20
26.135698368413
 10
105.56193976625565
 20
26.091341716182548
 10
105.57847016786612
 20
26.045142338627233
 10
105.59039264020163
 20
25.997545161008066
 10
105.5975923633361
 20
25.949008570164782
 10
105.60000000000001
 20
25.900000000000002
 10
105.60000000000001
 20
24.500000000000004
 10
105.5975923633361
 20
24.450991429835224
 10
105.59039264020163
 20
24.40245483899194
 10
105.57847016786612
 20
24.354857661372773
 10
105.56193976625565
 20
24.308658283817458
 10
105.54096063217419
 20
24.264301631587006
 10
105.51573480615129
 20
24.222214883490203
 10
105.48650522668137
 20
24.182803357918182
 10
105.45355339059329
 20
24.14644660940673
 10
105.41719664208183
 20
24.113494773318635
 10
105.37778511650981
 20
24.08426519384873
 10
105.335698368413
 20
24.059039367825825
 10
105.29134171618256
 20
24.03806023374436
 10
105.24514233862725
 20
24.0215298321339
 10
105.19754516100808
 20
24.009607359798387
 10
105.1490085701648
 20
24.002407636663904
  0
LWPOLYLINE
  5
D5
330
17
100
AcDbEntity
  8
CUT
100
AcDbPolyline
 90
68
 70
1
 10
97.10000000000001
 20
24.000000000000004
 10
95.7
 20
24.000000000000004
 10
95.65099142983522
 20
24.002407636663904
 10
95.60245483899193
 20
24.009607359798387
 10
95.55485766137276
 20
24.0215298321339
 10
95.50865828381745
 20
24.03806023374436
 10
95.464301631587
 20
24.059039367825825
 10
95.4222148834902
 20
24.08426519384873
 10
95.38280335791818
 20
24.113494773318635
 10
95.34644660940673
 20
24.14644660940673
 10
95.31349477331864
 20
24.182803357918182
 10
95.28426519384873
 20
24.222214883490203
 10
95.25903936782582
 20
24.264301631587006
 10
95.23806023374436
 20
24.308658283817458
 10
95.2215298321339
 20
24.354857661372773
 10
95.20960735979838
 20
24.40245483899194
 10
95.2024076366639
 20
24.450991429835224
 10
95.2
 20
24.500000000000004
 10
95.2
 20
25.900000000000002
 10
95.2024076366639
 20
25.949008570164782
 10
95.20960735979838
 20
25.997545161008066
 10
95.2215298321339
 20
26.045142338627233
 10
95.23806023374436
 20
26.091341716182548
 10
95.25903936782582
 20
26.135698368413
 10
95.28426519384873
 20
26.177785116509803
 10
95.31349477331864
 20
26.217196642081824
 10
95.34644660940673
 20
26.253553390593275
 10
95.38280335791818
 20
26.28650522668137
 10
95.4222148834902
 20
26.315734806151276
 10
95.464301631587
 20
26.34096063217418
 10
95.50865828381745
 20
26.361939766255645
 10
95.55485766137276
 20
26.378470167866105
 10
95.60245483899193
 20
26.39039264020162
 10
95.65099142983522
 20
26.397592363336102
 10
95.7
 20
26.400000000000002
 10
97.10000000000001
 20
26.400000000000002
 10
97.1490085701648
 20
26.397592363336102
 10
97.19754516100808
 20
26.39039264020162
 10
97.24514233862725
 20
26.378470167866105
 10
97.29134171618256
 20
26.361939766255645
 10
97.335698368413
 20
26.34096063217418
 10
97.37778511650981
 20
26.315734806151276
 10
97.41719664208183
 20
26.28650522668137
 10
97.45355339059329
 20
26.253553390593275
 10
97.48650522668137
 20
26.217196642081824
 10
97.51573480615129
 20
26.177785116509803
 10
97.54096063217419
 20
26.135698368413
 10
97.56193976625565
 20
26.091341716182548
 10
97.57847016786612
 20
26.045142338627233
 10
97.59039264020163
 20
25.997545161008066
 10
97.5975923633361
 20
25.949008570164782
 10
97.60000000000001
 20
25.900000000000002
 10
97.60000000000001
 20
24.500000000000004
 10
97.5975923633361
 20
24.450991429835224
 10
97.59039264020163
 20
24.40245483899194
 10
97.57847016786612
 20
24.354857661372773
 10
97.56193976625565
 20
24.308658283817458
 10
97.54096063217419
 20
24.264301631587006
 10
97.51573480615129
 20
24.222214883490203
 10
97.48650522668137
 20
24.182803357918182
 10
97.45355339059329
 20
24.14644660940673
 10
97.41719664208183
 20
24.113494773318635
 10
97.37778511650981
 20
24.08426519384873
 10
97.335698368413
 20
24.059039367825825
 10
97.29134171618256
 20
24.03806023374436
 10
97.24514233862725
 20
24.0215298321339
 10
97.19754516100808
 20
24.009607359798387
 10
97.1490085701648
 20
24.002407636663904
  0
LWPOLYLINE
  5
D6
330
17
100
AcDbEntity
  8
CUT
100
AcDbPolyline
 90
68
 70
1
 10
89.19754516100808
 20
24.009607359798387
 10
89.1490085701648
 20
24.002407636663904
 10
89.10000000000001
 20
24.000000000000004
 10
87.7
 20
24.000000000000004
 10
87.65099142983522
 20
24.002407636663904
 10
87.60245483899193
 20
24.009607359798387
 10
87.55485766137276
 20
24.0215298321339
 10
87.50865828381745
 20
24.03806023374436
 10
87.464301631587
 20
24.059039367825825
 10
87.4222148834902
 20
24.08426519384873
 10
87.38280335791818
 20
24.113494773318635
 10
87.34644660940673
 20
24.14644660940673
 10
87.31349477331864
 20
24.182803357918182
 10
87.28426519384873
 20
24.222214883490203
 10
87.25903936782582
 20
24.264301631587006
 10
87.23806023374436
 20
24.308658283817458
 10
87.2215298321339
 20
24.354857661372773
 10
87.20960735979838
 20
24.40245483899194
 10
87.2024076366639
 20
24.450991429835224
 10
87.2
 20
24.500000000000004
 10
87.2
 20
25.900000000000002
 10
87.2024076366639
 20
25.949008570164782
 10
87.20960735979838
 20
25.997545161008066
 10
87.2215298321339
 20
26.045142338627233
 10
87.23806023374436
 20
26.091341716182548
 10
87.25903936782582
 20
26.135698368413
 10
87.28426519384873
 20
26.177785116509803
 10
87.31349477331864
 20
26.217196642081824
 10
87.34644660940673
 20
26.253553390593275
 10
87.38280335791818
 20
26.28650522668137
 10
87.4222148834902
 20
26.315734806151276
 10
87.464301631587
 20
26.34096063217418
 10
87.50865828381745
 20
26.361939766255645
 10
87.55485766137276
 20
26.378470167866105
 10
87.60245483899193
 20
26.39039264020162
 10
87.65099142983522
 20
26.397592363336102
 10
87.7
 20
26.400000000000002
 10
89.10000000000001
 20
26.400000000000002
 10
89.1490085701648
 20
26.397592363336102
 10
89.19754516100808
 20
26.39039264020162
 10
89.24514233862725
 20
26.378470167866105
 10
89.29134171618256
 20
26.361939766255645
 10
89.335698368413
 20
26.34096063217418
 10
89.37778511650981
 20
26.315734806151276
 10
89.41719664208183
 20
26.28650522668137
 10
89.45355339059329
 20
26.253553390593275
 10
89.48650522668137
 20
26.217196642081824
 10
89.51573480615129
 20
26.177785116509803
 10
89.54096063217419
 20
26.135698368413
 10
89.56193976625565
 20
26.091341716182548
 10
89.57847016786612
 20
26.045142338627233
 10
89.59039264020163
 20
25.997545161008066
 10
89.5975923633361
 20
25.949008570164782
 10
89.60000000000001
 20
25.900000000000002
 10
89.60000000000001
 20
24.500000000000004
 10
89.5975923633361
 20
24.450991429835224
 10
89.59039264020163
 20
24.40245483899194
 10
89.57847016786612
 20
24.354857661372773
 10
89.56193976625565
 20
24.308658283817458
 10
89.54096063217419
 20
24.264301631587006
 10
89.51573480615129
 20
24.222214883490203
 10
89.48650522668137
 20
24.182803357918182
 10
89.45355339059329
 20
24.14644660940673
 10
89.41719664208183
 20
24.113494773318635
 10
89.37778511650981
 20
24.08426519384873
 10
89.335698368413
 20
24.059039367825825
 10
89.29134171618256
 20
24.03806023374436
 10
89.24514233862725
 20
24.0215298321339
  0
LWPOLYLINE
  5
D7
330
17
100
AcDbEntity
  8
CUT
100
AcDbPolyline
 90
68
 70
1
 10
81.60000000000001
 20
23.200000000000003
 10
79.2
 20
23.200000000000003
 10
79.12158628773635
 20
23.203852218662245
 10
79.0439277423871
 20
23.21537177567742
 10
78.96777225819643
 20
23.234447731414235
 10
78.89385325410792
 20
23.260896373990974
 10
78.82288261053921
 20
23.29446298852132
 10
78.75554381358432
 20
23.334824310157966
 10
78.69248537266908
 20
23.381591637309814
 10
78.63431457505077
 20
23.434314575050767
 10
78.58159163730981
 20
23.492485372669087
 10
78.53482431015797
 20
23.555543813584322
 10
78.49446298852132
 20
23.622882610539204
 10
78.46089637399098
 20
23.693853254107932
 10
78.43444773141424
 20
23.767772258196434
 10
78.41537177567741
 20
23.843927742387102
 10
78.40385221866225
 20
23.921586287736353
 10
78.4
 20
24.000000000000004
 10
78.4
 20
26.400000000000002
 10
78.40385221866225
 20
26.478413712263652
 10
78.41537177567741
 20
26.556072257612904
 10
78.43444773141424
 20
26.63222774180357
 10
78.46089637399098
 20
26.706146745892074
 10
78.49446298852132
 20
26.777117389460802
 10
78.53482431015797
 20
26.844456186415684
 10
78.58159163730981
 20
26.90751462733092
 10
78.63431457505077
 20
26.96568542494924
 10
78.69248537266908
 20
27.01840836269019
 10
78.75554381358432
 20
27.06517568984204
 10
78.82288261053921
 20
27.105537011478685
 10
78.89385325410792
 20
27.13910362600903
 10
78.96777225819643
 20
27.16555226858577
 10
79.0439277423871
 20
27.184628224322587
 10
79.12158628773635
 20
27.19614778133776
 10
79.2
 20
27.200000000000003
 10
81.60000000000001
 20
27.200000000000003
 10
81.67841371226366
 20
27.19614778133776
 10
81.75607225761291
 20
27.184628224322587
 10
81.83222774180358
 20
27.16555226858577
 10
81.90614674589209
 20
27.13910362600903
 10
81.9771173894608
 20
27.105537011478685
 10
82.04445618641569
 20
27.06517568984204
 10
82.10751462733093
 20
27.01840836269019
 10
82.16568542494925
 20
26.96568542494924
 10
82.2184083626902
 20
26.90751462733092
 10
82.26517568984204
 20
26.844456186415684
 10
82.30553701147869
 20
26.777117389460802
 10
82.33910362600903
 20
26.706146745892074
 10
82.36555226858577
 20
26.63222774180357
 10
82.3846282243226
 20
26.556072257612904
 10
82.39614778133776
 20
26.478413712263652
 10
82.4
 20
26.400000000000002
 10
82.4
 20
24.000000000000004
 10
82.39614778133776
 20
23.921586287736353
 10
82.3846282243226
 20
23.843927742387102
 10
82.36555226858577
 20
23.767772258196434
 10
82.33910362600903
 20
23.693853254107932
 10
82.30553701147869
 20
23.622882610539204
 10
82.26517568984204
 20
23.555543813584322
 10
82.2184083626902
 20
23.492485372669087
 10
82.16568542494925
 20
23.434314575050767
 10
82.10751462733093
 20
23.381591637309814
 10
82.04445618641569
 20
23.334824310157966
 10
81.9771173894608
 20
23.29446298852132
 10
81.90614674589209
 20
23.260896373990974
 10
81.83222774180358
 20
23.234447731414235
 10
81.75607225761291
 20
23.21537177567742
 10
81.67841371226366
 20
23.203852218662245
  0
LWPOLYLINE
  5
D8
330
17
100
AcDbEntity
  8
CUT
100
AcDbPolyline
 90
68
 70
1
 10
65.60000000000001
 20
31.2
 10
63.2
 20
31.2
 10
63.121586287736356
 20
31.20385221866224
 10
63.0439277423871
 20
31.215371775677415
 10
62.96777225819643
 20
31.23444773141423
 10
62.89385325410793
 20
31.26089637399097
 10
62.8228826105392
 20
31.294462988521317
 10
62.755543813584325
 20
31.334824310157963
 10
62.69248537266908
 20
31.38159163730981
 10
62.634314575050766
 20
31.434314575050763
 10
62.58159163730981
 20
31.492485372669083
 10
62.534824310157965
 20
31.55554381358432
 10
62.49446298852132
 20
31.6228826105392
 10
62.46089637399098
 20
31.69385325410793
 10
62.43444773141424
 20
31.76777225819643
 10
62.41537177567742
 20
31.8439277423871
 10
62.403852218662244
 20
31.92158628773635
 10
62.400000000000006
 20
32.0
 10
62.400000000000006
 20
34.400000000000006
 10
62.403852218662244
 20
34.47841371226365
 10
62.41537177567742
 20
34.55607225761291
 10
62.43444773141424
 20
34.632227741803575
 10
62.46089637399098
 20
34.70614674589208
 10
62.49446298852132
 20
34.777117389460805
 10
62.534824310157965
 20
34.844456186415684
 10
62.58159163730981
 20
34.90751462733092
 10
62.634314575050766
 20
34.96568542494924
 10
62.69248537266909
 20
35.018408362690195
 10
62.755543813584325
 20
35.06517568984204
 10
62.8228826105392
 20
35.10553701147869
 10
62.89385325410793
 20
35.13910362600903
 10
62.96777225819643
 20
35.16555226858577
 10
63.0439277423871
 20
35.18462822432259
 10
63.121586287736356
 20
35.196147781337764
 10
63.2
 20
35.2
 10
65.60000000000001
 20
35.2
 10
65.67841371226366
 20
35.196147781337764
 10
65.75607225761291
 20
35.18462822432259
 10
65.83222774180358
 20
35.16555226858577
 10
65.90614674589209
 20
35.13910362600903
 10
65.9771173894608
 20
35.10553701147869
 10
66.04445618641569
 20
35.06517568984204
 10
66.10751462733093
 20
35.018408362690195
 10
66.16568542494925
 20
34.96568542494924
 10
66.2184083626902
 20
34.90751462733092
 10
66.26517568984204
 20
34.844456186415684
 10
66.30553701147869
 20
34.777117389460805
 10
66.33910362600903
 20
34.70614674589208
 10
66.36555226858577
 20
34.632227741803575
 10
66.3846282243226
 20
34.55607225761291
 10
66.39614778133776
 20
34.47841371226365
 10
66.4
 20
34.400000000000006
 10
66.4
 20
32.0
 10
66.39614778133776
 20
31.92158628773635
 10
66.3846282243226
 20
31.8439277423871
 10
66.36555226858577
 20
31.76777225819643
 10
66.33910362600903
 20
31.69385325410793
 10
66.30553701147869
 20
31.6228826105392
 10
66.26517568984204
 20
31.55554381358432
 10
66.2184083626902
 20
31.492485372669083
 10
66.16568542494925
 20
31.434314575050763
 10
66.10751462733093
 20
31.38159163730981
 10
66.04445618641569
 20
31.334824310157963
 10
65.9771173894608
 20
31.294462988521317
 10
65.90614674589209
 20
31.26089637399097
 10
65.83222774180358
 20
31.23444773141423
 10
65.75607225761291
 20
31.215371775677415
 10
65.67841371226366
 20
31.20385221866224
  0
LWPOLYLINE
  5
D9
330
17
100
AcDbEntity
  8
CUT
100
AcDbPolyline
 90
68
 70
1
 10
57.756072257612914
 20
39.21537177567742
 10
57.678413712263655
 20
39.20385221866224
 10
57.60000000000001
 20
39.2
 10
55.2
 20
39.2
 10
55.121586287736356
 20
39.20385221866224
 10
55.0439277423871
 20
39.21537177567742
 10
54.96777225819643
 20
39.234447731414235
 10
54.89385325410793
 20
39.260896373990974
 10
54.8228826105392
 20
39.29446298852132
 10
54.755543813584325
 20
39.33482431015796
 10
54.69248537266908
 20
39.38159163730981
 10
54.634314575050766
 20
39.43431457505076
 10
54.58159163730981
 20
39.49248537266909
 10
54.534824310157965
 20
39.55554381358432
 10
54.49446298852132
 20
39.6228826105392
 10
54.46089637399098
 20
39.69385325410793
 10
54.43444773141424
 20
39.76777225819643
 10
54.41537177567742
 20
39.843927742387095
 10
54.403852218662244
 20
39.92158628773635
 10
54.400000000000006
 20
40.0
 10
54.400000000000006
 20
42.400000000000006
 10
54.403852218662244
 20
42.47841371226365
 10
54.41537177567742
 20
42.55607225761291
 10
54.43444773141424
 20
42.632227741803575
 10
54.46089637399098
 20
42.70614674589208
 10
54.49446298852132
 20
42.777117389460805
 10
54.534824310157965
 20
42.844456186415684
 10
54.58159163730981
 20
42.90751462733092
 10
54.634314575050766
 20
42.96568542494924
 10
54.69248537266909
 20
43.018408362690195
 10
54.755543813584325
 20
43.06517568984204
 10
54.8228826105392
 20
43.10553701147869
 10
54.89385325410793
 20
43.13910362600903
 10
54.96777225819643
 20
43.16555226858577
 10
55.0439277423871
 20
43.18462822432259
 10
55.121586287736356
 20
43.196147781337764
 10
55.2
 20
43.2
 10
57.60000000000001
 20
43.2
 10
57.678413712263655
 20
43.196147781337764
 10
57.756072257612914
 20
43.18462822432259
 10
57.83222774180358
 20
43.16555226858577
 10
57.90614674589208
 20
43.13910362600903
 10
57.97711738946081
 20
43.10553701147869
 10
58.044456186415694
 20
43.06517568984204
 10
58.10751462733092
 20
43.018408362690195
 10
58.165685424949245
 20
42.96568542494924
 10
58.2184083626902
 20
42.90751462733092
 10
58.265175689842046
 20
42.844456186415684
 10
58.30553701147869
 20
42.777117389460805
 10
58.339103626009035
 20
42.70614674589208
 10
58.36555226858577
 20
42.632227741803575
 10
58.38462822432259
 20
42.55607225761291
 10
58.39614778133777
 20
42.47841371226365
 10
58.400000000000006
 20
42.400000000000006
 10
58.400000000000006
 20
40.0
 10
58.39614778133777
 20
39.92158628773635
 10
58.38462822432259
 20
39.843927742387095
 10
58.36555226858577
 20
39.76777225819643
 10
58.339103626009035
 20
39.69385325410793
 10
58.30553701147869
 20
39.6228826105392
 10
58.265175689842046
 20
39.55554381358432
 10
58.2184083626902
 20
39.49248537266909
 10
58.165685424949245
 20
39.43431457505076
 10
58.10751462733092
 20
39.38159163730981
 10
58.044456186415694
 20
39.33482431015796
 10
57.97711738946081
 20
39.29446298852132
 10
57.90614674589208
 20
39.260896373990974
 10
57.83222774180358
 20
39.234447731414235
  0
LWPOLYLINE
  5
DA
330
17
100
AcDbEntity
  8
CUT
100
AcDbPolyline
 90
68
 70
1
 10
57.60000000000001
 20
47.2
 10
55.2
 20
47.2
 10
55.121586287736356
 20
47.20385221866224
 10
55.0439277423871
 20
47.21537177567742
 10
54.96777225819643
 20
47.234447731414235
 10
54.89385325410793
 20
47.260896373990974
 10
54.8228826105392
 20
47.29446298852132
 10
54.755543813584325
 20
47.33482431015796
 10
54.69248537266908
 20
47.38159163730981
 10
54.634314575050766
 20
47.43431457505076
 10
54.58159163730981
 20
47.49248537266909
 10
54.534824310157965
 20
47.55554381358432
 10
54.49446298852132
 20
47.6228826105392
 10
54.46089637399098
 20
47.69385325410793
 10
54.43444773141424
 20
47.76777225819643
 10
54.41537177567742
 20
47.843927742387095
 10
54.403852218662244
 20
47.92158628773635
 10
54.400000000000006
 20
48.0
 10
54.400000000000006
 20
50.400000000000006
 10
54.403852218662244
 20
50.47841371226365
 10
54.41537177567742
 20
50.55607225761291
 10
54.43444773141424
 20
50.632227741803575
 10
54.46089637399098
 20
50.70614674589208
 10
54.49446298852132
 20
50.777117389460805
 10
54.534824310157965
 20
50.844456186415684
 10
54.58159163730981
 20
50.90751462733092
 10
54.634314575050766
 20
50.96568542494924
 10
54.69248537266909
 20
51.018408362690195
 10
54.755543813584325
 20
51.06517568984204
 10
54.8228826105392
 20
51.10553701147869
 10
54.89385325410793
 20
51.13910362600903
 10
54.96777225819643
 20
51.16555226858577
 10
55.0439277423871
 20
51.18462822432259
 10
55.121586287736356
 20
51.196147781337764
 10
55.2
 20
51.2
 10
57.60000000000001
 20
51.2
 10
57.678413712263655
 20
51.196147781337764
 10
57.756072257612914
 20
51.18462822432259
 10
57.83222774180358
 20
51.16555226858577
 10
57.90614674589208
 20
51.13910362600903
 10
57.97711738946081
 20
51.10553701147869
 10
58.044456186415694
 20
51.06517568984204
 10
58.10751462733092
 20
51.018408362690195
 10
58.165685424949245
 20
50.96568542494924
 10
58.2184083626902
 20
50.90751462733092
 10
58.265175689842046
 20
50.844456186415684
 10
58.30553701147869
 20
50.777117389460805
 10
58.339103626009035
 20
50.70614674589208
 10
58.36555226858577
 20
50.632227741803575
 10
58.38462822432259
 20
50.55607225761291
 10
58.39614778133777
 20
50.47841371226365
 10
58.400000000000006
 20
50.400000000000006
 10
58.400000000000006
 20
48.0
 10
58.39614778133777
 20
47.92158628773635
 10
58.38462822432259
 20
47.843927742387095
 10
58.36555226858577
 20
47.76777225819643
 10
58.339103626009035
 20
47.69385325410793
 10
58.30553701147869
 20
47.6228826105392
 10
58.265175689842046
 20
47.55554381358432
 10
58.2184083626902
 20
47.49248537266909
 10
58.165685424949245
 20
47.43431457505076
 10
58.10751462733092
 20
47.38159163730981
 10
58.044456186415694
 20
47.33482431015796
 10
57.97711738946081
 20
47.29446298852132
 10
57.90614674589208
 20
47.260896373990974
 10
57.83222774180358
 20
47.234447731414235
 10
57.756072257612914
 20
47.21537177567742
 10
57.678413712263655
 20
47.20385221866224
  0
LWPOLYLINE
  5
DB
330
17
100
AcDbEntity
  8
CUT
100
AcDbPolyline
 90
68
 70
1
 10
57.60000000000001
 20
55.2
 10
55.2
 20
55.2
 10
55.121586287736356
 20
55.20385221866224
 10
55.0439277423871
 20
55.21537177567742
 10
54.96777225819643
 20
55.234447731414235
 10
54.89385325410793
 20
55.260896373990974
 10
54.8228826105392
 20
55.29446298852132
 10
54.755543813584325
 20
55.33482431015796
 10
54.69248537266908
 20
55.38159163730981
 10
54.634314575050766
 20
55.43431457505076
 10
54.58159163730981
 20
55.49248537266909
 10
54.534824310157965
 20
55.55554381358432
 10
54.49446298852132
 20
55.6228826105392
 10
54.46089637399098
 20
55.69385325410793
 10
54.43444773141424
 20
55.76777225819643
 10
54.41537177567742
 20
55.843927742387095
 10
54.403852218662244
 20
55.92158628773635
 10
54.400000000000006
 20
56.0
 10
54.400000000000006
 20
58.400000000000006
 10
54.403852218662244
 20
58.47841371226365
 10
54.41537177567742
 20
58.55607225761291
 10
54.43444773141424
 20
58.632227741803575
 10
54.46089637399098
 20
58.70614674589208
 10
54.49446298852132
 20
58.777117389460805
 10
54.534824310157965
 20
58.844456186415684
 10
54.58159163730981
 20
58.90751462733092
 10
54.634314575050766
 20
58.96568542494924
 10
54.69248537266909
 20
59.018408362690195
 10
54.755543813584325
 20
59.06517568984204
 10
54.8228826105392
 20
59.10553701147869
 10
54.89385325410793
 20
59.13910362600903
 10
54.96777225819643
 20
59.16555226858577
 10
55.0439277423871
 20
59.18462822432259
 10
55.121586287736356
 20
59.196147781337764
 10
55.2
 20
59.2
 10
57.60000000000001
 20
59.2
 10
57.678413712263655
 20
59.196147781337764
 10
57.756072257612914
 20
59.18462822432259
 10
57.83222774180358
 20
59.16555226858577
 10
57.90614674589208
 20
59.13910362600903
 10
57.97711738946081
 20
59.10553701147869
 10
58.044456186415694
 20
59.06517568984204
 10
58.10751462733092
 20
59.018408362690195
 10
58.165685424949245
 20
58.96568542494924
 10
58.2184083626902
 20
58.90751462733092
 10
58.265175689842046
 20
58.844456186415684
 10
58.30553701147869
 20
58.777117389460805
 10
58.339103626009035
 20
58.70614674589208
 10
58.36555226858577
 20
58.632227741803575
 10
58.38462822432259
 20
58.55607225761291
 10
58.39614778133777
 20
58.47841371226365
 10
58.400000000000006
 20
58.400000000000006
 10
58.400000000000006
 20
56.0
 10
58.39614778133777
 20
55.92158628773635
 10
58.38462822432259
 20
55.843927742387095
 10
58.36555226858577
 20
55.76777225819643
 10
58.339103626009035
 20
55.69385325410793
 10
58.30553701147869
 20
55.6228826105392
 10
58.265175689842046
 20
55.55554381358432
 10
58.2184083626902
 20
55.49248537266909
 10
58.165685424949245
 20
55.43431457505076
 10
58.10751462733092
 20
55.38159163730981
 10
58.044456186415694
 20
55.33482431015796
 10
57.97711738946081
 20
55.29446298852132
 10
57.90614674589208
 20
55.260896373990974
 10
57.83222774180358
 20
55.234447731414235
 10
57.756072257612914
 20
55.21537177567742
 10
57.678413712263655
 20
55.20385221866224
  0
LWPOLYLINE
  5
DC
330
17
100
AcDbEntity
  8
CUT
100
AcDbPolyline
 90
68
 70
1
 10
153.1
 20
56.0
 10
151.70000000000002
 20
56.0
 10
151.65099142983524
 20
56.002407636663904
 10
151.60245483899195
 20
56.00960735979839
 10
151.55485766137278
 20
56.02152983213389
 10
151.50865828381748
 20
56.03806023374435
 10
151.464301631587
 20
56.059039367825825
 10
151.42221488349023
 20
56.08426519384873
 10
151.3828033579182
 20
56.113494773318635
 10
151.34644660940674
 20
56.14644660940672
 10
151.31349477331864
 20
56.182803357918175
 10
151.28426519384874
 20
56.222214883490196
 10
151.25903936782584
 20
56.264301631587
 10
151.23806023374436
 20
56.30865828381746
 10
151.2215298321339
 20
56.35485766137277
 10
151.2096073597984
 20
56.402454838991936
 10
151.2024076366639
 20
56.45099142983522
 10
151.20000000000002
 20
56.5
 10
151.20000000000002
 20
57.900000000000006
 10
151.2024076366639
 20
57.949008570164786
 10
151.2096073597984
 20
57.99754516100807
 10
151.2215298321339
 20
58.04514233862724
 10
151.23806023374436
 20
58.09134171618255
 10
151.25903936782584
 20
58.135698368413
 10
151.28426519384874
 20
58.17778511650981
 10
151.31349477331864
 20
58.21719664208183
 10
151.34644660940674
 20
58.25355339059328
 10
151.3828033579182
 20
58.28650522668138
 10
151.42221488349023
 20
58.315734806151276
 10
151.464301631587
 20
58.34096063217418
 10
151.50865828381748
 20
58.36193976625565
 10
151.55485766137278
 20
58.37847016786611
 10
151.60245483899195
 20
58.39039264020162
 10
151.65099142983524
 20
58.3975923633361
 10
151.70000000000002
 20
58.400000000000006
 10
153.1
 20
58.400000000000006
 10
153.14900857016477
 20
58.3975923633361
 10
153.19754516100807
 20
58.39039264020162
 10
153.24514233862723
 20
58.37847016786611
 10
153.29134171618253
 20
58.36193976625565
 10
153.335698368413
 20
58.34096063217418
 10
153.37778511650978
 20
58.315734806151276
 10
153.41719664208182
 20
58.28650522668137
 10
153.45355339059327
 20
58.25355339059328
 10
153.48650522668137
 20
58.21719664208183
 10
153.51573480615127
 20
58.17778511650981
 10
153.54096063217418
 20
58.135698368413
 10
153.56193976625565
 20
58.09134171618255
 10
153.5784701678661
 20
58.04514233862724
 10
153.5903926402016
 20
57.99754516100807
 10
153.5975923633361
 20
57.949008570164786
 10
153.6
 20
57.900000000000006
 10
153.6
 20
56.5
 10
153.5975923633361
 20
56.45099142983522
 10
153.5903926402016
 20
56.402454838991936
 10
153.5784701678661
 20
56.35485766137277
 10
153.56193976625565
 20
56.30865828381746
 10
153.54096063217418
 20
56.264301631587
 10
153.51573480615127
 20
56.222214883490196
 10
153.48650522668137
 20
56.182803357918175
 10
153.45355339059327
 20
56.14644660940672
 10
153.41719664208182
 20
56.113494773318635
 10
153.37778511650978
 20
56.08426519384873
 10
153.335698368413
 20
56.059039367825825
 10
153.29134171618253
 20
56.03806023374435
 10
153.24514233862723
 20
56.02152983213389
 10
153.19754516100807
 20
56.00960735979839
 10
153.14900857016477
 20
56.002407636663904
  0
LWPOLYLINE
  5
DD
330
17
100
AcDbEntity
  8
CUT
100
AcDbPolyline
 90
68
 70
1
 10
161.1
 20
56.0
 10
159.70000000000002
 20
56.0
 10
159.65099142983524
 20
56.002407636663904
 10
159.60245483899195
 20
56.00960735979839
 10
159.55485766137278
 20
56.02152983213389
 10
159.50865828381748
 20
56.03806023374435
 10
159.464301631587
 20
56.059039367825825
 10
159.42221488349023
 20
56.08426519384873
 10
159.3828033579182
 20
56.113494773318635
 10
159.34644660940674
 20
56.14644660940672
 10
159.31349477331864
 20
56.182803357918175
 10
159.28426519384874
 20
56.222214883490196
 10
159.25903936782584
 20
56.264301631587
 10
159.23806023374436
 20
56.30865828381746
 10
159.2215298321339
 20
56.35485766137277
 10
159.2096073597984
 20
56.402454838991936
 10
159.2024076366639
 20
56.45099142983522
 10
159.20000000000002
 20
56.5
 10
159.20000000000002
 20
57.900000000000006
 10
159.2024076366639
 20
57.949008570164786
 10
159.2096073597984
 20
57.99754516100807
 10
159.2215298321339
 20
58.04514233862724
 10
159.23806023374436
 20
58.09134171618255
 10
159.25903936782584
 20
58.135698368413
 10
159.28426519384874
 20
58.17778511650981
 10
159.31349477331864
 20
58.21719664208183
 10
159.34644660940674
 20
58.25355339059328
 10
159.3828033579182
 20
58.28650522668138
 10
159.42221488349023
 20
58.315734806151276
 10
159.464301631587
 20
58.34096063217418
 10
159.50865828381748
 20
58.36193976625565
 10
159.55485766137278
 20
58.37847016786611
 10
159.60245483899195
 20
58.39039264020162
 10
159.65099142983524
 20
58.3975923633361
 10
159.70000000000002
 20
58.400000000000006
 10
161.1
 20
58.400000000000006
 10
161.14900857016477
 20
58.3975923633361
 10
161.19754516100807
 20
58.39039264020162
 10
161.24514233862723
 20
58.37847016786611
 10
161.29134171618253
 20
58.36193976625565
 10
161.335698368413
 20
58.34096063217418
 10
161.37778511650978
 20
58.315734806151276
 10
161.41719664208182
 20
58.28650522668137
 10
161.45355339059327
 20
58.25355339059328
 10
161.48650522668137
 20
58.21719664208183
 10
161.51573480615127
 20
58.17778511650981
 10
161.54096063217418
 20
58.135698368413
 10
161.56193976625565
 20
58.09134171618255
 10
161.5784701678661
 20
58.04514233862724
 10
161.5903926402016
 20
57.99754516100807
 10
161.5975923633361
 20
57.949008570164786
 10
161.6
 20
57.900000000000006
 10
161.6
 20
56.5
 10
161.5975923633361
 20
56.45099142983522
 10
161.5903926402016
 20
56.402454838991936
 10
161.5784701678661
 20
56.35485766137277
 10
161.56193976625565
 20
56.30865828381746
 10
161.54096063217418
 20
56.264301631587
 10
161.51573480615127
 20
56.222214883490196
 10
161.48650522668137
 20
56.182803357918175
 10
161.45355339059327
 20
56.14644660940672
 10
161.41719664208182
 20
56.113494773318635
 10
161.37778511650978
 20
56.08426519384873
 10
161.335698368413
 20
56.059039367825825
 10
161.29134171618253
 20
56.03806023374435
 10
161.24514233862723
 20
56.02152983213389
 10
161.19754516100807
 20
56.00960735979839
 10
161.14900857016477
 20
56.002407636663904
  0
LWPOLYLINE
  5
DE
330
17
100
AcDbEntity
  8
CUT
100
AcDbPolyline
 90
68
 70
1
 10
66.20000000000002
 20
54.300000000000004
 10
62.60000000000001
 20
54.300000000000004
 10
62.492181145637495
 20
54.30529680066059
 10
62.38540064578227
 20
54.321136191556455
 10
62.2806868550201
 20
54.347365630694576
 10
62.17904822439841
 20
54.38373251423759
 10
62.08146358949141
 20
54.429886609216815
 10
61.98887274367845
 20
54.48538342646721
 10
61.90216738742
 20
54.549688501301
 10
61.822182540694804
 20
54.6221825406948
 10
61.749688501300994
 20
54.70216738742
 10
61.68538342646721
 20
54.788872743678446
 10
61.62988660921682
 20
54.88146358949141
 10
61.583732514237596
 20
54.979048224398404
 10
61.54736563069458
 20
55.0806868550201
 10
61.52113619155646
 20
55.185400645782266
 10
61.505296800660595
 20
55.29218114563749
 10
61.50000000000001
 20
55.400000000000006
 10
61.50000000000001
 20
59.0
 10
61.505296800660595
 20
59.10781885436252
 10
61.52113619155646
 20
59.21459935421774
 10
61.54736563069458
 20
59.31931314497991
 10
61.583732514237596
 20
59.4209517756016
 10
61.62988660921682
 20
59.518536410508595
 10
61.68538342646721
 20
59.61112725632156
 10
61.749688501300994
 20
59.69783261258001
 10
61.822182540694804
 20
59.777817459305204
 10
61.90216738742
 20
59.850311498699014
 10
61.98887274367845
 20
59.9146165735328
 10
62.08146358949141
 20
59.97011339078319
 10
62.17904822439841
 20
60.01626748576241
 10
62.2806868550201
 20
60.05263436930543
 10
62.38540064578227
 20
60.07886380844355
 10
62.49218114563749
 20
60.09470319933941
 10
62.60000000000001
 20
60.1
 10
66.20000000000002
 20
60.1
 10
66.30781885436254
 20
60.09470319933941
 10
66.41459935421776
 20
60.07886380844355
 10
66.51931314497993
 20
60.05263436930543
 10
66.62095177560161
 20
60.01626748576241
 10
66.71853641050862
 20
59.97011339078319
 10
66.81112725632158
 20
59.9146165735328
 10
66.89783261258003
 20
59.850311498699014
 10
66.97781745930521
 20
59.777817459305204
 10
67.05031149869903
 20
59.69783261258001
 10
67.11461657353281
 20
59.61112725632156
 10
67.17011339078321
 20
59.518536410508595
 10
67.21626748576243
 20
59.4209517756016
 10
67.25263436930544
 20
59.31931314497991
 10
67.27886380844357
 20
59.21459935421774
 10
67.29470319933944
 20
59.10781885436252
 10
67.30000000000001
 20
59.0
 10
67.30000000000001
 20
55.400000000000006
 10
67.29470319933944
 20
55.29218114563749
 10
67.27886380844357
 20
55.185400645782266
 10
67.25263436930544
 20
55.0806868550201
 10
67.21626748576243
 20
54.979048224398404
 10
67.17011339078321
 20
54.88146358949141
 10
67.11461657353281
 20
54.788872743678446
 10
67.05031149869903
 20
54.70216738742
 10
66.97781745930521
 20
54.6221825406948
 10
66.89783261258003
 20
54.54968850130099
 10
66.81112725632158
 20
54.48538342646721
 10
66.71853641050862
 20
54.429886609216815
 10
66.62095177560161
 20
54.38373251423759
 10
66.51931314497993
 20
54.347365630694576
 10
66.41459935421776
 20
54.321136191556455
 10
66.30781885436254
 20
54.30529680066059
  0
LWPOLYLINE
  5
DF
330
17
100
AcDbEntity
  8
CUT
100
AcDbPolyline
 90
68
 70
1
 10
57.10000000000001
 20
64.0
 10
55.7
 20
64.0
 10
55.65099142983522
 20
64.0024076366639
 10
55.60245483899194
 20
64.00960735979838
 10
55.55485766137277
 20
64.0215298321339
 10
55.50865828381746
 20
64.03806023374436
 10
55.464301631587006
 20
64.05903936782582
 10
55.4222148834902
 20
64.08426519384872
 10
55.38280335791818
 20
64.11349477331864
 10
55.346446609406726
 20
64.14644660940672
 10
55.31349477331863
 20
64.18280335791817
 10
55.28426519384873
 20
64.2222148834902
 10
55.25903936782583
 20
64.264301631587
 10
55.238060233744356
 20
64.30865828381745
 10
55.221529832133896
 20
64.35485766137276
 10
55.20960735979839
 20
64.40245483899193
 10
55.20240763666391
 20
64.45099142983521
 10
55.2
 20
64.5
 10
55.2
 20
65.9
 10
55.20240763666391
 20
65.94900857016479
 10
55.20960735979839
 20
65.99754516100808
 10
55.221529832133896
 20
66.04514233862724
 10
55.238060233744356
 20
66.09134171618255
 10
55.25903936782583
 20
66.135698368413
 10
55.28426519384873
 20
66.17778511650981
 10
55.31349477331863
 20
66.21719664208183
 10
55.346446609406726
 20
66.25355339059328
 10
55.38280335791818
 20
66.28650522668137
 10
55.4222148834902
 20
66.31573480615128
 10
55.464301631587006
 20
66.34096063217419
 10
55.50865828381746
 20
66.36193976625565
 10
55.55485766137277
 20
66.37847016786611
 10
55.60245483899194
 20
66.39039264020163
 10
55.65099142983522
 20
66.3975923633361
 10
55.7
 20
66.4
 10
57.10000000000001
 20
66.4
 10
57.14900857016479
 20
66.3975923633361
 10
57.19754516100807
 20
66.39039264020163
 10
57.24514233862724
 20
66.37847016786611
 10
57.29134171618255
 20
66.36193976625565
 10
57.335698368413006
 20
66.34096063217419
 10
57.37778511650981
 20
66.31573480615128
 10
57.417196642081834
 20
66.28650522668137
 10
57.453553390593285
 20
66.25355339059328
 10
57.48650522668138
 20
66.21719664208183
 10
57.51573480615128
 20
66.17778511650981
 10
57.54096063217418
 20
66.135698368413
 10
57.561939766255655
 20
66.09134171618255
 10
57.578470167866115
 20
66.04514233862724
 10
57.59039264020162
 20
65.99754516100808
 10
57.597592363336105
 20
65.94900857016479
 10
57.60000000000001
 20
65.9
 10
57.60000000000001
 20
64.5
 10
57.597592363336105
 20
64.45099142983521
 10
57.59039264020162
 20
64.40245483899193
 10
57.578470167866115
 20
64.35485766137276
 10
57.561939766255655
 20
64.30865828381745
 10
57.54096063217418
 20
64.264301631587
 10
57.51573480615128
 20
64.2222148834902
 10
57.48650522668138
 20
64.18280335791817
 10
57.453553390593285
 20
64.14644660940672
 10
57.417196642081834
 20
64.11349477331864
 10
57.37778511650981
 20
64.08426519384872
 10
57.335698368413006
 20
64.05903936782582
 10
57.29134171618255
 20
64.03806023374436
 10
57.24514233862724
 20
64.0215298321339
 10
57.19754516100807
 20
64.00960735979838
 10
57.14900857016479
 20
64.0024076366639
  0
LWPOLYLINE
  5
E0
330
17
100
AcDbEntity
  8
CUT
100
AcDbPolyline
 90
68
 70
1
 10
161.67841371226365
 20
63.20385221866224
 10
161.6
 20
63.2
 10
159.20000000000002
 20
63.2
 10
159.12158628773636
 20
63.20385221866224
 10
159.04392774238713
 20
63.21537177567742
 10
158.96777225819645
 20
63.234447731414235
 10
158.89385325410794
 20
63.260896373990974
 10
158.8228826105392
 20
63.29446298852132
 10
158.75554381358432
 20
63.33482431015796
 10
158.6924853726691
 20
63.38159163730981
 10
158.63431457505078
 20
63.43431457505076
 10
158.58159163730983
 20
63.49248537266909
 10
158.53482431015797
 20
63.55554381358432
 10
158.49446298852132
 20
63.6228826105392
 10
158.46089637399098
 20
63.69385325410793
 10
158.43444773141425
 20
63.76777225819643
 10
158.41537177567744
 20
63.843927742387095
 10
158.40385221866225
 20
63.92158628773635
 10
158.4
 20
64.0
 10
158.4
 20
66.4
 10
158.40385221866225
 20
66.47841371226366
 10
158.41537177567744
 20
66.55607225761291
 10
158.43444773141425
 20
66.63222774180358
 10
158.46089637399098
 20
66.70614674589208
 10
158.49446298852132
 20
66.7771173894608
 10
158.53482431015797
 20
66.84445618641568
 10
158.58159163730983
 20
66.90751462733093
 10
158.63431457505078
 20
66.96568542494924
 10
158.6924853726691
 20
67.0184083626902
 10
158.75554381358432
 20
67.06517568984204
 10
158.8228826105392
 20
67.10553701147869
 10
158.89385325410794
 20
67.13910362600903
 10
158.96777225819645
 20
67.16555226858577
 10
159.04392774238713
 20
67.1846282243226
 10
159.12158628773636
 20
67.19614778133776
 10
159.20000000000002
 20
67.2
 10
161.6
 20
67.2
 10
161.67841371226365
 20
67.19614778133776
 10
161.75607225761289
 20
67.1846282243226
 10
161.83222774180356
 20
67.16555226858577
 10
161.90614674589207
 20
67.13910362600903
 10
161.9771173894608
 20
67.10553701147869
 10
162.0444561864157
 20
67.06517568984204
 10
162.10751462733091
 20
67.0184083626902
 10
162.16568542494923
 20
66.96568542494924
 10
162.21840836269018
 20
66.90751462733093
 10
162.26517568984204
 20
66.84445618641568
 10
162.3055370114787
 20
66.7771173894608
 10
162.33910362600903
 20
66.70614674589208
 10
162.36555226858576
 20
66.63222774180358
 10
162.38462822432257
 20
66.55607225761291
 10
162.39614778133776
 20
66.47841371226366
 10
162.4
 20
66.4
 10
162.4
 20
64.0
 10
162.39614778133776
 20
63.92158628773635
 10
162.38462822432257
 20
63.843927742387095
 10
162.36555226858576
 20
63.76777225819643
 10
162.33910362600903
 20
63.69385325410793
 10
162.3055370114787
 20
63.6228826105392
 10
162.26517568984204
 20
63.55554381358432
 10
162.21840836269018
 20
63.49248537266909
 10
162.16568542494923
 20
63.43431457505076
 10
162.10751462733091
 20
63.38159163730981
 10
162.0444561864157
 20
63.33482431015796
 10
161.9771173894608
 20
63.29446298852132
 10
161.90614674589207
 20
63.260896373990974
 10
161.83222774180356
 20
63.234447731414235
 10
161.75607225761289
 20
63.21537177567742
  0
LWPOLYLINE
  5
E1
330
17
100
AcDbEntity
  8
CUT
100
AcDbPolyline
 90
68
 70
1
 10
153.6
 20
63.2
 10
151.20000000000002
 20
63.2
 10
151.12158628773636
 20
63.20385221866224
 10
151.04392774238713
 20
63.21537177567742
 10
150.96777225819645
 20
63.234447731414235
 10
150.89385325410794
 20
63.260896373990974
 10
150.8228826105392
 20
63.29446298852132
 10
150.75554381358432
 20
63.33482431015796
 10
150.6924853726691
 20
63.38159163730981
 10
150.63431457505078
 20
63.43431457505076
 10
150.58159163730983
 20
63.49248537266909
 10
150.53482431015797
 20
63.55554381358432
 10
150.49446298852132
 20
63.6228826105392
 10
150.46089637399098
 20
63.69385325410793
 10
150.43444773141425
 20
63.76777225819643
 10
150.41537177567744
 20
63.843927742387095
 10
150.40385221866225
 20
63.92158628773635
 10
150.4
 20
64.0
 10
150.4
 20
66.4
 10
150.40385221866225
 20
66.47841371226366
 10
150.41537177567744
 20
66.55607225761291
 10
150.43444773141425
 20
66.63222774180358
 10
150.46089637399098
 20
66.70614674589208
 10
150.49446298852132
 20
66.7771173894608
 10
150.53482431015797
 20
66.84445618641568
 10
150.58159163730983
 20
66.90751462733093
 10
150.63431457505078
 20
66.96568542494924
 10
150.6924853726691
 20
67.0184083626902
 10
150.75554381358432
 20
67.06517568984204
 10
150.8228826105392
 20
67.10553701147869
 10
150.89385325410794
 20
67.13910362600903
 10
150.96777225819645
 20
67.16555226858577
 10
151.04392774238713
 20
67.1846282243226
 10
151.12158628773636
 20
67.19614778133776
 10
151.20000000000002
 20
67.2
 10
153.6
 20
67.2
 10
153.67841371226365
 20
67.19614778133776
 10
153.75607225761289
 20
67.1846282243226
 10
153.83222774180356
 20
67.16555226858577
 10
153.90614674589207
 20
67.13910362600903
 10
153.9771173894608
 20
67.10553701147869
 10
154.0444561864157
 20
67.06517568984204
 10
154.10751462733091
 20
67.0184083626902
 10
154.16568542494923
 20
66.96568542494924
 10
154.21840836269018
 20
66.90751462733093
 10
154.26517568984204
 20
66.84445618641568
 10
154.3055370114787
 20
66.7771173894608
 10
154.33910362600903
 20
66.70614674589208
 10
154.36555226858576
 20
66.63222774180358
 10
154.38462822432257
 20
66.55607225761291
 10
154.39614778133776
 20
66.47841371226366
 10
154.4
 20
66.4
 10
154.4
 20
64.0
 10
154.39614778133776
 20
63.92158628773635
 10
154.38462822432257
 20
63.843927742387095
 10
154.36555226858576
 20
63.76777225819643
 10
154.33910362600903
 20
63.69385325410793
 10
154.3055370114787
 20
63.6228826105392
 10
154.26517568984204
 20
63.55554381358432
 10
154.21840836269018
 20
63.49248537266909
 10
154.16568542494923
 20
63.43431457505076
 10
154.10751462733091
 20
63.38159163730981
 10
154.0444561864157
 20
63.33482431015796
 10
153.9771173894608
 20
63.29446298852132
 10
153.90614674589207
 20
63.260896373990974
 10
153.83222774180356
 20
63.234447731414235
 10
153.75607225761289
 20
63.21537177567742
 10
153.67841371226365
 20
63.20385221866224
  0
LWPOLYLINE
  5
E2
330
17
100
AcDbEntity
  8
CUT
100
AcDbPolyline
 90
68
 70
1
 10
65.67841371226366
 20
63.20385221866224
 10
65.60000000000001
 20
63.2
 10
63.2
 20
63.2
 10
63.121586287736356
 20
63.20385221866224
 10
63.0439277423871
 20
63.21537177567742
 10
62.96777225819643
 20
63.234447731414235
 10
62.89385325410793
 20
63.260896373990974
 10
62.8228826105392
 20
63.29446298852132
 10
62.755543813584325
 20
63.33482431015796
 10
62.69248537266908
 20
63.38159163730981
 10
62.634314575050766
 20
63.43431457505076
 10
62.58159163730981
 20
63.49248537266909
 10
62.534824310157965
 20
63.55554381358432
 10
62.49446298852132
 20
63.6228826105392
 10
62.46089637399098
 20
63.69385325410793
 10
62.43444773141424
 20
63.76777225819643
 10
62.41537177567742
 20
63.843927742387095
 10
62.403852218662244
 20
63.92158628773635
 10
62.400000000000006
 20
64.0
 10
62.400000000000006
 20
66.4
 10
62.403852218662244
 20
66.47841371226366
 10
62.41537177567742
 20
66.55607225761291
 10
62.43444773141424
 20
66.63222774180358
 10
62.46089637399098
 20
66.70614674589208
 10
62.49446298852132
 20
66.7771173894608
 10
62.534824310157965
 20
66.84445618641568
 10
62.58159163730981
 20
66.90751462733093
 10
62.634314575050766
 20
66.96568542494924
 10
62.69248537266909
 20
67.0184083626902
 10
62.755543813584325
 20
67.06517568984204
 10
62.8228826105392
 20
67.10553701147869
 10
62.89385325410793
 20
67.13910362600903
 10
62.96777225819643
 20
67.16555226858577
 10
63.0439277423871
 20
67.1846282243226
 10
63.121586287736356
 20
67.19614778133776
 10
63.2
 20
67.2
 10
65.60000000000001
 20
67.2
 10
65.67841371226366
 20
67.19614778133776
 10
65.75607225761291
 20
67.1846282243226
 10
65.83222774180358
 20
67.16555226858577
 10
65.90614674589209
 20
67.13910362600903
 10
65.9771173894608
 20
67.10553701147869
 10
66.04445618641569
 20
67.06517568984204
 10
66.10751462733093
 20
67.0184083626902
 10
66.16568542494925
 20
66.96568542494924
 10
66.2184083626902
 20
66.90751462733093
 10
66.26517568984204
 20
66.84445618641568
 10
66.30553701147869
 20
66.7771173894608
 10
66.33910362600903
 20
66.70614674589208
 10
66.36555226858577
 20
66.63222774180358
 10
66.3846282243226
 20
66.55607225761291
 10
66.39614778133776
 20
66.47841371226366
 10
66.4
 20
66.4
 10
66.4
 20
64.0
 10
66.39614778133776
 20
63.92158628773635
 10
66.3846282243226
 20
63.843927742387095
 10
66.36555226858577
 20
63.76777225819643
 10
66.33910362600903
 20
63.69385325410793
 10
66.30553701147869
 20
63.6228826105392
 10
66.26517568984204
 20
63.55554381358432
 10
66.2184083626902
 20
63.49248537266909
 10
66.16568542494925
 20
63.43431457505076
 10
66.10751462733093
 20
63.38159163730981
 10
66.04445618641569
 20
63.33482431015796
 10
65.9771173894608
 20
63.29446298852132
 10
65.90614674589209
 20
63.260896373990974
 10
65.83222774180358
 20
63.234447731414235
 10
65.75607225761291
 20
63.21537177567742
  0
LWPOLYLINE
  5
E3
330
17
100
AcDbEntity
  8
CUT
100
AcDbPolyline
 90
68
 70
1
 10
57.14900857016479
 20
72.0024076366639
 10
57.10000000000001
 20
72.0
 10
55.7
 20
72.0
 10
55.65099142983522
 20
72.0024076366639
 10
55.60245483899194
 20
72.00960735979838
 10
55.55485766137277
 20
72.0215298321339
 10
55.50865828381746
 20
72.03806023374436
 10
55.464301631587006
 20
72.05903936782582
 10
55.4222148834902
 20
72.08426519384872
 10
55.38280335791818
 20
72.11349477331864
 10
55.346446609406726
 20
72.14644660940672
 10
55.31349477331863
 20
72.18280335791817
 10
55.28426519384873
 20
72.2222148834902
 10
55.25903936782583
 20
72.264301631587
 10
55.238060233744356
 20
72.30865828381745
 10
55.221529832133896
 20
72.35485766137276
 10
55.20960735979839
 20
72.40245483899193
 10
55.20240763666391
 20
72.45099142983521
 10
55.2
 20
72.5
 10
55.2
 20
73.9
 10
55.20240763666391
 20
73.94900857016479
 10
55.20960735979839
 20
73.99754516100808
 10
55.221529832133896
 20
74.04514233862724
 10
55.238060233744356
 20
74.09134171618255
 10
55.25903936782583
 20
74.135698368413
 10
55.28426519384873
 20
74.17778511650981
 10
55.31349477331863
 20
74.21719664208183
 10
55.346446609406726
 20
74.25355339059328
 10
55.38280335791818
 20
74.28650522668137
 10
55.4222148834902
 20
74.31573480615128
 10
55.464301631587006
 20
74.34096063217419
 10
55.50865828381746
 20
74.36193976625565
 10
55.55485766137277
 20
74.37847016786611
 10
55.60245483899194
 20
74.39039264020163
 10
55.65099142983522
 20
74.3975923633361
 10
55.7
 20
74.4
 10
57.10000000000001
 20
74.4
 10
57.14900857016479
 20
74.3975923633361
 10
57.19754516100807
 20
74.39039264020163
 10
57.24514233862724
 20
74.37847016786611
 10
57.29134171618255
 20
74.36193976625565
 10
57.335698368413006
 20
74.34096063217419
 10
57.37778511650981
 20
74.31573480615128
 10
57.417196642081834
 20
74.28650522668137
 10
57.453553390593285
 20
74.25355339059328
 10
57.48650522668138
 20
74.21719664208183
 10
57.51573480615128
 20
74.17778511650981
 10
57.54096063217418
 20
74.135698368413
 10
57.561939766255655
 20
74.09134171618255
 10
57.578470167866115
 20
74.04514233862724
 10
57.59039264020162
 20
73.99754516100808
 10
57.597592363336105
 20
73.94900857016479
 10
57.60000000000001
 20
73.9
 10
57.60000000000001
 20
72.5
 10
57.597592363336105
 20
72.45099142983521
 10
57.59039264020162
 20
72.40245483899193
 10
57.578470167866115
 20
72.35485766137276
 10
57.561939766255655
 20
72.30865828381745
 10
57.54096063217418
 20
72.264301631587
 10
57.51573480615128
 20
72.2222148834902
 10
57.48650522668138
 20
72.18280335791817
 10
57.453553390593285
 20
72.14644660940672
 10
57.417196642081834
 20
72.11349477331864
 10
57.37778511650981
 20
72.08426519384872
 10
57.335698368413006
 20
72.05903936782582
 10
57.29134171618255
 20
72.03806023374436
 10
57.24514233862724
 20
72.0215298321339
 10
57.19754516100807
 20
72.00960735979838
  0
LWPOLYLINE
  5
E4
330
17
100
AcDbEntity
  8
CUT
100
AcDbPolyline
 90
68
 70
1
 10
65.10000000000001
 20
72.0
 10
63.7
 20
72.0
 10
63.65099142983522
 20
72.0024076366639
 10
63.60245483899194
 20
72.00960735979838
 10
63.55485766137277
 20
72.0215298321339
 10
63.50865828381746
 20
72.03806023374436
 10
63.464301631587006
 20
72.05903936782582
 10
63.4222148834902
 20
72.08426519384872
 10
63.38280335791818
 20
72.11349477331864
 10
63.346446609406726
 20
72.14644660940672
 10
63.31349477331863
 20
72.18280335791817
 10
63.28426519384873
 20
72.2222148834902
 10
63.25903936782583
 20
72.264301631587
 10
63.238060233744356
 20
72.30865828381745
 10
63.221529832133896
 20
72.35485766137276
 10
63.20960735979839
 20
72.40245483899193
 10
63.20240763666391
 20
72.45099142983521
 10
63.2
 20
72.5
 10
63.2
 20
73.9
 10
63.20240763666391
 20
73.94900857016479
 10
63.20960735979839
 20
73.99754516100808
 10
63.221529832133896
 20
74.04514233862724
 10
63.238060233744356
 20
74.09134171618255
 10
63.25903936782583
 20
74.135698368413
 10
63.28426519384873
 20
74.17778511650981
 10
63.31349477331863
 20
74.21719664208183
 10
63.346446609406726
 20
74.25355339059328
 10
63.38280335791818
 20
74.28650522668137
 10
63.4222148834902
 20
74.31573480615128
 10
63.464301631587006
 20
74.34096063217419
 10
63.50865828381746
 20
74.36193976625565
 10
63.55485766137277
 20
74.37847016786611
 10
63.60245483899194
 20
74.39039264020163
 10
63.65099142983522
 20
74.3975923633361
 10
63.7
 20
74.4
 10
65.10000000000001
 20
74.4
 10
65.1490085701648
 20
74.3975923633361
 10
65.19754516100808
 20
74.39039264020163
 10
65.24514233862725
 20
74.37847016786611
 10
65.29134171618256
 20
74.36193976625565
 10
65.335698368413
 20
74.34096063217419
 10
65.37778511650981
 20
74.31573480615128
 10
65.41719664208183
 20
74.28650522668137
 10
65.45355339059329
 20
74.25355339059328
 10
65.48650522668137
 20
74.21719664208183
 10
65.51573480615129
 20
74.17778511650981
 10
65.54096063217419
 20
74.135698368413
 10
65.56193976625565
 20
74.09134171618255
 10
65.57847016786612
 20
74.04514233862724
 10
65.59039264020163
 20
73.99754516100808
 10
65.5975923633361
 20
73.94900857016479
 10
65.60000000000001
 20
73.9
 10
65.60000000000001
 20
72.5
 10
65.5975923633361
 20
72.45099142983521
 10
65.59039264020163
 20
72.40245483899193
 10
65.57847016786612
 20
72.35485766137276
 10
65.56193976625565
 20
72.30865828381745
 10
65.54096063217419
 20
72.264301631587
 10
65.51573480615129
 20
72.2222148834902
 10
65.48650522668137
 20
72.18280335791817
 10
65.45355339059329
 20
72.14644660940672
 10
65.41719664208183
 20
72.11349477331864
 10
65.37778511650981
 20
72.08426519384872
 10
65.335698368413
 20
72.05903936782582
 10
65.29134171618256
 20
72.03806023374436
 10
65.24514233862725
 20
72.0215298321339
 10
65.19754516100808
 20
72.00960735979838
 10
65.1490085701648
 20
72.0024076366639
  0
LWPOLYLINE
  5
E5
330
17
100
AcDbEntity
  8
CUT
100
AcDbPolyline
 90
68
 70
1
 10
49.10000000000001
 20
72.0
 10
47.7
 20
72.0
 10
47.65099142983522
 20
72.0024076366639
 10
47.60245483899194
 20
72.00960735979838
 10
47.55485766137277
 20
72.0215298321339
 10
47.50865828381746
 20
72.03806023374436
 10
47.464301631587006
 20
72.05903936782582
 10
47.4222148834902
 20
72.08426519384872
 10
47.38280335791818
 20
72.11349477331864
 10
47.346446609406726
 20
72.14644660940672
 10
47.31349477331863
 20
72.18280335791817
 10
47.28426519384873
 20
72.2222148834902
 10
47.25903936782583
 20
72.264301631587
 10
47.238060233744356
 20
72.30865828381745
 10
47.221529832133896
 20
72.35485766137276
 10
47.20960735979839
 20
72.40245483899193
 10
47.20240763666391
 20
72.45099142983521
 10
47.2
 20
72.5
 10
47.2
 20
73.9
 10
47.20240763666391
 20
73.94900857016479
 10
47.20960735979839
 20
73.99754516100808
 10
47.221529832133896
 20
74.04514233862724
 10
47.238060233744356
 20
74.09134171618255
 10
47.25903936782583
 20
74.135698368413
 10
47.28426519384873
 20
74.17778511650981
 10
47.31349477331863
 20
74.21719664208183
 10
47.346446609406726
 20
74.25355339059328
 10
47.38280335791818
 20
74.28650522668137
 10
47.4222148834902
 20
74.31573480615128
 10
47.464301631587006
 20
74.34096063217419
 10
47.50865828381746
 20
74.36193976625565
 10
47.55485766137277
 20
74.37847016786611
 10
47.60245483899194
 20
74.39039264020163
 10
47.65099142983522
 20
74.3975923633361
 10
47.7
 20
74.4
 10
49.10000000000001
 20
74.4
 10
49.14900857016479
 20
74.3975923633361
 10
49.19754516100807
 20
74.39039264020163
 10
49.24514233862724
 20
74.37847016786611
 10
49.29134171618255
 20
74.36193976625565
 10
49.335698368413006
 20
74.34096063217419
 10
49.37778511650981
 20
74.31573480615128
 10
49.417196642081834
 20
74.28650522668137
 10
49.453553390593285
 20
74.25355339059328
 10
49.48650522668138
 20
74.21719664208183
 10
49.51573480615128
 20
74.17778511650981
 10
49.54096063217418
 20
74.135698368413
 10
49.561939766255655
 20
74.09134171618255
 10
49.578470167866115
 20
74.04514233862724
 10
49.59039264020162
 20
73.99754516100808
 10
49.597592363336105
 20
73.94900857016479
 10
49.60000000000001
 20
73.9
 10
49.60000000000001
 20
72.5
 10
49.597592363336105
 20
72.45099142983521
 10
49.59039264020162
 20
72.40245483899193
 10
49.578470167866115
 20
72.35485766137276
 10
49.561939766255655
 20
72.30865828381745
 10
49.54096063217418
 20
72.264301631587
 10
49.51573480615128
 20
72.2222148834902
 10
49.48650522668138
 20
72.18280335791817
 10
49.453553390593285
 20
72.14644660940672
 10
49.417196642081834
 20
72.11349477331864
 10
49.37778511650981
 20
72.08426519384872
 10
49.335698368413006
 20
72.05903936782582
 10
49.29134171618255
 20
72.03806023374436
 10
49.24514233862724
 20
72.0215298321339
 10
49.19754516100807
 20
72.00960735979838
 10
49.14900857016479
 20
72.0024076366639
  0
LWPOLYLINE
  5
E6
330
17
100
AcDbEntity
  8
CUT
100
AcDbPolyline
 90
68
 70
1
 10
145.67841371226365
 20
71.20385221866225
 10
145.6
 20
71.2
 10
143.20000000000002
 20
71.2
 10
143.12158628773636
 20
71.20385221866225
 10
143.04392774238713
 20
71.21537177567741
 10
142.96777225819645
 20
71.23444773141424
 10
142.89385325410794
 20
71.26089637399097
 10
142.8228826105392
 20
71.29446298852132
 10
142.75554381358432
 20
71.33482431015797
 10
142.6924853726691
 20
71.38159163730981
 10
142.63431457505078
 20
71.43431457505076
 10
142.58159163730983
 20
71.49248537266908
 10
142.53482431015797
 20
71.55554381358432
 10
142.49446298852132
 20
71.62288261053921
 10
142.46089637399098
 20
71.69385325410792
 10
142.43444773141425
 20
71.76777225819643
 10
142.41537177567744
 20
71.8439277423871
 10
142.40385221866225
 20
71.92158628773635
 10
142.4
 20
72.0
 10
142.4
 20
74.4
 10
142.40385221866225
 20
74.47841371226366
 10
142.41537177567744
 20
74.55607225761291
 10
142.43444773141425
 20
74.63222774180358
 10
142.46089637399098
 20
74.70614674589208
 10
142.49446298852132
 20
74.7771173894608
 10
142.53482431015797
 20
74.84445618641568
 10
142.58159163730983
 20
74.90751462733093
 10
142.63431457505078
 20
74.96568542494924
 10
142.6924853726691
 20
75.0184083626902
 10
142.75554381358432
 20
75.06517568984204
 10
142.8228826105392
 20
75.10553701147869
 10
142.89385325410794
 20
75.13910362600903
 10
142.96777225819645
 20
75.16555226858577
 10
143.04392774238713
 20
75.1846282243226
 10
143.12158628773636
 20
75.19614778133776
 10
143.20000000000002
 20
75.2
 10
145.6
 20
75.2
 10
145.67841371226365
 20
75.19614778133776
 10
145.75607225761289
 20
75.1846282243226
 10
145.83222774180356
 20
75.16555226858577
 10
145.90614674589207
 20
75.13910362600903
 10
145.9771173894608
 20
75.10553701147869
 10
146.0444561864157
 20
75.06517568984204
 10
146.10751462733091
 20
75.0184083626902
 10
146.16568542494923
 20
74.96568542494924
 10
146.21840836269018
 20
74.90751462733093
 10
146.26517568984204
 20
74.84445618641568
 10
146.3055370114787
 20
74.7771173894608
 10
146.33910362600903
 20
74.70614674589208
 10
146.36555226858576
 20
74.63222774180358
 10
146.38462822432257
 20
74.55607225761291
 10
146.39614778133776
 20
74.47841371226366
 10
146.4
 20
74.4
 10
146.4
 20
72.0
 10
146.39614778133776
 20
71.92158628773635
 10
146.38462822432257
 20
71.8439277423871
 10
146.36555226858576
 20
71.76777225819643
 10
146.33910362600903
 20
71.69385325410792
 10
146.3055370114787
 20
71.62288261053921
 10
146.26517568984204
 20
71.55554381358432
 10
146.21840836269018
 20
71.49248537266908
 10
146.16568542494923
 20
71.43431457505076
 10
146.10751462733091
 20
71.38159163730981
 10
146.0444561864157
 20
71.33482431015797
 10
145.9771173894608
 20
71.29446298852132
 10
145.90614674589207
 20
71.26089637399097
 10
145.83222774180356
 20
71.23444773141424
 10
145.75607225761289
 20
71.21537177567741
  0
LWPOLYLINE
  5
E7
330
17
100
AcDbEntity
  8
CUT
100
AcDbPolyline
 90
68
 70
1
 10
154.20000000000002
 20
70.3
 10
150.6
 20
70.3
 10
150.4921811456375
 20
70.30529680066057
 10
150.38540064578225
 20
70.32113619155643
 10
150.2806868550201
 20
70.34736563069457
 10
150.1790482243984
 20
70.38373251423758
 10
150.0814635894914
 20
70.4298866092168
 10
149.98887274367843
 20
70.4853834264672
 10
149.90216738741998
 20
70.54968850130098
 10
149.8221825406948
 20
70.6221825406948
 10
149.749688501301
 20
70.70216738741998
 10
149.68538342646718
 20
70.78887274367843
 10
149.6298866092168
 20
70.88146358949139
 10
149.58373251423757
 20
70.9790482243984
 10
149.54736563069457
 20
71.08068685502008
 10
149.52113619155645
 20
71.18540064578225
 10
149.50529680066057
 20
71.29218114563747
 10
149.5
 20
71.39999999999999
 10
149.5
 20
75.00000000000001
 10
149.50529680066057
 20
75.10781885436253
 10
149.52113619155645
 20
75.21459935421775
 10
149.54736563069457
 20
75.31931314497993
 10
149.58373251423757
 20
75.42095177560161
 10
149.6298866092168
 20
75.51853641050862
 10
149.68538342646718
 20
75.61112725632158
 10
149.749688501301
 20
75.69783261258003
 10
149.8221825406948
 20
75.77781745930521
 10
149.90216738741998
 20
75.85031149869903
 10
149.98887274367843
 20
75.91461657353281
 10
150.0814635894914
 20
75.97011339078321
 10
150.1790482243984
 20
76.01626748576243
 10
150.2806868550201
 20
76.05263436930544
 10
150.38540064578225
 20
76.07886380844357
 10
150.4921811456375
 20
76.09470319933943
 10
150.6
 20
76.10000000000001
 10
154.20000000000002
 20
76.10000000000001
 10
154.30781885436252
 20
76.09470319933943
 10
154.41459935421776
 20
76.07886380844357
 10
154.51931314497992
 20
76.05263436930544
 10
154.6209517756016
 20
76.01626748576243
 10
154.71853641050862
 20
75.97011339078321
 10
154.81112725632158
 20
75.91461657353281
 10
154.89783261258003
 20
75.85031149869903
 10
154.97781745930521
 20
75.77781745930521
 10
155.05031149869902
 20
75.69783261258003
 10
155.11461657353283
 20
75.61112725632158
 10
155.1701133907832
 20
75.51853641050862
 10
155.21626748576244
 20
75.42095177560161
 10
155.25263436930544
 20
75.31931314497993
 10
155.27886380844356
 20
75.21459935421775
 10
155.29470319933944
 20
75.10781885436253
 10
155.3
 20
75.00000000000001
 10
155.3
 20
71.39999999999999
 10
155.29470319933944
 20
71.29218114563747
 10
155.27886380844356
 20
71.18540064578225
 10
155.25263436930544
 20
71.08068685502008
 10
155.21626748576244
 20
70.9790482243984
 10
155.1701133907832
 20
70.88146358949139
 10
155.11461657353283
 20
70.78887274367843
 10
155.05031149869902
 20
70.70216738741998
 10
154.97781745930521
 20
70.6221825406948
 10
154.89783261258003
 20
70.54968850130098
 10
154.81112725632158
 20
70.4853834264672
 10
154.71853641050862
 20
70.4298866092168
 10
154.6209517756016
 20
70.38373251423758
 10
154.51931314497992
 20
70.34736563069457
 10
154.41459935421776
 20
70.32113619155643
 10
154.30781885436252
 20
70.30529680066057
  0
LWPOLYLINE
  5
E8
330
17
100
AcDbEntity
  8
CUT
100
AcDbPolyline
 90
68
 70
1
 10
57.14900857016479
 20
80.0024076366639
 10
57.10000000000001
 20
80.0
 10
55.7
 20
80.0
 10
55.65099142983522
 20
80.0024076366639
 10
55.60245483899194
 20
80.00960735979838
 10
55.55485766137277
 20
80.0215298321339
 10
55.50865828381746
 20
80.03806023374436
 10
55.464301631587006
 20
80.05903936782582
 10
55.4222148834902
 20
80.08426519384872
 10
55.38280335791818
 20
80.11349477331864
 10
55.346446609406726
 20
80.14644660940672
 10
55.31349477331863
 20
80.18280335791817
 10
55.28426519384873
 20
80.2222148834902
 10
55.25903936782583
 20
80.264301631587
 10
55.238060233744356
 20
80.30865828381745
 10
55.221529832133896
 20
80.35485766137276
 10
55.20960735979839
 20
80.40245483899193
 10
55.20240763666391
 20
80.45099142983521
 10
55.2
 20
80.5
 10
55.2
 20
81.9
 10
55.20240763666391
 20
81.94900857016479
 10
55.20960735979839
 20
81.99754516100808
 10
55.221529832133896
 20
82.04514233862724
 10
55.238060233744356
 20
82.09134171618255
 10
55.25903936782583
 20
82.135698368413
 10
55.28426519384873
 20
82.17778511650981
 10
55.31349477331863
 20
82.21719664208183
 10
55.346446609406726
 20
82.25355339059328
 10
55.38280335791818
 20
82.28650522668137
 10
55.4222148834902
 20
82.31573480615128
 10
55.464301631587006
 20
82.34096063217419
 10
55.50865828381746
 20
82.36193976625565
 10
55.55485766137277
 20
82.37847016786611
 10
55.60245483899194
 20
82.39039264020163
 10
55.65099142983522
 20
82.3975923633361
 10
55.7
 20
82.4
 10
57.10000000000001
 20
82.4
 10
57.14900857016479
 20
82.3975923633361
 10
57.19754516100807
 20
82.39039264020163
 10
57.24514233862724
 20
82.37847016786611
 10
57.29134171618255
 20
82.36193976625565
 10
57.335698368413006
 20
82.34096063217419
 10
57.37778511650981
 20
82.31573480615128
 10
57.417196642081834
 20
82.28650522668137
 10
57.453553390593285
 20
82.25355339059328
 10
57.48650522668138
 20
82.21719664208183
 10
57.51573480615128
 20
82.17778511650981
 10
57.54096063217418
 20
82.135698368413
 10
57.561939766255655
 20
82.09134171618255
 10
57.578470167866115
 20
82.04514233862724
 10
57.59039264020162
 20
81.99754516100808
 10
57.597592363336105
 20
81.94900857016479
 10
57.60000000000001
 20
81.9
 10
57.60000000000001
 20
80.5
 10
57.597592363336105
 20
80.45099142983521
 10
57.59039264020162
 20
80.40245483899193
 10
57.578470167866115
 20
80.35485766137276
 10
57.561939766255655
 20
80.30865828381745
 10
57.54096063217418
 20
80.264301631587
 10
57.51573480615128
 20
80.2222148834902
 10
57.48650522668138
 20
80.18280335791817
 10
57.453553390593285
 20
80.14644660940672
 10
57.417196642081834
 20
80.11349477331864
 10
57.37778511650981
 20
80.08426519384872
 10
57.335698368413006
 20
80.05903936782582
 10
57.29134171618255
 20
80.03806023374436
 10
57.24514233862724
 20
80.0215298321339
 10
57.19754516100807
 20
80.00960735979838
  0
LWPOLYLINE
  5
E9
330
17
100
AcDbEntity
  8
CUT
100
AcDbPolyline
 90
68
 70
1
 10
145.6
 20
79.2
 10
143.20000000000002
 20
79.2
 10
143.12158628773636
 20
79.20385221866225
 10
143.04392774238713
 20
79.21537177567741
 10
142.96777225819645
 20
79.23444773141424
 10
142.89385325410794
 20
79.26089637399097
 10
142.8228826105392
 20
79.29446298852132
 10
142.75554381358432
 20
79.33482431015797
 10
142.6924853726691
 20
79.38159163730981
 10
142.63431457505078
 20
79.43431457505076
 10
142.58159163730983
 20
79.49248537266908
 10
142.53482431015797
 20
79.55554381358432
 10
142.49446298852132
 20
79.62288261053921
 10
142.46089637399098
 20
79.69385325410792
 10
142.43444773141425
 20
79.76777225819643
 10
142.41537177567744
 20
79.8439277423871
 10
142.40385221866225
 20
79.92158628773635
 10
142.4
 20
80.0
 10
142.4
 20
82.4
 10
142.40385221866225
 20
82.47841371226366
 10
142.41537177567744
 20
82.55607225761291
 10
142.43444773141425
 20
82.63222774180358
 10
142.46089637399098
 20
82.70614674589208
 10
142.49446298852132
 20
82.7771173894608
 10
142.53482431015797
 20
82.84445618641568
 10
142.58159163730983
 20
82.90751462733093
 10
142.63431457505078
 20
82.96568542494924
 10
142.6924853726691
 20
83.0184083626902
 10
142.75554381358432
 20
83.06517568984204
 10
142.8228826105392
 20
83.10553701147869
 10
142.89385325410794
 20
83.13910362600903
 10
142.96777225819645
 20
83.16555226858577
 10
143.04392774238713
 20
83.1846282243226
 10
143.12158628773636
 20
83.19614778133776
 10
143.20000000000002
 20
83.2
 10
145.6
 20
83.2
 10
145.67841371226365
 20
83.19614778133776
 10
145.75607225761289
 20
83.1846282243226
 10
145.83222774180356
 20
83.16555226858577
 10
145.90614674589207
 20
83.13910362600903
 10
145.9771173894608
 20
83.10553701147869
 10
146.0444561864157
 20
83.06517568984204
 10
146.10751462733091
 20
83.0184083626902
 10
146.16568542494923
 20
82.96568542494924
 10
146.21840836269018
 20
82.90751462733093
 10
146.26517568984204
 20
82.84445618641568
 10
146.3055370114787
 20
82.7771173894608
 10
146.33910362600903
 20
82.70614674589208
 10
146.36555226858576
 20
82.63222774180358
 10
146.38462822432257
 20
82.55607225761291
 10
146.39614778133776
 20
82.47841371226366
 10
146.4
 20
82.4
 10
146.4
 20
80.0
 10
146.39614778133776
 20
79.92158628773635
 10
146.38462822432257
 20
79.8439277423871
 10
146.36555226858576
 20
79.76777225819643
 10
146.33910362600903
 20
79.69385325410792
 10
146.3055370114787
 20
79.62288261053921
 10
146.26517568984204
 20
79.55554381358432
 10
146.21840836269018
 20
79.49248537266908
 10
146.16568542494923
 20
79.43431457505076
 10
146.10751462733091
 20
79.38159163730981
 10
146.0444561864157
 20
79.33482431015797
 10
145.9771173894608
 20
79.29446298852132
 10
145.90614674589207
 20
79.26089637399097
 10
145.83222774180356
 20
79.23444773141424
 10
145.75607225761289
 20
79.21537177567741
 10
145.67841371226365
 20
79.20385221866225
  0
LWPOLYLINE
  5
EA
330
17
100
AcDbEntity
  8
CUT
100
AcDbPolyline
 90
68
 70
1
 10
65.10000000000001
 20
80.0
 10
63.7
 20
80.0
 10
63.65099142983522
 20
80.0024076366639
 10
63.60245483899194
 20
80.00960735979838
 10
63.55485766137277
 20
80.0215298321339
 10
63.50865828381746
 20
80.03806023374436
 10
63.464301631587006
 20
80.05903936782582
 10
63.4222148834902
 20
80.08426519384872
 10
63.38280335791818
 20
80.11349477331864
 10
63.346446609406726
 20
80.14644660940672
 10
63.31349477331863
 20
80.18280335791817
 10
63.28426519384873
 20
80.2222148834902
 10
63.25903936782583
 20
80.264301631587
 10
63.238060233744356
 20
80.30865828381745
 10
63.221529832133896
 20
80.35485766137276
 10
63.20960735979839
 20
80.40245483899193
 10
63.20240763666391
 20
80.45099142983521
 10
63.2
 20
80.5
 10
63.2
 20
81.9
 10
63.20240763666391
 20
81.94900857016479
 10
63.20960735979839
 20
81.99754516100808
 10
63.221529832133896
 20
82.04514233862724
 10
63.238060233744356
 20
82.09134171618255
 10
63.25903936782583
 20
82.135698368413
 10
63.28426519384873
 20
82.17778511650981
 10
63.31349477331863
 20
82.21719664208183
 10
63.346446609406726
 20
82.25355339059328
 10
63.38280335791818
 20
82.28650522668137
 10
63.4222148834902
 20
82.31573480615128
 10
63.464301631587006
 20
82.34096063217419
 10
63.50865828381746
 20
82.36193976625565
 10
63.55485766137277
 20
82.37847016786611
 10
63.60245483899194
 20
82.39039264020163
 10
63.65099142983522
 20
82.3975923633361
 10
63.7
 20
82.4
 10
65.10000000000001
 20
82.4
 10
65.1490085701648
 20
82.3975923633361
 10
65.19754516100808
 20
82.39039264020163
 10
65.24514233862725
 20
82.37847016786611
 10
65.29134171618256
 20
82.36193976625565
 10
65.335698368413
 20
82.34096063217419
 10
65.37778511650981
 20
82.31573480615128
 10
65.41719664208183
 20
82.28650522668137
 10
65.45355339059329
 20
82.25355339059328
 10
65.48650522668137
 20
82.21719664208183
 10
65.51573480615129
 20
82.17778511650981
 10
65.54096063217419
 20
82.135698368413
 10
65.56193976625565
 20
82.09134171618255
 10
65.57847016786612
 20
82.04514233862724
 10
65.59039264020163
 20
81.99754516100808
 10
65.5975923633361
 20
81.94900857016479
 10
65.60000000000001
 20
81.9
 10
65.60000000000001
 20
80.5
 10
65.5975923633361
 20
80.45099142983521
 10
65.59039264020163
 20
80.40245483899193
 10
65.57847016786612
 20
80.35485766137276
 10
65.56193976625565
 20
80.30865828381745
 10
65.54096063217419
 20
80.264301631587
 10
65.51573480615129
 20
80.2222148834902
 10
65.48650522668137
 20
80.18280335791817
 10
65.45355339059329
 20
80.14644660940672
 10
65.41719664208183
 20
80.11349477331864
 10
65.37778511650981
 20
80.08426519384872
 10
65.335698368413
 20
80.05903936782582
 10
65.29134171618256
 20
80.03806023374436
 10
65.24514233862725
 20
80.0215298321339
 10
65.19754516100808
 20
80.00960735979838
 10
65.1490085701648
 20
80.0024076366639
  0
LWPOLYLINE
  5
EB
330
17
100
AcDbEntity
  8
CUT
100
AcDbPolyline
 90
68
 70
1
 10
57.60000000000001
 20
87.2
 10
55.2
 20
87.2
 10
55.121586287736356
 20
87.20385221866225
 10
55.0439277423871
 20
87.21537177567741
 10
54.96777225819643
 20
87.23444773141424
 10
54.89385325410793
 20
87.26089637399097
 10
54.8228826105392
 20
87.29446298852132
 10
54.755543813584325
 20
87.33482431015797
 10
54.69248537266908
 20
87.38159163730981
 10
54.634314575050766
 20
87.43431457505076
 10
54.58159163730981
 20
87.49248537266908
 10
54.534824310157965
 20
87.55554381358432
 10
54.49446298852132
 20
87.62288261053921
 10
54.46089637399098
 20
87.69385325410792
 10
54.43444773141424
 20
87.76777225819643
 10
54.41537177567742
 20
87.8439277423871
 10
54.403852218662244
 20
87.92158628773635
 10
54.400000000000006
 20
88.0
 10
54.400000000000006
 20
90.4
 10
54.403852218662244
 20
90.47841371226366
 10
54.41537177567742
 20
90.55607225761291
 10
54.43444773141424
 20
90.63222774180358
 10
54.46089637399098
 20
90.70614674589208
 10
54.49446298852132
 20
90.7771173894608
 10
54.534824310157965
 20
90.84445618641568
 10
54.58159163730981
 20
90.90751462733093
 10
54.634314575050766
 20
90.96568542494924
 10
54.69248537266909
 20
91.0184083626902
 10
54.755543813584325
 20
91.06517568984204
 10
54.8228826105392
 20
91.10553701147869
 10
54.89385325410793
 20
91.13910362600903
 10
54.96777225819643
 20
91.16555226858577
 10
55.0439277423871
 20
91.1846282243226
 10
55.121586287736356
 20
91.19614778133776
 10
55.2
 20
91.2
 10
57.60000000000001
 20
91.2
 10
57.678413712263655
 20
91.19614778133776
 10
57.756072257612914
 20
91.1846282243226
 10
57.83222774180358
 20
91.16555226858577
 10
57.90614674589208
 20
91.13910362600903
 10
57.97711738946081
 20
91.10553701147869
 10
58.044456186415694
 20
91.06517568984204
 10
58.10751462733092
 20
91.0184083626902
 10
58.165685424949245
 20
90.96568542494924
 10
58.2184083626902
 20
90.90751462733093
 10
58.265175689842046
 20
90.84445618641568
 10
58.30553701147869
 20
90.7771173894608
 10
58.339103626009035
 20
90.70614674589208
 10
58.36555226858577
 20
90.63222774180358
 10
58.38462822432259
 20
90.55607225761291
 10
58.39614778133777
 20
90.47841371226366
 10
58.400000000000006
 20
90.4
 10
58.400000000000006
 20
88.0
 10
58.39614778133777
 20
87.92158628773635
 10
58.38462822432259
 20
87.8439277423871
 10
58.36555226858577
 20
87.76777225819643
 10
58.339103626009035
 20
87.69385325410792
 10
58.30553701147869
 20
87.62288261053921
 10
58.265175689842046
 20
87.55554381358432
 10
58.2184083626902
 20
87.49248537266908
 10
58.165685424949245
 20
87.43431457505076
 10
58.10751462733092
 20
87.38159163730981
 10
58.044456186415694
 20
87.33482431015797
 10
57.97711738946081
 20
87.29446298852132
 10
57.90614674589208
 20
87.26089637399097
 10
57.83222774180358
 20
87.23444773141424
 10
57.756072257612914
 20
87.21537177567741
 10
57.678413712263655
 20
87.20385221866225
  0
LWPOLYLINE
  5
EC
330
17
100
AcDbEntity
  8
CUT
100
AcDbPolyline
 90
68
 70
1
 10
65.60000000000001
 20
87.2
 10
63.2
 20
87.2
 10
63.121586287736356
 20
87.20385221866225
 10
63.0439277423871
 20
87.21537177567741
 10
62.96777225819643
 20
87.23444773141424
 10
62.89385325410793
 20
87.26089637399097
 10
62.8228826105392
 20
87.29446298852132
 10
62.755543813584325
 20
87.33482431015797
 10
62.69248537266908
 20
87.38159163730981
 10
62.634314575050766
 20
87.43431457505076
 10
62.58159163730981
 20
87.49248537266908
 10
62.534824310157965
 20
87.55554381358432
 10
62.49446298852132
 20
87.62288261053921
 10
62.46089637399098
 20
87.69385325410792
 10
62.43444773141424
 20
87.76777225819643
 10
62.41537177567742
 20
87.8439277423871
 10
62.403852218662244
 20
87.92158628773635
 10
62.400000000000006
 20
88.0
 10
62.400000000000006
 20
90.4
 10
62.403852218662244
 20
90.47841371226366
 10
62.41537177567742
 20
90.55607225761291
 10
62.43444773141424
 20
90.63222774180358
 10
62.46089637399098
 20
90.70614674589208
 10
62.49446298852132
 20
90.7771173894608
 10
62.534824310157965
 20
90.84445618641568
 10
62.58159163730981
 20
90.90751462733093
 10
62.634314575050766
 20
90.96568542494924
 10
62.69248537266909
 20
91.0184083626902
 10
62.755543813584325
 20
91.06517568984204
 10
62.8228826105392
 20
91.10553701147869
 10
62.89385325410793
 20
91.13910362600903
 10
62.96777225819643
 20
91.16555226858577
 10
63.0439277423871
 20
91.1846282243226
 10
63.121586287736356
 20
91.19614778133776
 10
63.2
 20
91.2
 10
65.60000000000001
 20
91.2
 10
65.67841371226366
 20
91.19614778133776
 10
65.75607225761291
 20
91.1846282243226
 10
65.83222774180358
 20
91.16555226858577
 10
65.90614674589209
 20
91.13910362600903
 10
65.9771173894608
 20
91.10553701147869
 10
66.04445618641569
 20
91.06517568984204
 10
66.10751462733093
 20
91.0184083626902
 10
66.16568542494925
 20
90.96568542494924
 10
66.2184083626902
 20
90.90751462733093
 10
66.26517568984204
 20
90.84445618641568
 10
66.30553701147869
 20
90.7771173894608
 10
66.33910362600903
 20
90.70614674589208
 10
66.36555226858577
 20
90.63222774180358
 10
66.3846282243226
 20
90.55607225761291
 10
66.39614778133776
 20
90.47841371226366
 10
66.4
 20
90.4
 10
66.4
 20
88.0
 10
66.39614778133776
 20
87.92158628773635
 10
66.3846282243226
 20
87.8439277423871
 10
66.36555226858577
 20
87.76777225819643
 10
66.33910362600903
 20
87.69385325410792
 10
66.30553701147869
 20
87.62288261053921
 10
66.26517568984204
 20
87.55554381358432
 10
66.2184083626902
 20
87.49248537266908
 10
66.16568542494925
 20
87.43431457505076
 10
66.10751462733093
 20
87.38159163730981
 10
66.04445618641569
 20
87.33482431015797
 10
65.9771173894608
 20
87.29446298852132
 10
65.90614674589209
 20
87.26089637399097
 10
65.83222774180358
 20
87.23444773141424
 10
65.75607225761291
 20
87.21537177567741
 10
65.67841371226366
 20
87.20385221866225
  0
LWPOLYLINE
  5
ED
330
17
100
AcDbEntity
  8
CUT
100
AcDbPolyline
 90
68
 70
1
 10
145.67841371226365
 20
87.20385221866225
 10
145.6
 20
87.2
 10
143.20000000000002
 20
87.2
 10
143.12158628773636
 20
87.20385221866225
 10
143.04392774238713
 20
87.21537177567741
 10
142.96777225819645
 20
87.23444773141424
 10
142.89385325410794
 20
87.26089637399097
 10
142.8228826105392
 20
87.29446298852132
 10
142.75554381358432
 20
87.33482431015797
 10
142.6924853726691
 20
87.38159163730981
 10
142.63431457505078
 20
87.43431457505076
 10
142.58159163730983
 20
87.49248537266908
 10
142.53482431015797
 20
87.55554381358432
 10
142.49446298852132
 20
87.62288261053921
 10
142.46089637399098
 20
87.69385325410792
 10
142.43444773141425
 20
87.76777225819643
 10
142.41537177567744
 20
87.8439277423871
 10
142.40385221866225
 20
87.92158628773635
 10
142.4
 20
88.0
 10
142.4
 20
90.4
 10
142.40385221866225
 20
90.47841371226366
 10
142.41537177567744
 20
90.55607225761291
 10
142.43444773141425
 20
90.63222774180358
 10
142.46089637399098
 20
90.70614674589208
 10
142.49446298852132
 20
90.7771173894608
 10
142.53482431015797
 20
90.84445618641568
 10
142.58159163730983
 20
90.90751462733093
 10
142.63431457505078
 20
90.96568542494924
 10
142.6924853726691
 20
91.0184083626902
 10
142.75554381358432
 20
91.06517568984204
 10
142.8228826105392
 20
91.10553701147869
 10
142.89385325410794
 20
91.13910362600903
 10
142.96777225819645
 20
91.16555226858577
 10
143.04392774238713
 20
91.1846282243226
 10
143.12158628773636
 20
91.19614778133776
 10
143.20000000000002
 20
91.2
 10
145.6
 20
91.2
 10
145.67841371226365
 20
91.19614778133776
 10
145.75607225761289
 20
91.1846282243226
 10
145.83222774180356
 20
91.16555226858577
 10
145.90614674589207
 20
91.13910362600903
 10
145.9771173894608
 20
91.10553701147869
 10
146.0444561864157
 20
91.06517568984204
 10
146.10751462733091
 20
91.0184083626902
 10
146.16568542494923
 20
90.96568542494924
 10
146.21840836269018
 20
90.90751462733093
 10
146.26517568984204
 20
90.84445618641568
 10
146.3055370114787
 20
90.7771173894608
 10
146.33910362600903
 20
90.70614674589208
 10
146.36555226858576
 20
90.63222774180358
 10
146.38462822432257
 20
90.55607225761291
 10
146.39614778133776
 20
90.47841371226366
 10
146.4
 20
90.4
 10
146.4
 20
88.0
 10
146.39614778133776
 20
87.92158628773635
 10
146.38462822432257
 20
87.8439277423871
 10
146.36555226858576
 20
87.76777225819643
 10
146.33910362600903
 20
87.69385325410792
 10
146.3055370114787
 20
87.62288261053921
 10
146.26517568984204
 20
87.55554381358432
 10
146.21840836269018
 20
87.49248537266908
 10
146.16568542494923
 20
87.43431457505076
 10
146.10751462733091
 20
87.38159163730981
 10
146.0444561864157
 20
87.33482431015797
 10
145.9771173894608
 20
87.29446298852132
 10
145.90614674589207
 20
87.26089637399097
 10
145.83222774180356
 20
87.23444773141424
 10
145.75607225761289
 20
87.21537177567741
  0
LWPOLYLINE
  5
EE
330
17
100
AcDbEntity
  8
CUT
100
AcDbPolyline
 90
68
 70
1
 10
154.20000000000002
 20
86.3
 10
150.6
 20
86.3
 10
150.4921811456375
 20
86.30529680066057
 10
150.38540064578225
 20
86.32113619155643
 10
150.2806868550201
 20
86.34736563069457
 10
150.1790482243984
 20
86.38373251423758
 10
150.0814635894914
 20
86.4298866092168
 10
149.98887274367843
 20
86.4853834264672
 10
149.90216738741998
 20
86.54968850130098
 10
149.8221825406948
 20
86.6221825406948
 10
149.749688501301
 20
86.70216738741998
 10
149.68538342646718
 20
86.78887274367843
 10
149.6298866092168
 20
86.88146358949139
 10
149.58373251423757
 20
86.9790482243984
 10
149.54736563069457
 20
87.08068685502008
 10
149.52113619155645
 20
87.18540064578225
 10
149.50529680066057
 20
87.29218114563747
 10
149.5
 20
87.39999999999999
 10
149.5
 20
91.00000000000001
 10
149.50529680066057
 20
91.10781885436253
 10
149.52113619155645
 20
91.21459935421775
 10
149.54736563069457
 20
91.31931314497993
 10
149.58373251423757
 20
91.42095177560161
 10
149.6298866092168
 20
91.51853641050862
 10
149.68538342646718
 20
91.61112725632158
 10
149.749688501301
 20
91.69783261258003
 10
149.8221825406948
 20
91.77781745930521
 10
149.90216738741998
 20
91.85031149869903
 10
149.98887274367843
 20
91.91461657353281
 10
150.0814635894914
 20
91.97011339078321
 10
150.1790482243984
 20
92.01626748576243
 10
150.2806868550201
 20
92.05263436930544
 10
150.38540064578225
 20
92.07886380844357
 10
150.4921811456375
 20
92.09470319933943
 10
150.6
 20
92.10000000000001
 10
154.20000000000002
 20
92.10000000000001
 10
154.30781885436252
 20
92.09470319933943
 10
154.41459935421776
 20
92.07886380844357
 10
154.51931314497992
 20
92.05263436930544
 10
154.6209517756016
 20
92.01626748576243
 10
154.71853641050862
 20
91.97011339078321
 10
154.81112725632158
 20
91.91461657353281
 10
154.89783261258003
 20
91.85031149869903
 10
154.97781745930521
 20
91.77781745930521
 10
155.05031149869902
 20
91.69783261258003
 10
155.11461657353283
 20
91.61112725632158
 10
155.1701133907832
 20
91.51853641050862
 10
155.21626748576244
 20
91.42095177560161
 10
155.25263436930544
 20
91.31931314497993
 10
155.27886380844356
 20
91.21459935421775
 10
155.29470319933944
 20
91.10781885436253
 10
155.3
 20
91.00000000000001
 10
155.3
 20
87.39999999999999
 10
155.29470319933944
 20
87.29218114563747
 10
155.27886380844356
 20
87.18540064578225
 10
155.25263436930544
 20
87.08068685502008
 10
155.21626748576244
 20
86.9790482243984
 10
155.1701133907832
 20
86.88146358949139
 10
155.11461657353283
 20
86.78887274367843
 10
155.05031149869902
 20
86.70216738741998
 10
154.97781745930521
 20
86.6221825406948
 10
154.89783261258003
 20
86.54968850130098
 10
154.81112725632158
 20
86.4853834264672
 10
154.71853641050862
 20
86.4298866092168
 10
154.6209517756016
 20
86.38373251423758
 10
154.51931314497992
 20
86.34736563069457
 10
154.41459935421776
 20
86.32113619155643
 10
154.30781885436252
 20
86.30529680066057
  0
LWPOLYLINE
  5
EF
330
17
100
AcDbEntity
  8
CUT
100
AcDbPolyline
 90
68
 70
1
 10
58.30781885436252
 20
94.30529680066057
 10
58.2
 20
94.3
 10
54.60000000000001
 20
94.3
 10
54.492181145637495
 20
94.30529680066057
 10
54.38540064578227
 20
94.32113619155643
 10
54.2806868550201
 20
94.34736563069457
 10
54.17904822439841
 20
94.38373251423758
 10
54.08146358949141
 20
94.4298866092168
 10
53.98887274367845
 20
94.4853834264672
 10
53.90216738742
 20
94.54968850130098
 10
53.822182540694804
 20
94.6221825406948
 10
53.749688501300994
 20
94.70216738741998
 10
53.68538342646721
 20
94.78887274367843
 10
53.62988660921682
 20
94.88146358949139
 10
53.583732514237596
 20
94.9790482243984
 10
53.54736563069458
 20
95.08068685502008
 10
53.52113619155646
 20
95.18540064578225
 10
53.505296800660595
 20
95.29218114563747
 10
53.50000000000001
 20
95.39999999999999
 10
53.50000000000001
 20
99.00000000000001
 10
53.505296800660595
 20
99.10781885436253
 10
53.52113619155646
 20
99.21459935421775
 10
53.54736563069458
 20
99.31931314497993
 10
53.583732514237596
 20
99.42095177560161
 10
53.62988660921682
 20
99.51853641050862
 10
53.68538342646721
 20
99.61112725632158
 10
53.749688501300994
 20
99.69783261258003
 10
53.822182540694804
 20
99.77781745930521
 10
53.90216738742
 20
99.85031149869903
 10
53.98887274367845
 20
99.91461657353281
 10
54.08146358949141
 20
99.97011339078321
 10
54.17904822439841
 20
100.01626748576243
 10
54.2806868550201
 20
100.05263436930544
 10
54.38540064578227
 20
100.07886380844357
 10
54.49218114563749
 20
100.09470319933943
 10
54.60000000000001
 20
100.10000000000001
 10
58.2
 20
100.10000000000001
 10
58.30781885436252
 20
100.09470319933943
 10
58.41459935421774
 20
100.07886380844357
 10
58.51931314497991
 20
100.05263436930544
 10
58.620951775601604
 20
100.01626748576243
 10
58.7185364105086
 20
99.97011339078321
 10
58.81112725632156
 20
99.91461657353281
 10
58.89783261258001
 20
99.85031149869903
 10
58.97781745930521
 20
99.77781745930521
 10
59.05031149869902
 20
99.69783261258003
 10
59.1146165735328
 20
99.61112725632158
 10
59.17011339078319
 20
99.51853641050862
 10
59.216267485762415
 20
99.42095177560161
 10
59.25263436930543
 20
99.31931314497993
 10
59.27886380844355
 20
99.21459935421775
 10
59.294703199339416
 20
99.10781885436253
 10
59.300000000000004
 20
99.00000000000001
 10
59.300000000000004
 20
95.39999999999999
 10
59.294703199339416
 20
95.29218114563747
 10
59.27886380844355
 20
95.18540064578225
 10
59.25263436930543
 20
95.08068685502008
 10
59.216267485762415
 20
94.9790482243984
 10
59.17011339078319
 20
94.88146358949139
 10
59.1146165735328
 20
94.78887274367843
 10
59.05031149869902
 20
94.70216738741998
 10
58.97781745930521
 20
94.6221825406948
 10
58.89783261258001
 20
94.54968850130098
 10
58.81112725632156
 20
94.4853834264672
 10
58.7185364105086
 20
94.4298866092168
 10
58.620951775601604
 20
94.38373251423758
 10
58.51931314497991
 20
94.34736563069457
 10
58.41459935421774
 20
94.32113619155643
  0
LWPOLYLINE
  5
F0
330
17
100
AcDbEntity
  8
CUT
100
AcDbPolyline
 90
68
 70
1
 10
145.14900857016477
 20
96.0024076366639
 10
145.1
 20
96.0
 10
143.70000000000002
 20
96.0
 10
143.65099142983524
 20
96.0024076366639
 10
143.60245483899195
 20
96.00960735979838
 10
143.55485766137278
 20
96.0215298321339
 10
143.50865828381748
 20
96.03806023374436
 10
143.464301631587
 20
96.05903936782582
 10
143.42221488349023
 20
96.08426519384872
 10
143.3828033579182
 20
96.11349477331864
 10
143.34644660940674
 20
96.14644660940672
 10
143.31349477331864
 20
96.18280335791817
 10
143.28426519384874
 20
96.2222148834902
 10
143.25903936782584
 20
96.264301631587
 10
143.23806023374436
 20
96.30865828381745
 10
143.2215298321339
 20
96.35485766137276
 10
143.2096073597984
 20
96.40245483899193
 10
143.2024076366639
 20
96.45099142983521
 10
143.20000000000002
 20
96.5
 10
143.20000000000002
 20
97.9
 10
143.2024076366639
 20
97.94900857016479
 10
143.2096073597984
 20
97.99754516100808
 10
143.2215298321339
 20
98.04514233862724
 10
143.23806023374436
 20
98.09134171618255
 10
143.25903936782584
 20
98.135698368413
 10
143.28426519384874
 20
98.17778511650981
 10
143.31349477331864
 20
98.21719664208183
 10
143.34644660940674
 20
98.25355339059328
 10
143.3828033579182
 20
98.28650522668137
 10
143.42221488349023
 20
98.31573480615128
 10
143.464301631587
 20
98.34096063217419
 10
143.50865828381748
 20
98.36193976625565
 10
143.55485766137278
 20
98.37847016786611
 10
143.60245483899195
 20
98.39039264020163
 10
143.65099142983524
 20
98.3975923633361
 10
143.70000000000002
 20
98.4
 10
145.1
 20
98.4
 10
145.14900857016477
 20
98.3975923633361
 10
145.19754516100807
 20
98.39039264020163
 10
145.24514233862723
 20
98.37847016786611
 10
145.29134171618253
 20
98.36193976625565
 10
145.335698368413
 20
98.34096063217419
 10
145.37778511650978
 20
98.31573480615128
 10
145.41719664208182
 20
98.28650522668137
 10
145.45355339059327
 20
98.25355339059328
 10
145.48650522668137
 20
98.21719664208183
 10
145.51573480615127
 20
98.17778511650981
 10
145.54096063217418
 20
98.135698368413
 10
145.56193976625565
 20
98.09134171618255
 10
145.5784701678661
 20
98.04514233862724
 10
145.5903926402016
 20
97.99754516100808
 10
145.5975923633361
 20
97.94900857016479
 10
145.6
 20
97.9
 10
145.6
 20
96.5
 10
145.5975923633361
 20
96.45099142983521
 10
145.5903926402016
 20
96.40245483899193
 10
145.5784701678661
 20
96.35485766137276
 10
145.56193976625565
 20
96.30865828381745
 10
145.54096063217418
 20
96.264301631587
 10
145.51573480615127
 20
96.2222148834902
 10
145.48650522668137
 20
96.18280335791817
 10
145.45355339059327
 20
96.14644660940672
 10
145.41719664208182
 20
96.11349477331864
 10
145.37778511650978
 20
96.08426519384872
 10
145.335698368413
 20
96.05903936782582
 10
145.29134171618253
 20
96.03806023374436
 10
145.24514233862723
 20
96.0215298321339
 10
145.19754516100807
 20
96.00960735979838
  0
LWPOLYLINE
  5
F1
330
17
100
AcDbEntity
  8
CUT
100
AcDbPolyline
 90
68
 70
1
 10
153.6
 20
95.2
 10
151.20000000000002
 20
95.2
 10
151.12158628773636
 20
95.20385221866225
 10
151.04392774238713
 20
95.21537177567741
 10
150.96777225819645
 20
95.23444773141424
 10
150.89385325410794
 20
95.26089637399097
 10
150.8228826105392
 20
95.29446298852132
 10
150.75554381358432
 20
95.33482431015797
 10
150.6924853726691
 20
95.38159163730981
 10
150.63431457505078
 20
95.43431457505076
 10
150.58159163730983
 20
95.49248537266908
 10
150.53482431015797
 20
95.55554381358432
 10
150.49446298852132
 20
95.62288261053921
 10
150.46089637399098
 20
95.69385325410792
 10
150.43444773141425
 20
95.76777225819643
 10
150.41537177567744
 20
95.8439277423871
 10
150.40385221866225
 20
95.92158628773635
 10
150.4
 20
96.0
 10
150.4
 20
98.4
 10
150.40385221866225
 20
98.47841371226366
 10
150.41537177567744
 20
98.55607225761291
 10
150.43444773141425
 20
98.63222774180358
 10
150.46089637399098
 20
98.70614674589208
 10
150.49446298852132
 20
98.7771173894608
 10
150.53482431015797
 20
98.84445618641568
 10
150.58159163730983
 20
98.90751462733093
 10
150.63431457505078
 20
98.96568542494924
 10
150.6924853726691
 20
99.0184083626902
 10
150.75554381358432
 20
99.06517568984204
 10
150.8228826105392
 20
99.10553701147869
 10
150.89385325410794
 20
99.13910362600903
 10
150.96777225819645
 20
99.16555226858577
 10
151.04392774238713
 20
99.1846282243226
 10
151.12158628773636
 20
99.19614778133776
 10
151.20000000000002
 20
99.2
 10
153.6
 20
99.2
 10
153.67841371226365
 20
99.19614778133776
 10
153.75607225761289
 20
99.1846282243226
 10
153.83222774180356
 20
99.16555226858577
 10
153.90614674589207
 20
99.13910362600903
 10
153.9771173894608
 20
99.10553701147869
 10
154.0444561864157
 20
99.06517568984204
 10
154.10751462733091
 20
99.0184083626902
 10
154.16568542494923
 20
98.96568542494924
 10
154.21840836269018
 20
98.90751462733093
 10
154.26517568984204
 20
98.84445618641568
 10
154.3055370114787
 20
98.7771173894608
 10
154.33910362600903
 20
98.70614674589208
 10
154.36555226858576
 20
98.63222774180358
 10
154.38462822432257
 20
98.55607225761291
 10
154.39614778133776
 20
98.47841371226366
 10
154.4
 20
98.4
 10
154.4
 20
96.0
 10
154.39614778133776
 20
95.92158628773635
 10
154.38462822432257
 20
95.8439277423871
 10
154.36555226858576
 20
95.76777225819643
 10
154.33910362600903
 20
95.69385325410792
 10
154.3055370114787
 20
95.62288261053921
 10
154.26517568984204
 20
95.55554381358432
 10
154.21840836269018
 20
95.49248537266908
 10
154.16568542494923
 20
95.43431457505076
 10
154.10751462733091
 20
95.38159163730981
 10
154.0444561864157
 20
95.33482431015797
 10
153.9771173894608
 20
95.29446298852132
 10
153.90614674589207
 20
95.26089637399097
 10
153.83222774180356
 20
95.23444773141424
 10
153.75607225761289
 20
95.21537177567741
 10
153.67841371226365
 20
95.20385221866225
  0
LWPOLYLINE
  5
F2
330
17
100
AcDbEntity
  8
CUT
100
AcDbPolyline
 90
68
 70
1
 10
145.1
 20
104.0
 10
143.70000000000002
 20
104.0
 10
143.65099142983524
 20
104.0024076366639
 10
143.60245483899195
 20
104.00960735979838
 10
143.55485766137278
 20
104.0215298321339
 10
143.50865828381748
 20
104.03806023374436
 10
143.464301631587
 20
104.05903936782582
 10
143.42221488349023
 20
104.08426519384872
 10
143.3828033579182
 20
104.11349477331864
 10
143.34644660940674
 20
104.14644660940672
 10
143.31349477331864
 20
104.18280335791817
 10
143.28426519384874
 20
104.2222148834902
 10
143.25903936782584
 20
104.264301631587
 10
143.23806023374436
 20
104.30865828381745
 10
143.2215298321339
 20
104.35485766137276
 10
143.2096073597984
 20
104.40245483899193
 10
143.2024076366639
 20
104.45099142983521
 10
143.20000000000002
 20
104.5
 10
143.20000000000002
 20
105.9
 10
143.2024076366639
 20
105.94900857016479
 10
143.2096073597984
 20
105.99754516100808
 10
143.2215298321339
 20
106.04514233862724
 10
143.23806023374436
 20
106.09134171618255
 10
143.25903936782584
 20
106.135698368413
 10
143.28426519384874
 20
106.17778511650981
 10
143.31349477331864
 20
106.21719664208183
 10
143.34644660940674
 20
106.25355339059328
 10
143.3828033579182
 20
106.28650522668137
 10
143.42221488349023
 20
106.31573480615128
 10
143.464301631587
 20
106.34096063217419
 10
143.50865828381748
 20
106.36193976625565
 10
143.55485766137278
 20
106.37847016786611
 10
143.60245483899195
 20
106.39039264020163
 10
143.65099142983524
 20
106.3975923633361
 10
143.70000000000002
 20
106.4
 10
145.1
 20
106.4
 10
145.14900857016477
 20
106.3975923633361
 10
145.19754516100807
 20
106.39039264020163
 10
145.24514233862723
 20
106.37847016786611
 10
145.29134171618253
 20
106.36193976625565
 10
145.335698368413
 20
106.34096063217419
 10
145.37778511650978
 20
106.31573480615128
 10
145.41719664208182
 20
106.28650522668137
 10
145.45355339059327
 20
106.25355339059328
 10
145.48650522668137
 20
106.21719664208183
 10
145.51573480615127
 20
106.17778511650981
 10
145.54096063217418
 20
106.135698368413
 10
145.56193976625565
 20
106.09134171618255
 10
145.5784701678661
 20
106.04514233862724
 10
145.5903926402016
 20
105.99754516100808
 10
145.5975923633361
 20
105.94900857016479
 10
145.6
 20
105.9
 10
145.6
 20
104.5
 10
145.5975923633361
 20
104.45099142983521
 10
145.5903926402016
 20
104.40245483899193
 10
145.5784701678661
 20
104.35485766137276
 10
145.56193976625565
 20
104.30865828381745
 10
145.54096063217418
 20
104.264301631587
 10
145.51573480615127
 20
104.2222148834902
 10
145.48650522668137
 20
104.18280335791817
 10
145.45355339059327
 20
104.14644660940672
 10
145.41719664208182
 20
104.11349477331864
 10
145.37778511650978
 20
104.08426519384872
 10
145.335698368413
 20
104.05903936782582
 10
145.29134171618253
 20
104.03806023374436
 10
145.24514233862723
 20
104.0215298321339
 10
145.19754516100807
 20
104.00960735979838
 10
145.14900857016477
 20
104.0024076366639
  0
LWPOLYLINE
  5
F3
330
17
100
AcDbEntity
  8
CUT
100
AcDbPolyline
 90
68
 70
1
 10
153.14900857016477
 20
104.0024076366639
 10
153.1
 20
104.0
 10
151.70000000000002
 20
104.0
 10
151.65099142983524
 20
104.0024076366639
 10
151.60245483899195
 20
104.00960735979838
 10
151.55485766137278
 20
104.0215298321339
 10
151.50865828381748
 20
104.03806023374436
 10
151.464301631587
 20
104.05903936782582
 10
151.42221488349023
 20
104.08426519384872
 10
151.3828033579182
 20
104.11349477331864
 10
151.34644660940674
 20
104.14644660940672
 10
151.31349477331864
 20
104.18280335791817
 10
151.28426519384874
 20
104.2222148834902
 10
151.25903936782584
 20
104.264301631587
 10
151.23806023374436
 20
104.30865828381745
 10
151.2215298321339
 20
104.35485766137276
 10
151.2096073597984
 20
104.40245483899193
 10
151.2024076366639
 20
104.45099142983521
 10
151.20000000000002
 20
104.5
 10
151.20000000000002
 20
105.9
 10
151.2024076366639
 20
105.94900857016479
 10
151.2096073597984
 20
105.99754516100808
 10
151.2215298321339
 20
106.04514233862724
 10
151.23806023374436
 20
106.09134171618255
 10
151.25903936782584
 20
106.135698368413
 10
151.28426519384874
 20
106.17778511650981
 10
151.31349477331864
 20
106.21719664208183
 10
151.34644660940674
 20
106.25355339059328
 10
151.3828033579182
 20
106.28650522668137
 10
151.42221488349023
 20
106.31573480615128
 10
151.464301631587
 20
106.34096063217419
 10
151.50865828381748
 20
106.36193976625565
 10
151.55485766137278
 20
106.37847016786611
 10
151.60245483899195
 20
106.39039264020163
 10
151.65099142983524
 20
106.3975923633361
 10
151.70000000000002
 20
106.4
 10
153.1
 20
106.4
 10
153.14900857016477
 20
106.3975923633361
 10
153.19754516100807
 20
106.39039264020163
 10
153.24514233862723
 20
106.37847016786611
 10
153.29134171618253
 20
106.36193976625565
 10
153.335698368413
 20
106.34096063217419
 10
153.37778511650978
 20
106.31573480615128
 10
153.41719664208182
 20
106.28650522668137
 10
153.45355339059327
 20
106.25355339059328
 10
153.48650522668137
 20
106.21719664208183
 10
153.51573480615127
 20
106.17778511650981
 10
153.54096063217418
 20
106.135698368413
 10
153.56193976625565
 20
106.09134171618255
 10
153.5784701678661
 20
106.04514233862724
 10
153.5903926402016
 20
105.99754516100808
 10
153.5975923633361
 20
105.94900857016479
 10
153.6
 20
105.9
 10
153.6
 20
104.5
 10
153.5975923633361
 20
104.45099142983521
 10
153.5903926402016
 20
104.40245483899193
 10
153.5784701678661
 20
104.35485766137276
 10
153.56193976625565
 20
104.30865828381745
 10
153.54096063217418
 20
104.264301631587
 10
153.51573480615127
 20
104.2222148834902
 10
153.48650522668137
 20
104.18280335791817
 10
153.45355339059327
 20
104.14644660940672
 10
153.41719664208182
 20
104.11349477331864
 10
153.37778511650978
 20
104.08426519384872
 10
153.335698368413
 20
104.05903936782582
 10
153.29134171618253
 20
104.03806023374436
 10
153.24514233862723
 20
104.0215298321339
 10
153.19754516100807
 20
104.00960735979838
  0
LWPOLYLINE
  5
F4
330
17
100
AcDbEntity
  8
CUT
100
AcDbPolyline
 90
68
 70
1
 10
178.20000000000002
 20
14.300000000000002
 10
174.6
 20
14.300000000000002
 10
174.4921811456375
 20
14.305296800660585
 10
174.38540064578225
 20
14.321136191556448
 10
174.2806868550201
 20
14.347365630694572
 10
174.1790482243984
 20
14.383732514237586
 10
174.0814635894914
 20
14.429886609216812
 10
173.98887274367843
 20
14.485383426467202
 10
173.90216738741998
 20
14.549688501300992
 10
173.8221825406948
 20
14.6221825406948
 10
173.749688501301
 20
14.702167387419992
 10
173.68538342646718
 20
14.78887274367844
 10
173.6298866092168
 20
14.881463589491405
 10
173.58373251423757
 20
14.979048224398403
 10
173.54736563069457
 20
15.080686855020094
 10
173.52113619155645
 20
15.185400645782261
 10
173.50529680066057
 20
15.292181145637485
 10
173.5
 20
15.400000000000002
 10
173.5
 20
19.0
 10
173.50529680066057
 20
19.107818854362517
 10
173.52113619155645
 20
19.214599354217743
 10
173.54736563069457
 20
19.31931314497991
 10
173.58373251423757
 20
19.420951775601598
 10
173.6298866092168
 20
19.5185364105086
 10
173.68538342646718
 20
19.611127256321563
 10
173.749688501301
 20
19.69783261258001
 10
173.8221825406948
 20
19.7778174593052
 10
173.90216738741998
 20
19.85031149869901
 10
173.98887274367843
 20
19.9146165735328
 10
174.0814635894914
 20
19.97011339078319
 10
174.1790482243984
 20
20.016267485762416
 10
174.2806868550201
 20
20.05263436930543
 10
174.38540064578225
 20
20.078863808443554
 10
174.4921811456375
 20
20.094703199339417
 10
174.6
 20
20.1
 10
178.20000000000002
 20
20.1
 10
178.30781885436252
 20
20.094703199339417
 10
178.41459935421776
 20
20.078863808443554
 10
178.51931314497992
 20
20.05263436930543
 10
178.6209517756016
 20
20.016267485762416
 10
178.71853641050862
 20
19.97011339078319
 10
178.81112725632158
 20
19.9146165735328
 10
178.89783261258003
 20
19.85031149869901
 10
178.97781745930521
 20
19.7778174593052
 10
179.05031149869902
 20
19.69783261258001
 10
179.11461657353283
 20
19.611127256321563
 10
179.1701133907832
 20
19.5185364105086
 10
179.21626748576244
 20
19.420951775601598
 10
179.25263436930544
 20
19.31931314497991
 10
179.27886380844356
 20
19.21459935421774
 10
179.29470319933944
 20
19.107818854362517
 10
179.3
 20
19.0
 10
179.3
 20
15.400000000000002
 10
179.29470319933944
 20
15.292181145637485
 10
179.27886380844356
 20
15.185400645782261
 10
179.25263436930544
 20
15.080686855020094
 10
179.21626748576244
 20
14.979048224398403
 10
179.1701133907832
 20
14.881463589491405
 10
179.11461657353283
 20
14.78887274367844
 10
179.05031149869902
 20
14.702167387419992
 10
178.97781745930521
 20
14.6221825406948
 10
178.89783261258003
 20
14.549688501300992
 10
178.81112725632158
 20
14.485383426467202
 10
178.71853641050862
 20
14.429886609216812
 10
178.6209517756016
 20
14.383732514237586
 10
178.51931314497992
 20
14.347365630694572
 10
178.41459935421776
 20
14.321136191556448
 10
178.30781885436252
 20
14.305296800660585
  0
LWPOLYLINE
  5
F5
330
17
100
AcDbEntity
  8
CUT
100
AcDbPolyline
 90
68
 70
1
 10
194.30781885436252
 20
14.305296800660585
 10
194.20000000000002
 20
14.300000000000002
 10
190.6
 20
14.300000000000002
 10
190.4921811456375
 20
14.305296800660585
 10
190.38540064578225
 20
14.321136191556448
 10
190.2806868550201
 20
14.347365630694572
 10
190.1790482243984
 20
14.383732514237586
 10
190.0814635894914
 20
14.429886609216812
 10
189.98887274367843
 20
14.485383426467202
 10
189.90216738741998
 20
14.549688501300992
 10
189.8221825406948
 20
14.6221825406948
 10
189.749688501301
 20
14.702167387419992
 10
189.68538342646718
 20
14.78887274367844
 10
189.6298866092168
 20
14.881463589491405
 10
189.58373251423757
 20
14.979048224398403
 10
189.54736563069457
 20
15.080686855020094
 10
189.52113619155645
 20
15.185400645782261
 10
189.50529680066057
 20
15.292181145637485
 10
189.5
 20
15.400000000000002
 10
189.5
 20
19.0
 10
189.50529680066057
 20
19.107818854362517
 10
189.52113619155645
 20
19.214599354217743
 10
189.54736563069457
 20
19.31931314497991
 10
189.58373251423757
 20
19.420951775601598
 10
189.6298866092168
 20
19.5185364105086
 10
189.68538342646718
 20
19.611127256321563
 10
189.749688501301
 20
19.69783261258001
 10
189.8221825406948
 20
19.7778174593052
 10
189.90216738741998
 20
19.85031149869901
 10
189.98887274367843
 20
19.9146165735328
 10
190.0814635894914
 20
19.97011339078319
 10
190.1790482243984
 20
20.016267485762416
 10
190.2806868550201
 20
20.05263436930543
 10
190.38540064578225
 20
20.078863808443554
 10
190.4921811456375
 20
20.094703199339417
 10
190.6
 20
20.1
 10
194.20000000000002
 20
20.1
 10
194.30781885436252
 20
20.094703199339417
 10
194.41459935421776
 20
20.078863808443554
 10
194.51931314497992
 20
20.05263436930543
 10
194.6209517756016
 20
20.016267485762416
 10
194.71853641050862
 20
19.97011339078319
 10
194.81112725632158
 20
19.9146165735328
 10
194.89783261258003
 20
19.85031149869901
 10
194.97781745930521
 20
19.7778174593052
 10
195.05031149869902
 20
19.69783261258001
 10
195.11461657353283
 20
19.611127256321563
 10
195.1701133907832
 20
19.5185364105086
 10
195.21626748576244
 20
19.420951775601598
 10
195.25263436930544
 20
19.31931314497991
 10
195.27886380844356
 20
19.21459935421774
 10
195.29470319933944
 20
19.107818854362517
 10
195.3
 20
19.0
 10
195.3
 20
15.400000000000002
 10
195.29470319933944
 20
15.292181145637485
 10
195.27886380844356
 20
15.185400645782261
 10
195.25263436930544
 20
15.080686855020094
 10
195.21626748576244
 20
14.979048224398403
 10
195.1701133907832
 20
14.881463589491405
 10
195.11461657353283
 20
14.78887274367844
 10
195.05031149869902
 20
14.702167387419992
 10
194.97781745930521
 20
14.6221825406948
 10
194.89783261258003
 20
14.549688501300992
 10
194.81112725632158
 20
14.485383426467202
 10
194.71853641050862
 20
14.429886609216812
 10
194.6209517756016
 20
14.383732514237586
 10
194.51931314497992
 20
14.347365630694572
 10
194.41459935421776
 20
14.321136191556448
  0
LWPOLYLINE
  5
F6
330
17
100
AcDbEntity
  8
CUT
100
AcDbPolyline
 90
68
 70
1
 10
186.20000000000002
 20
22.300000000000004
 10
182.6
 20
22.300000000000004
 10
182.4921811456375
 20
22.30529680066059
 10
182.38540064578225
 20
22.32113619155645
 10
182.2806868550201
 20
22.347365630694576
 10
182.1790482243984
 20
22.38373251423759
 10
182.0814635894914
 20
22.429886609216815
 10
181.98887274367843
 20
22.485383426467205
 10
181.90216738741998
 20
22.549688501300995
 10
181.8221825406948
 20
22.622182540694805
 10
181.749688501301
 20
22.702167387419998
 10
181.68538342646718
 20
22.788872743678443
 10
181.6298866092168
 20
22.881463589491407
 10
181.58373251423757
 20
22.979048224398408
 10
181.54736563069457
 20
23.080686855020097
 10
181.52113619155645
 20
23.185400645782263
 10
181.50529680066057
 20
23.29218114563749
 10
181.5
 20
23.400000000000006
 10
181.5
 20
27.0
 10
181.50529680066057
 20
27.107818854362517
 10
181.52113619155645
 20
27.214599354217743
 10
181.54736563069457
 20
27.31931314497991
 10
181.58373251423757
 20
27.420951775601598
 10
181.6298866092168
 20
27.5185364105086
 10
181.68538342646718
 20
27.611127256321563
 10
181.749688501301
 20
27.69783261258001
 10
181.8221825406948
 20
27.7778174593052
 10
181.90216738741998
 20
27.85031149869901
 10
181.98887274367843
 20
27.9146165735328
 10
182.0814635894914
 20
27.97011339078319
 10
182.1790482243984
 20
28.016267485762416
 10
182.2806868550201
 20
28.05263436930543
 10
182.38540064578225
 20
28.078863808443554
 10
182.4921811456375
 20
28.094703199339417
 10
182.6
 20
28.1
 10
186.20000000000002
 20
28.1
 10
186.30781885436252
 20
28.094703199339417
 10
186.41459935421776
 20
28.078863808443554
 10
186.51931314497992
 20
28.05263436930543
 10
186.6209517756016
 20
28.016267485762416
 10
186.71853641050862
 20
27.97011339078319
 10
186.81112725632158
 20
27.9146165735328
 10
186.89783261258003
 20
27.85031149869901
 10
186.97781745930521
 20
27.7778174593052
 10
187.05031149869902
 20
27.69783261258001
 10
187.11461657353283
 20
27.611127256321563
 10
187.1701133907832
 20
27.5185364105086
 10
187.21626748576244
 20
27.420951775601598
 10
187.25263436930544
 20
27.31931314497991
 10
187.27886380844356
 20
27.21459935421774
 10
187.29470319933944
 20
27.107818854362517
 10
187.3
 20
27.0
 10
187.3
 20
23.400000000000006
 10
187.29470319933944
 20
23.29218114563749
 10
187.27886380844356
 20
23.185400645782266
 10
187.25263436930544
 20
23.080686855020097
 10
187.21626748576244
 20
22.979048224398408
 10
187.1701133907832
 20
22.881463589491407
 10
187.11461657353283
 20
22.788872743678443
 10
187.05031149869902
 20
22.702167387419994
 10
186.97781745930521
 20
22.622182540694805
 10
186.89783261258003
 20
22.549688501300995
 10
186.81112725632158
 20
22.485383426467205
 10
186.71853641050862
 20
22.429886609216815
 10
186.6209517756016
 20
22.38373251423759
 10
186.51931314497992
 20
22.347365630694576
 10
186.41459935421776
 20
22.32113619155645
 10
186.30781885436252
 20
22.30529680066059
  0
LWPOLYLINE
  5
F7
330
17
100
AcDbEntity
  8
CUT
100
AcDbPolyline
 90
68
 70
1
 10
161.1
 20
32.0
 10
159.70000000000002
 20
32.0
 10
159.65099142983524
 20
32.002407636663904
 10
159.60245483899195
 20
32.00960735979839
 10
159.55485766137278
 20
32.02152983213389
 10
159.50865828381748
 20
32.03806023374435
 10
159.464301631587
 20
32.059039367825825
 10
159.42221488349023
 20
32.08426519384873
 10
159.3828033579182
 20
32.113494773318635
 10
159.34644660940674
 20
32.14644660940672
 10
159.31349477331864
 20
32.182803357918175
 10
159.28426519384874
 20
32.222214883490196
 10
159.25903936782584
 20
32.264301631587
 10
159.23806023374436
 20
32.30865828381746
 10
159.2215298321339
 20
32.35485766137277
 10
159.2096073597984
 20
32.402454838991936
 10
159.2024076366639
 20
32.45099142983522
 10
159.20000000000002
 20
32.5
 10
159.20000000000002
 20
33.900000000000006
 10
159.2024076366639
 20
33.949008570164786
 10
159.2096073597984
 20
33.99754516100807
 10
159.2215298321339
 20
34.04514233862724
 10
159.23806023374436
 20
34.09134171618255
 10
159.25903936782584
 20
34.135698368413
 10
159.28426519384874
 20
34.17778511650981
 10
159.31349477331864
 20
34.21719664208183
 10
159.34644660940674
 20
34.25355339059328
 10
159.3828033579182
 20
34.28650522668138
 10
159.42221488349023
 20
34.315734806151276
 10
159.464301631587
 20
34.34096063217418
 10
159.50865828381748
 20
34.36193976625565
 10
159.55485766137278
 20
34.37847016786611
 10
159.60245483899195
 20
34.39039264020162
 10
159.65099142983524
 20
34.3975923633361
 10
159.70000000000002
 20
34.400000000000006
 10
161.1
 20
34.400000000000006
 10
161.14900857016477
 20
34.3975923633361
 10
161.19754516100807
 20
34.39039264020162
 10
161.24514233862723
 20
34.37847016786611
 10
161.29134171618253
 20
34.36193976625565
 10
161.335698368413
 20
34.34096063217418
 10
161.37778511650978
 20
34.315734806151276
 10
161.41719664208182
 20
34.28650522668137
 10
161.45355339059327
 20
34.25355339059328
 10
161.48650522668137
 20
34.21719664208183
 10
161.51573480615127
 20
34.17778511650981
 10
161.54096063217418
 20
34.135698368413
 10
161.56193976625565
 20
34.09134171618255
 10
161.5784701678661
 20
34.04514233862724
 10
161.5903926402016
 20
33.99754516100807
 10
161.5975923633361
 20
33.949008570164786
 10
161.6
 20
33.900000000000006
 10
161.6
 20
32.5
 10
161.5975923633361
 20
32.45099142983522
 10
161.5903926402016
 20
32.402454838991936
 10
161.5784701678661
 20
32.35485766137277
 10
161.56193976625565
 20
32.30865828381746
 10
161.54096063217418
 20
32.264301631587
 10
161.51573480615127
 20
32.222214883490196
 10
161.48650522668137
 20
32.182803357918175
 10
161.45355339059327
 20
32.14644660940672
 10
161.41719664208182
 20
32.113494773318635
 10
161.37778511650978
 20
32.08426519384873
 10
161.335698368413
 20
32.059039367825825
 10
161.29134171618253
 20
32.03806023374435
 10
161.24514233862723
 20
32.02152983213389
 10
161.19754516100807
 20
32.00960735979839
 10
161.14900857016477
 20
32.002407636663904
  0
LWPOLYLINE
  5
F8
330
17
100
AcDbEntity
  8
CUT
100
AcDbPolyline
 90
68
 70
1
 10
186.20000000000002
 20
30.300000000000004
 10
182.6
 20
30.300000000000004
 10
182.4921811456375
 20
30.30529680066059
 10
182.38540064578225
 20
30.32113619155645
 10
182.2806868550201
 20
30.347365630694576
 10
182.1790482243984
 20
30.38373251423759
 10
182.0814635894914
 20
30.429886609216815
 10
181.98887274367843
 20
30.485383426467205
 10
181.90216738741998
 20
30.549688501300995
 10
181.8221825406948
 20
30.622182540694805
 10
181.749688501301
 20
30.702167387419998
 10
181.68538342646718
 20
30.788872743678443
 10
181.6298866092168
 20
30.881463589491407
 10
181.58373251423757
 20
30.979048224398408
 10
181.54736563069457
 20
31.080686855020097
 10
181.52113619155645
 20
31.185400645782263
 10
181.50529680066057
 20
31.29218114563749
 10
181.5
 20
31.400000000000006
 10
181.5
 20
35.0
 10
181.50529680066057
 20
35.10781885436252
 10
181.52113619155645
 20
35.21459935421774
 10
181.54736563069457
 20
35.31931314497991
 10
181.58373251423757
 20
35.4209517756016
 10
181.6298866092168
 20
35.518536410508595
 10
181.68538342646718
 20
35.61112725632156
 10
181.749688501301
 20
35.69783261258001
 10
181.8221825406948
 20
35.777817459305204
 10
181.90216738741998
 20
35.850311498699014
 10
181.98887274367843
 20
35.9146165735328
 10
182.0814635894914
 20
35.97011339078319
 10
182.1790482243984
 20
36.01626748576241
 10
182.2806868550201
 20
36.05263436930543
 10
182.38540064578225
 20
36.07886380844355
 10
182.4921811456375
 20
36.09470319933941
 10
182.6
 20
36.1
 10
186.20000000000002
 20
36.1
 10
186.30781885436252
 20
36.09470319933941
 10
186.41459935421776
 20
36.07886380844355
 10
186.51931314497992
 20
36.05263436930543
 10
186.6209517756016
 20
36.01626748576241
 10
186.71853641050862
 20
35.97011339078319
 10
186.81112725632158
 20
35.9146165735328
 10
186.89783261258003
 20
35.850311498699014
 10
186.97781745930521
 20
35.777817459305204
 10
187.05031149869902
 20
35.69783261258001
 10
187.11461657353283
 20
35.61112725632156
 10
187.1701133907832
 20
35.518536410508595
 10
187.21626748576244
 20
35.4209517756016
 10
187.25263436930544
 20
35.31931314497991
 10
187.27886380844356
 20
35.21459935421774
 10
187.29470319933944
 20
35.10781885436252
 10
187.3
 20
35.0
 10
187.3
 20
31.400000000000006
 10
187.29470319933944
 20
31.29218114563749
 10
187.27886380844356
 20
31.185400645782266
 10
187.25263436930544
 20
31.080686855020097
 10
187.21626748576244
 20
30.979048224398408
 10
187.1701133907832
 20
30.881463589491407
 10
187.11461657353283
 20
30.788872743678443
 10
187.05031149869902
 20
30.702167387419994
 10
186.97781745930521
 20
30.622182540694805
 10
186.89783261258003
 20
30.549688501300995
 10
186.81112725632158
 20
30.485383426467205
 10
186.71853641050862
 20
30.429886609216815
 10
186.6209517756016
 20
30.38373251423759
 10
186.51931314497992
 20
30.347365630694576
 10
186.41459935421776
 20
30.32113619155645
 10
186.30781885436252
 20
30.30529680066059
  0
LWPOLYLINE
  5
F9
330
17
100
AcDbEntity
  8
CUT
100
AcDbPolyline
 90
68
 70
1
 10
161.1
 20
40.0
 10
159.70000000000002
 20
40.0
 10
159.65099142983524
 20
40.002407636663904
 10
159.60245483899195
 20
40.00960735979839
 10
159.55485766137278
 20
40.02152983213389
 10
159.50865828381748
 20
40.03806023374435
 10
159.464301631587
 20
40.059039367825825
 10
159.42221488349023
 20
40.08426519384873
 10
159.3828033579182
 20
40.113494773318635
 10
159.34644660940674
 20
40.14644660940672
 10
159.31349477331864
 20
40.182803357918175
 10
159.28426519384874
 20
40.222214883490196
 10
159.25903936782584
 20
40.264301631587
 10
159.23806023374436
 20
40.30865828381746
 10
159.2215298321339
 20
40.35485766137277
 10
159.2096073597984
 20
40.402454838991936
 10
159.2024076366639
 20
40.45099142983522
 10
159.20000000000002
 20
40.5
 10
159.20000000000002
 20
41.900000000000006
 10
159.2024076366639
 20
41.949008570164786
 10
159.2096073597984
 20
41.99754516100807
 10
159.2215298321339
 20
42.04514233862724
 10
159.23806023374436
 20
42.09134171618255
 10
159.25903936782584
 20
42.135698368413
 10
159.28426519384874
 20
42.17778511650981
 10
159.31349477331864
 20
42.21719664208183
 10
159.34644660940674
 20
42.25355339059328
 10
159.3828033579182
 20
42.28650522668138
 10
159.42221488349023
 20
42.315734806151276
 10
159.464301631587
 20
42.34096063217418
 10
159.50865828381748
 20
42.36193976625565
 10
159.55485766137278
 20
42.37847016786611
 10
159.60245483899195
 20
42.39039264020162
 10
159.65099142983524
 20
42.3975923633361
 10
159.70000000000002
 20
42.400000000000006
 10
161.1
 20
42.400000000000006
 10
161.14900857016477
 20
42.3975923633361
 10
161.19754516100807
 20
42.39039264020162
 10
161.24514233862723
 20
42.37847016786611
 10
161.29134171618253
 20
42.36193976625565
 10
161.335698368413
 20
42.34096063217418
 10
161.37778511650978
 20
42.315734806151276
 10
161.41719664208182
 20
42.28650522668137
 10
161.45355339059327
 20
42.25355339059328
 10
161.48650522668137
 20
42.21719664208183
 10
161.51573480615127
 20
42.17778511650981
 10
161.54096063217418
 20
42.135698368413
 10
161.56193976625565
 20
42.09134171618255
 10
161.5784701678661
 20
42.04514233862724
 10
161.5903926402016
 20
41.99754516100807
 10
161.5975923633361
 20
41.949008570164786
 10
161.6
 20
41.900000000000006
 10
161.6
 20
40.5
 10
161.5975923633361
 20
40.45099142983522
 10
161.5903926402016
 20
40.402454838991936
 10
161.5784701678661
 20
40.35485766137277
 10
161.56193976625565
 20
40.30865828381746
 10
161.54096063217418
 20
40.264301631587
 10
161.51573480615127
 20
40.222214883490196
 10
161.48650522668137
 20
40.182803357918175
 10
161.45355339059327
 20
40.14644660940672
 10
161.41719664208182
 20
40.113494773318635
 10
161.37778511650978
 20
40.08426519384873
 10
161.335698368413
 20
40.059039367825825
 10
161.29134171618253
 20
40.03806023374435
 10
161.24514233862723
 20
40.02152983213389
 10
161.19754516100807
 20
40.00960735979839
 10
161.14900857016477
 20
40.002407636663904
  0
LWPOLYLINE
  5
FA
330
17
100
AcDbEntity
  8
CUT
100
AcDbPolyline
 90
68
 70
1
 10
201.67841371226365
 20
39.20385221866224
 10
201.6
 20
39.2
 10
199.20000000000002
 20
39.2
 10
199.12158628773636
 20
39.20385221866224
 10
199.04392774238713
 20
39.21537177567742
 10
198.96777225819645
 20
39.234447731414235
 10
198.89385325410794
 20
39.260896373990974
 10
198.8228826105392
 20
39.29446298852132
 10
198.75554381358432
 20
39.33482431015796
 10
198.6924853726691
 20
39.38159163730981
 10
198.63431457505078
 20
39.43431457505076
 10
198.58159163730983
 20
39.49248537266909
 10
198.53482431015797
 20
39.55554381358432
 10
198.49446298852132
 20
39.6228826105392
 10
198.46089637399098
 20
39.69385325410793
 10
198.43444773141425
 20
39.76777225819643
 10
198.41537177567744
 20
39.843927742387095
 10
198.40385221866225
 20
39.92158628773635
 10
198.4
 20
40.0
 10
198.4
 20
42.400000000000006
 10
198.40385221866225
 20
42.47841371226365
 10
198.41537177567744
 20
42.55607225761291
 10
198.43444773141425
 20
42.632227741803575
 10
198.46089637399098
 20
42.70614674589208
 10
198.49446298852132
 20
42.777117389460805
 10
198.53482431015797
 20
42.844456186415684
 10
198.58159163730983
 20
42.90751462733092
 10
198.63431457505078
 20
42.96568542494924
 10
198.6924853726691
 20
43.018408362690195
 10
198.75554381358432
 20
43.06517568984204
 10
198.8228826105392
 20
43.10553701147869
 10
198.89385325410794
 20
43.13910362600903
 10
198.96777225819645
 20
43.16555226858577
 10
199.04392774238713
 20
43.18462822432259
 10
199.12158628773636
 20
43.196147781337764
 10
199.20000000000002
 20
43.2
 10
201.6
 20
43.2
 10
201.67841371226365
 20
43.196147781337764
 10
201.75607225761289
 20
43.18462822432259
 10
201.83222774180356
 20
43.16555226858577
 10
201.90614674589207
 20
43.13910362600903
 10
201.9771173894608
 20
43.10553701147869
 10
202.0444561864157
 20
43.06517568984204
 10
202.10751462733091
 20
43.018408362690195
 10
202.16568542494923
 20
42.96568542494924
 10
202.21840836269018
 20
42.90751462733092
 10
202.26517568984204
 20
42.844456186415684
 10
202.3055370114787
 20
42.777117389460805
 10
202.33910362600903
 20
42.70614674589208
 10
202.36555226858576
 20
42.632227741803575
 10
202.38462822432257
 20
42.55607225761291
 10
202.39614778133776
 20
42.47841371226365
 10
202.4
 20
42.400000000000006
 10
202.4
 20
40.0
 10
202.39614778133776
 20
39.92158628773635
 10
202.38462822432257
 20
39.843927742387095
 10
202.36555226858576
 20
39.76777225819643
 10
202.33910362600903
 20
39.69385325410793
 10
202.3055370114787
 20
39.6228826105392
 10
202.26517568984204
 20
39.55554381358432
 10
202.21840836269018
 20
39.49248537266909
 10
202.16568542494923
 20
39.43431457505076
 10
202.10751462733091
 20
39.38159163730981
 10
202.0444561864157
 20
39.33482431015796
 10
201.9771173894608
 20
39.29446298852132
 10
201.90614674589207
 20
39.260896373990974
 10
201.83222774180356
 20
39.234447731414235
 10
201.75607225761289
 20
39.21537177567742
  0
LWPOLYLINE
  5
FB
330
17
100
AcDbEntity
  8
CUT
100
AcDbPolyline
 90
68
 70
1
 10
169.14900857016477
 20
40.002407636663904
 10
169.1
 20
40.0
 10
167.70000000000002
 20
40.0
 10
167.65099142983524
 20
40.002407636663904
 10
167.60245483899195
 20
40.00960735979839
 10
167.55485766137278
 20
40.02152983213389
 10
167.50865828381748
 20
40.03806023374435
 10
167.464301631587
 20
40.059039367825825
 10
167.42221488349023
 20
40.08426519384873
 10
167.3828033579182
 20
40.113494773318635
 10
167.34644660940674
 20
40.14644660940672
 10
167.31349477331864
 20
40.182803357918175
 10
167.28426519384874
 20
40.222214883490196
 10
167.25903936782584
 20
40.264301631587
 10
167.23806023374436
 20
40.30865828381746
 10
167.2215298321339
 20
40.35485766137277
 10
167.2096073597984
 20
40.402454838991936
 10
167.2024076366639
 20
40.45099142983522
 10
167.20000000000002
 20
40.5
 10
167.20000000000002
 20
41.900000000000006
 10
167.2024076366639
 20
41.949008570164786
 10
167.2096073597984
 20
41.99754516100807
 10
167.2215298321339
 20
42.04514233862724
 10
167.23806023374436
 20
42.09134171618255
 10
167.25903936782584
 20
42.135698368413
 10
167.28426519384874
 20
42.17778511650981
 10
167.31349477331864
 20
42.21719664208183
 10
167.34644660940674
 20
42.25355339059328
 10
167.3828033579182
 20
42.28650522668138
 10
167.42221488349023
 20
42.315734806151276
 10
167.464301631587
 20
42.34096063217418
 10
167.50865828381748
 20
42.36193976625565
 10
167.55485766137278
 20
42.37847016786611
 10
167.60245483899195
 20
42.39039264020162
 10
167.65099142983524
 20
42.3975923633361
 10
167.70000000000002
 20
42.400000000000006
 10
169.1
 20
42.400000000000006
 10
169.14900857016477
 20
42.3975923633361
 10
169.19754516100807
 20
42.39039264020162
 10
169.24514233862723
 20
42.37847016786611
 10
169.29134171618253
 20
42.36193976625565
 10
169.335698368413
 20
42.34096063217418
 10
169.37778511650978
 20
42.315734806151276
 10
169.41719664208182
 20
42.28650522668137
 10
169.45355339059327
 20
42.25355339059328
 10
169.48650522668137
 20
42.21719664208183
 10
169.51573480615127
 20
42.17778511650981
 10
169.54096063217418
 20
42.135698368413
 10
169.56193976625565
 20
42.09134171618255
 10
169.5784701678661
 20
42.04514233862724
 10
169.5903926402016
 20
41.99754516100807
 10
169.5975923633361
 20
41.949008570164786
 10
169.6
 20
41.900000000000006
 10
169.6
 20
40.5
 10
169.5975923633361
 20
40.45099142983522
 10
169.5903926402016
 20
40.402454838991936
 10
169.5784701678661
 20
40.35485766137277
 10
169.56193976625565
 20
40.30865828381746
 10
169.54096063217418
 20
40.264301631587
 10
169.51573480615127
 20
40.222214883490196
 10
169.48650522668137
 20
40.182803357918175
 10
169.45355339059327
 20
40.14644660940672
 10
169.41719664208182
 20
40.113494773318635
 10
169.37778511650978
 20
40.08426519384873
 10
169.335698368413
 20
40.059039367825825
 10
169.29134171618253
 20
40.03806023374435
 10
169.24514233862723
 20
40.02152983213389
 10
169.19754516100807
 20
40.00960735979839
  0
LWPOLYLINE
  5
FC
330
17
100
AcDbEntity
  8
CUT
100
AcDbPolyline
 90
68
 70
1
 10
177.6
 20
39.2
 10
175.20000000000002
 20
39.2
 10
175.12158628773636
 20
39.20385221866224
 10
175.04392774238713
 20
39.21537177567742
 10
174.96777225819645
 20
39.234447731414235
 10
174.89385325410794
 20
39.260896373990974
 10
174.8228826105392
 20
39.29446298852132
 10
174.75554381358432
 20
39.33482431015796
 10
174.6924853726691
 20
39.38159163730981
 10
174.63431457505078
 20
39.43431457505076
 10
174.58159163730983
 20
39.49248537266909
 10
174.53482431015797
 20
39.55554381358432
 10
174.49446298852132
 20
39.6228826105392
 10
174.46089637399098
 20
39.69385325410793
 10
174.43444773141425
 20
39.76777225819643
 10
174.41537177567744
 20
39.843927742387095
 10
174.40385221866225
 20
39.92158628773635
 10
174.4
 20
40.0
 10
174.4
 20
42.400000000000006
 10
174.40385221866225
 20
42.47841371226365
 10
174.41537177567744
 20
42.55607225761291
 10
174.43444773141425
 20
42.632227741803575
 10
174.46089637399098
 20
42.70614674589208
 10
174.49446298852132
 20
42.777117389460805
 10
174.53482431015797
 20
42.844456186415684
 10
174.58159163730983
 20
42.90751462733092
 10
174.63431457505078
 20
42.96568542494924
 10
174.6924853726691
 20
43.018408362690195
 10
174.75554381358432
 20
43.06517568984204
 10
174.8228826105392
 20
43.10553701147869
 10
174.89385325410794
 20
43.13910362600903
 10
174.96777225819645
 20
43.16555226858577
 10
175.04392774238713
 20
43.18462822432259
 10
175.12158628773636
 20
43.196147781337764
 10
175.20000000000002
 20
43.2
 10
177.6
 20
43.2
 10
177.67841371226365
 20
43.196147781337764
 10
177.75607225761289
 20
43.18462822432259
 10
177.83222774180356
 20
43.16555226858577
 10
177.90614674589207
 20
43.13910362600903
 10
177.9771173894608
 20
43.10553701147869
 10
178.0444561864157
 20
43.06517568984204
 10
178.10751462733091
 20
43.018408362690195
 10
178.16568542494923
 20
42.96568542494924
 10
178.21840836269018
 20
42.90751462733092
 10
178.26517568984204
 20
42.844456186415684
 10
178.3055370114787
 20
42.777117389460805
 10
178.33910362600903
 20
42.70614674589208
 10
178.36555226858576
 20
42.632227741803575
 10
178.38462822432257
 20
42.55607225761291
 10
178.39614778133776
 20
42.47841371226365
 10
178.4
 20
42.400000000000006
 10
178.4
 20
40.0
 10
178.39614778133776
 20
39.92158628773635
 10
178.38462822432257
 20
39.843927742387095
 10
178.36555226858576
 20
39.76777225819643
 10
178.33910362600903
 20
39.69385325410793
 10
178.3055370114787
 20
39.6228826105392
 10
178.26517568984204
 20
39.55554381358432
 10
178.21840836269018
 20
39.49248537266909
 10
178.16568542494923
 20
39.43431457505076
 10
178.10751462733091
 20
39.38159163730981
 10
178.0444561864157
 20
39.33482431015796
 10
177.9771173894608
 20
39.29446298852132
 10
177.90614674589207
 20
39.260896373990974
 10
177.83222774180356
 20
39.234447731414235
 10
177.75607225761289
 20
39.21537177567742
 10
177.67841371226365
 20
39.20385221866224
  0
LWPOLYLINE
  5
FD
330
17
100
AcDbEntity
  8
CUT
100
AcDbPolyline
 90
68
 70
1
 10
193.67841371226365
 20
39.20385221866224
 10
193.6
 20
39.2
 10
191.20000000000002
 20
39.2
 10
191.12158628773636
 20
39.20385221866224
 10
191.04392774238713
 20
39.21537177567742
 10
190.96777225819645
 20
39.234447731414235
 10
190.89385325410794
 20
39.260896373990974
 10
190.8228826105392
 20
39.29446298852132
 10
190.75554381358432
 20
39.33482431015796
 10
190.6924853726691
 20
39.38159163730981
 10
190.63431457505078
 20
39.43431457505076
 10
190.58159163730983
 20
39.49248537266909
 10
190.53482431015797
 20
39.55554381358432
 10
190.49446298852132
 20
39.6228826105392
 10
190.46089637399098
 20
39.69385325410793
 10
190.43444773141425
 20
39.76777225819643
 10
190.41537177567744
 20
39.843927742387095
 10
190.40385221866225
 20
39.92158628773635
 10
190.4
 20
40.0
 10
190.4
 20
42.400000000000006
 10
190.40385221866225
 20
42.47841371226365
 10
190.41537177567744
 20
42.55607225761291
 10
190.43444773141425
 20
42.632227741803575
 10
190.46089637399098
 20
42.70614674589208
 10
190.49446298852132
 20
42.777117389460805
 10
190.53482431015797
 20
42.844456186415684
 10
190.58159163730983
 20
42.90751462733092
 10
190.63431457505078
 20
42.96568542494924
 10
190.6924853726691
 20
43.018408362690195
 10
190.75554381358432
 20
43.06517568984204
 10
190.8228826105392
 20
43.10553701147869
 10
190.89385325410794
 20
43.13910362600903
 10
190.96777225819645
 20
43.16555226858577
 10
191.04392774238713
 20
43.18462822432259
 10
191.12158628773636
 20
43.196147781337764
 10
191.20000000000002
 20
43.2
 10
193.6
 20
43.2
 10
193.67841371226365
 20
43.196147781337764
 10
193.75607225761289
 20
43.18462822432259
 10
193.83222774180356
 20
43.16555226858577
 10
193.90614674589207
 20
43.13910362600903
 10
193.9771173894608
 20
43.10553701147869
 10
194.0444561864157
 20
43.06517568984204
 10
194.10751462733091
 20
43.018408362690195
 10
194.16568542494923
 20
42.96568542494924
 10
194.21840836269018
 20
42.90751462733092
 10
194.26517568984204
 20
42.844456186415684
 10
194.3055370114787
 20
42.777117389460805
 10
194.33910362600903
 20
42.70614674589208
 10
194.36555226858576
 20
42.632227741803575
 10
194.38462822432257
 20
42.55607225761291
 10
194.39614778133776
 20
42.47841371226365
 10
194.4
 20
42.400000000000006
 10
194.4
 20
40.0
 10
194.39614778133776
 20
39.92158628773635
 10
194.38462822432257
 20
39.843927742387095
 10
194.36555226858576
 20
39.76777225819643
 10
194.33910362600903
 20
39.69385325410793
 10
194.3055370114787
 20
39.6228826105392
 10
194.26517568984204
 20
39.55554381358432
 10
194.21840836269018
 20
39.49248537266909
 10
194.16568542494923
 20
39.43431457505076
 10
194.10751462733091
 20
39.38159163730981
 10
194.0444561864157
 20
39.33482431015796
 10
193.9771173894608
 20
39.29446298852132
 10
193.90614674589207
 20
39.260896373990974
 10
193.83222774180356
 20
39.234447731414235
 10
193.75607225761289
 20
39.21537177567742
  0
LWPOLYLINE
  5
FE
330
17
100
AcDbEntity
  8
CUT
100
AcDbPolyline
 90
68
 70
1
 10
185.6
 20
39.2
 10
183.20000000000002
 20
39.2
 10
183.12158628773636
 20
39.20385221866224
 10
183.04392774238713
 20
39.21537177567742
 10
182.96777225819645
 20
39.234447731414235
 10
182.89385325410794
 20
39.260896373990974
 10
182.8228826105392
 20
39.29446298852132
 10
182.75554381358432
 20
39.33482431015796
 10
182.6924853726691
 20
39.38159163730981
 10
182.63431457505078
 20
39.43431457505076
 10
182.58159163730983
 20
39.49248537266909
 10
182.53482431015797
 20
39.55554381358432
 10
182.49446298852132
 20
39.6228826105392
 10
182.46089637399098
 20
39.69385325410793
 10
182.43444773141425
 20
39.76777225819643
 10
182.41537177567744
 20
39.843927742387095
 10
182.40385221866225
 20
39.92158628773635
 10
182.4
 20
40.0
 10
182.4
 20
42.400000000000006
 10
182.40385221866225
 20
42.47841371226365
 10
182.41537177567744
 20
42.55607225761291
 10
182.43444773141425
 20
42.632227741803575
 10
182.46089637399098
 20
42.70614674589208
 10
182.49446298852132
 20
42.777117389460805
 10
182.53482431015797
 20
42.844456186415684
 10
182.58159163730983
 20
42.90751462733092
 10
182.63431457505078
 20
42.96568542494924
 10
182.6924853726691
 20
43.018408362690195
 10
182.75554381358432
 20
43.06517568984204
 10
182.8228826105392
 20
43.10553701147869
 10
182.89385325410794
 20
43.13910362600903
 10
182.96777225819645
 20
43.16555226858577
 10
183.04392774238713
 20
43.18462822432259
 10
183.12158628773636
 20
43.196147781337764
 10
183.20000000000002
 20
43.2
 10
185.6
 20
43.2
 10
185.67841371226365
 20
43.196147781337764
 10
185.75607225761289
 20
43.18462822432259
 10
185.83222774180356
 20
43.16555226858577
 10
185.90614674589207
 20
43.13910362600903
 10
185.9771173894608
 20
43.10553701147869
 10
186.0444561864157
 20
43.06517568984204
 10
186.10751462733091
 20
43.018408362690195
 10
186.16568542494923
 20
42.96568542494924
 10
186.21840836269018
 20
42.90751462733092
 10
186.26517568984204
 20
42.844456186415684
 10
186.3055370114787
 20
42.777117389460805
 10
186.33910362600903
 20
42.70614674589208
 10
186.36555226858576
 20
42.632227741803575
 10
186.38462822432257
 20
42.55607225761291
 10
186.39614778133776
 20
42.47841371226365
 10
186.4
 20
42.400000000000006
 10
186.4
 20
40.0
 10
186.39614778133776
 20
39.92158628773635
 10
186.38462822432257
 20
39.843927742387095
 10
186.36555226858576
 20
39.76777225819643
 10
186.33910362600903
 20
39.69385325410793
 10
186.3055370114787
 20
39.6228826105392
 10
186.26517568984204
 20
39.55554381358432
 10
186.21840836269018
 20
39.49248537266909
 10
186.16568542494923
 20
39.43431457505076
 10
186.10751462733091
 20
39.38159163730981
 10
186.0444561864157
 20
39.33482431015796
 10
185.9771173894608
 20
39.29446298852132
 10
185.90614674589207
 20
39.260896373990974
 10
185.83222774180356
 20
39.234447731414235
 10
185.75607225761289
 20
39.21537177567742
 10
185.67841371226365
 20
39.20385221866224
  0
LWPOLYLINE
  5
FF
330
17
100
AcDbEntity
  8
CUT
100
AcDbPolyline
 90
68
 70
1
 10
185.6
 20
47.2
 10
183.20000000000002
 20
47.2
 10
183.12158628773636
 20
47.20385221866224
 10
183.04392774238713
 20
47.21537177567742
 10
182.96777225819645
 20
47.234447731414235
 10
182.89385325410794
 20
47.260896373990974
 10
182.8228826105392
 20
47.29446298852132
 10
182.75554381358432
 20
47.33482431015796
 10
182.6924853726691
 20
47.38159163730981
 10
182.63431457505078
 20
47.43431457505076
 10
182.58159163730983
 20
47.49248537266909
 10
182.53482431015797
 20
47.55554381358432
 10
182.49446298852132
 20
47.6228826105392
 10
182.46089637399098
 20
47.69385325410793
 10
182.43444773141425
 20
47.76777225819643
 10
182.41537177567744
 20
47.843927742387095
 10
182.40385221866225
 20
47.92158628773635
 10
182.4
 20
48.0
 10
182.4
 20
50.400000000000006
 10
182.40385221866225
 20
50.47841371226365
 10
182.41537177567744
 20
50.55607225761291
 10
182.43444773141425
 20
50.632227741803575
 10
182.46089637399098
 20
50.70614674589208
 10
182.49446298852132
 20
50.777117389460805
 10
182.53482431015797
 20
50.844456186415684
 10
182.58159163730983
 20
50.90751462733092
 10
182.63431457505078
 20
50.96568542494924
 10
182.6924853726691
 20
51.018408362690195
 10
182.75554381358432
 20
51.06517568984204
 10
182.8228826105392
 20
51.10553701147869
 10
182.89385325410794
 20
51.13910362600903
 10
182.96777225819645
 20
51.16555226858577
 10
183.04392774238713
 20
51.18462822432259
 10
183.12158628773636
 20
51.196147781337764
 10
183.20000000000002
 20
51.2
 10
185.6
 20
51.2
 10
185.67841371226365
 20
51.196147781337764
 10
185.75607225761289
 20
51.18462822432259
 10
185.83222774180356
 20
51.16555226858577
 10
185.90614674589207
 20
51.13910362600903
 10
185.9771173894608
 20
51.10553701147869
 10
186.0444561864157
 20
51.06517568984204
 10
186.10751462733091
 20
51.018408362690195
 10
186.16568542494923
 20
50.96568542494924
 10
186.21840836269018
 20
50.90751462733092
 10
186.26517568984204
 20
50.844456186415684
 10
186.3055370114787
 20
50.777117389460805
 10
186.33910362600903
 20
50.70614674589208
 10
186.36555226858576
 20
50.632227741803575
 10
186.38462822432257
 20
50.55607225761291
 10
186.39614778133776
 20
50.47841371226365
 10
186.4
 20
50.400000000000006
 10
186.4
 20
48.0
 10
186.39614778133776
 20
47.92158628773635
 10
186.38462822432257
 20
47.843927742387095
 10
186.36555226858576
 20
47.76777225819643
 10
186.33910362600903
 20
47.69385325410793
 10
186.3055370114787
 20
47.6228826105392
 10
186.26517568984204
 20
47.55554381358432
 10
186.21840836269018
 20
47.49248537266909
 10
186.16568542494923
 20
47.43431457505076
 10
186.10751462733091
 20
47.38159163730981
 10
186.0444561864157
 20
47.33482431015796
 10
185.9771173894608
 20
47.29446298852132
 10
185.90614674589207
 20
47.260896373990974
 10
185.83222774180356
 20
47.234447731414235
 10
185.75607225761289
 20
47.21537177567742
 10
185.67841371226365
 20
47.20385221866224
  0
LWPOLYLINE
  5
100
330
17
100
AcDbEntity
  8
CUT
100
AcDbPolyline
 90
68
 70
1
 10
161.14900857016477
 20
48.002407636663904
 10
161.1
 20
48.0
 10
159.70000000000002
 20
48.0
 10
159.65099142983524
 20
48.002407636663904
 10
159.60245483899195
 20
48.00960735979839
 10
159.55485766137278
 20
48.02152983213389
 10
159.50865828381748
 20
48.03806023374435
 10
159.464301631587
 20
48.059039367825825
 10
159.42221488349023
 20
48.08426519384873
 10
159.3828033579182
 20
48.113494773318635
 10
159.34644660940674
 20
48.14644660940672
 10
159.31349477331864
 20
48.182803357918175
 10
159.28426519384874
 20
48.222214883490196
 10
159.25903936782584
 20
48.264301631587
 10
159.23806023374436
 20
48.30865828381746
 10
159.2215298321339
 20
48.35485766137277
 10
159.2096073597984
 20
48.402454838991936
 10
159.2024076366639
 20
48.45099142983522
 10
159.20000000000002
 20
48.5
 10
159.20000000000002
 20
49.900000000000006
 10
159.2024076366639
 20
49.949008570164786
 10
159.2096073597984
 20
49.99754516100807
 10
159.2215298321339
 20
50.04514233862724
 10
159.23806023374436
 20
50.09134171618255
 10
159.25903936782584
 20
50.135698368413
 10
159.28426519384874
 20
50.17778511650981
 10
159.31349477331864
 20
50.21719664208183
 10
159.34644660940674
 20
50.25355339059328
 10
159.3828033579182
 20
50.28650522668138
 10
159.42221488349023
 20
50.315734806151276
 10
159.464301631587
 20
50.34096063217418
 10
159.50865828381748
 20
50.36193976625565
 10
159.55485766137278
 20
50.37847016786611
 10
159.60245483899195
 20
50.39039264020162
 10
159.65099142983524
 20
50.3975923633361
 10
159.70000000000002
 20
50.400000000000006
 10
161.1
 20
50.400000000000006
 10
161.14900857016477
 20
50.3975923633361
 10
161.19754516100807
 20
50.39039264020162
 10
161.24514233862723
 20
50.37847016786611
 10
161.29134171618253
 20
50.36193976625565
 10
161.335698368413
 20
50.34096063217418
 10
161.37778511650978
 20
50.315734806151276
 10
161.41719664208182
 20
50.28650522668137
 10
161.45355339059327
 20
50.25355339059328
 10
161.48650522668137
 20
50.21719664208183
 10
161.51573480615127
 20
50.17778511650981
 10
161.54096063217418
 20
50.135698368413
 10
161.56193976625565
 20
50.09134171618255
 10
161.5784701678661
 20
50.04514233862724
 10
161.5903926402016
 20
49.99754516100807
 10
161.5975923633361
 20
49.949008570164786
 10
161.6
 20
49.900000000000006
 10
161.6
 20
48.5
 10
161.5975923633361
 20
48.45099142983522
 10
161.5903926402016
 20
48.402454838991936
 10
161.5784701678661
 20
48.35485766137277
 10
161.56193976625565
 20
48.30865828381746
 10
161.54096063217418
 20
48.264301631587
 10
161.51573480615127
 20
48.222214883490196
 10
161.48650522668137
 20
48.182803357918175
 10
161.45355339059327
 20
48.14644660940672
 10
161.41719664208182
 20
48.113494773318635
 10
161.37778511650978
 20
48.08426519384873
 10
161.335698368413
 20
48.059039367825825
 10
161.29134171618253
 20
48.03806023374435
 10
161.24514233862723
 20
48.02152983213389
 10
161.19754516100807
 20
48.00960735979839
  0
LWPOLYLINE
  5
101
330
17
100
AcDbEntity
  8
CUT
100
AcDbPolyline
 90
68
 70
1
 10
169.1
 20
48.0
 10
167.70000000000002
 20
48.0
 10
167.65099142983524
 20
48.002407636663904
 10
167.60245483899195
 20
48.00960735979839
 10
167.55485766137278
 20
48.02152983213389
 10
167.50865828381748
 20
48.03806023374435
 10
167.464301631587
 20
48.059039367825825
 10
167.42221488349023
 20
48.08426519384873
 10
167.3828033579182
 20
48.113494773318635
 10
167.34644660940674
 20
48.14644660940672
 10
167.31349477331864
 20
48.182803357918175
 10
167.28426519384874
 20
48.222214883490196
 10
167.25903936782584
 20
48.264301631587
 10
167.23806023374436
 20
48.30865828381746
 10
167.2215298321339
 20
48.35485766137277
 10
167.2096073597984
 20
48.402454838991936
 10
167.2024076366639
 20
48.45099142983522
 10
167.20000000000002
 20
48.5
 10
167.20000000000002
 20
49.900000000000006
 10
167.2024076366639
 20
49.949008570164786
 10
167.2096073597984
 20
49.99754516100807
 10
167.2215298321339
 20
50.04514233862724
 10
167.23806023374436
 20
50.09134171618255
 10
167.25903936782584
 20
50.135698368413
 10
167.28426519384874
 20
50.17778511650981
 10
167.31349477331864
 20
50.21719664208183
 10
167.34644660940674
 20
50.25355339059328
 10
167.3828033579182
 20
50.28650522668138
 10
167.42221488349023
 20
50.315734806151276
 10
167.464301631587
 20
50.34096063217418
 10
167.50865828381748
 20
50.36193976625565
 10
167.55485766137278
 20
50.37847016786611
 10
167.60245483899195
 20
50.39039264020162
 10
167.65099142983524
 20
50.3975923633361
 10
167.70000000000002
 20
50.400000000000006
 10
169.1
 20
50.400000000000006
 10
169.14900857016477
 20
50.3975923633361
 10
169.19754516100807
 20
50.39039264020162
 10
169.24514233862723
 20
50.37847016786611
 10
169.29134171618253
 20
50.36193976625565
 10
169.335698368413
 20
50.34096063217418
 10
169.37778511650978
 20
50.315734806151276
 10
169.41719664208182
 20
50.28650522668137
 10
169.45355339059327
 20
50.25355339059328
 10
169.48650522668137
 20
50.21719664208183
 10
169.51573480615127
 20
50.17778511650981
 10
169.54096063217418
 20
50.135698368413
 10
169.56193976625565
 20
50.09134171618255
 10
169.5784701678661
 20
50.04514233862724
 10
169.5903926402016
 20
49.99754516100807
 10
169.5975923633361
 20
49.949008570164786
 10
169.6
 20
49.900000000000006
 10
169.6
 20
48.5
 10
169.5975923633361
 20
48.45099142983522
 10
169.5903926402016
 20
48.402454838991936
 10
169.5784701678661
 20
48.35485766137277
 10
169.56193976625565
 20
48.30865828381746
 10
169.54096063217418
 20
48.264301631587
 10
169.51573480615127
 20
48.222214883490196
 10
169.48650522668137
 20
48.182803357918175
 10
169.45355339059327
 20
48.14644660940672
 10
169.41719664208182
 20
48.113494773318635
 10
169.37778511650978
 20
48.08426519384873
 10
169.335698368413
 20
48.059039367825825
 10
169.29134171618253
 20
48.03806023374435
 10
169.24514233862723
 20
48.02152983213389
 10
169.19754516100807
 20
48.00960735979839
 10
169.14900857016477
 20
48.002407636663904
  0
LWPOLYLINE
  5
102
330
17
100
AcDbEntity
  8
CUT
100
AcDbPolyline
 90
68
 70
1
 10
193.6
 20
47.2
 10
191.20000000000002
 20
47.2
 10
191.12158628773636
 20
47.20385221866224
 10
191.04392774238713
 20
47.21537177567742
 10
190.96777225819645
 20
47.234447731414235
 10
190.89385325410794
 20
47.260896373990974
 10
190.8228826105392
 20
47.29446298852132
 10
190.75554381358432
 20
47.33482431015796
 10
190.6924853726691
 20
47.38159163730981
 10
190.63431457505078
 20
47.43431457505076
 10
190.58159163730983
 20
47.49248537266909
 10
190.53482431015797
 20
47.55554381358432
 10
190.49446298852132
 20
47.6228826105392
 10
190.46089637399098
 20
47.69385325410793
 10
190.43444773141425
 20
47.76777225819643
 10
190.41537177567744
 20
47.843927742387095
 10
190.40385221866225
 20
47.92158628773635
 10
190.4
 20
48.0
 10
190.4
 20
50.400000000000006
 10
190.40385221866225
 20
50.47841371226365
 10
190.41537177567744
 20
50.55607225761291
 10
190.43444773141425
 20
50.632227741803575
 10
190.46089637399098
 20
50.70614674589208
 10
190.49446298852132
 20
50.777117389460805
 10
190.53482431015797
 20
50.844456186415684
 10
190.58159163730983
 20
50.90751462733092
 10
190.63431457505078
 20
50.96568542494924
 10
190.6924853726691
 20
51.018408362690195
 10
190.75554381358432
 20
51.06517568984204
 10
190.8228826105392
 20
51.10553701147869
 10
190.89385325410794
 20
51.13910362600903
 10
190.96777225819645
 20
51.16555226858577
 10
191.04392774238713
 20
51.18462822432259
 10
191.12158628773636
 20
51.196147781337764
 10
191.20000000000002
 20
51.2
 10
193.6
 20
51.2
 10
193.67841371226365
 20
51.196147781337764
 10
193.75607225761289
 20
51.18462822432259
 10
193.83222774180356
 20
51.16555226858577
 10
193.90614674589207
 20
51.13910362600903
 10
193.9771173894608
 20
51.10553701147869
 10
194.0444561864157
 20
51.06517568984204
 10
194.10751462733091
 20
51.018408362690195
 10
194.16568542494923
 20
50.96568542494924
 10
194.21840836269018
 20
50.90751462733092
 10
194.26517568984204
 20
50.844456186415684
 10
194.3055370114787
 20
50.777117389460805
 10
194.33910362600903
 20
50.70614674589208
 10
194.36555226858576
 20
50.632227741803575
 10
194.38462822432257
 20
50.55607225761291
 10
194.39614778133776
 20
50.47841371226365
 10
194.4
 20
50.400000000000006
 10
194.4
 20
48.0
 10
194.39614778133776
 20
47.92158628773635
 10
194.38462822432257
 20
47.843927742387095
 10
194.36555226858576
 20
47.76777225819643
 10
194.33910362600903
 20
47.69385325410793
 10
194.3055370114787
 20
47.6228826105392
 10
194.26517568984204
 20
47.55554381358432
 10
194.21840836269018
 20
47.49248537266909
 10
194.16568542494923
 20
47.43431457505076
 10
194.10751462733091
 20
47.38159163730981
 10
194.0444561864157
 20
47.33482431015796
 10
193.9771173894608
 20
47.29446298852132
 10
193.90614674589207
 20
47.260896373990974
 10
193.83222774180356
 20
47.234447731414235
 10
193.75607225761289
 20
47.21537177567742
 10
193.67841371226365
 20
47.20385221866224
  0
LWPOLYLINE
  5
103
330
17
100
AcDbEntity
  8
CUT
100
AcDbPolyline
 90
68
 70
1
 10
177.14900857016477
 20
48.002407636663904
 10
177.1
 20
48.0
 10
175.70000000000002
 20
48.0
 10
175.65099142983524
 20
48.002407636663904
 10
175.60245483899195
 20
48.00960735979839
 10
175.55485766137278
 20
48.02152983213389
 10
175.50865828381748
 20
48.03806023374435
 10
175.464301631587
 20
48.059039367825825
 10
175.42221488349023
 20
48.08426519384873
 10
175.3828033579182
 20
48.113494773318635
 10
175.34644660940674
 20
48.14644660940672
 10
175.31349477331864
 20
48.182803357918175
 10
175.28426519384874
 20
48.222214883490196
 10
175.25903936782584
 20
48.264301631587
 10
175.23806023374436
 20
48.30865828381746
 10
175.2215298321339
 20
48.35485766137277
 10
175.2096073597984
 20
48.402454838991936
 10
175.2024076366639
 20
48.45099142983522
 10
175.20000000000002
 20
48.5
 10
175.20000000000002
 20
49.900000000000006
 10
175.2024076366639
 20
49.949008570164786
 10
175.2096073597984
 20
49.99754516100807
 10
175.2215298321339
 20
50.04514233862724
 10
175.23806023374436
 20
50.09134171618255
 10
175.25903936782584
 20
50.135698368413
 10
175.28426519384874
 20
50.17778511650981
 10
175.31349477331864
 20
50.21719664208183
 10
175.34644660940674
 20
50.25355339059328
 10
175.3828033579182
 20
50.28650522668138
 10
175.42221488349023
 20
50.315734806151276
 10
175.464301631587
 20
50.34096063217418
 10
175.50865828381748
 20
50.36193976625565
 10
175.55485766137278
 20
50.37847016786611
 10
175.60245483899195
 20
50.39039264020162
 10
175.65099142983524
 20
50.3975923633361
 10
175.70000000000002
 20
50.400000000000006
 10
177.1
 20
50.400000000000006
 10
177.14900857016477
 20
50.3975923633361
 10
177.19754516100807
 20
50.39039264020162
 10
177.24514233862723
 20
50.37847016786611
 10
177.29134171618253
 20
50.36193976625565
 10
177.335698368413
 20
50.34096063217418
 10
177.37778511650978
 20
50.315734806151276
 10
177.41719664208182
 20
50.28650522668137
 10
177.45355339059327
 20
50.25355339059328
 10
177.48650522668137
 20
50.21719664208183
 10
177.51573480615127
 20
50.17778511650981
 10
177.54096063217418
 20
50.135698368413
 10
177.56193976625565
 20
50.09134171618255
 10
177.5784701678661
 20
50.04514233862724
 10
177.5903926402016
 20
49.99754516100807
 10
177.5975923633361
 20
49.949008570164786
 10
177.6
 20
49.900000000000006
 10
177.6
 20
48.5
 10
177.5975923633361
 20
48.45099142983522
 10
177.5903926402016
 20
48.402454838991936
 10
177.5784701678661
 20
48.35485766137277
 10
177.56193976625565
 20
48.30865828381746
 10
177.54096063217418
 20
48.264301631587
 10
177.51573480615127
 20
48.222214883490196
 10
177.48650522668137
 20
48.182803357918175
 10
177.45355339059327
 20
48.14644660940672
 10
177.41719664208182
 20
48.113494773318635
 10
177.37778511650978
 20
48.08426519384873
 10
177.335698368413
 20
48.059039367825825
 10
177.29134171618253
 20
48.03806023374435
 10
177.24514233862723
 20
48.02152983213389
 10
177.19754516100807
 20
48.00960735979839
  0
LWPOLYLINE
  5
104
330
17
100
AcDbEntity
  8
CUT
100
AcDbPolyline
 90
68
 70
1
 10
177.1
 20
56.0
 10
175.70000000000002
 20
56.0
 10
175.65099142983524
 20
56.002407636663904
 10
175.60245483899195
 20
56.00960735979839
 10
175.55485766137278
 20
56.02152983213389
 10
175.50865828381748
 20
56.03806023374435
 10
175.464301631587
 20
56.059039367825825
 10
175.42221488349023
 20
56.08426519384873
 10
175.3828033579182
 20
56.113494773318635
 10
175.34644660940674
 20
56.14644660940672
 10
175.31349477331864
 20
56.182803357918175
 10
175.28426519384874
 20
56.222214883490196
 10
175.25903936782584
 20
56.264301631587
 10
175.23806023374436
 20
56.30865828381746
 10
175.2215298321339
 20
56.35485766137277
 10
175.2096073597984
 20
56.402454838991936
 10
175.2024076366639
 20
56.45099142983522
 10
175.20000000000002
 20
56.5
 10
175.20000000000002
 20
57.900000000000006
 10
175.2024076366639
 20
57.949008570164786
 10
175.2096073597984
 20
57.99754516100807
 10
175.2215298321339
 20
58.04514233862724
 10
175.23806023374436
 20
58.09134171618255
 10
175.25903936782584
 20
58.135698368413
 10
175.28426519384874
 20
58.17778511650981
 10
175.31349477331864
 20
58.21719664208183
 10
175.34644660940674
 20
58.25355339059328
 10
175.3828033579182
 20
58.28650522668138
 10
175.42221488349023
 20
58.315734806151276
 10
175.464301631587
 20
58.34096063217418
 10
175.50865828381748
 20
58.36193976625565
 10
175.55485766137278
 20
58.37847016786611
 10
175.60245483899195
 20
58.39039264020162
 10
175.65099142983524
 20
58.3975923633361
 10
175.70000000000002
 20
58.400000000000006
 10
177.1
 20
58.400000000000006
 10
177.14900857016477
 20
58.3975923633361
 10
177.19754516100807
 20
58.39039264020162
 10
177.24514233862723
 20
58.37847016786611
 10
177.29134171618253
 20
58.36193976625565
 10
177.335698368413
 20
58.34096063217418
 10
177.37778511650978
 20
58.315734806151276
 10
177.41719664208182
 20
58.28650522668137
 10
177.45355339059327
 20
58.25355339059328
 10
177.48650522668137
 20
58.21719664208183
 10
177.51573480615127
 20
58.17778511650981
 10
177.54096063217418
 20
58.135698368413
 10
177.56193976625565
 20
58.09134171618255
 10
177.5784701678661
 20
58.04514233862724
 10
177.5903926402016
 20
57.99754516100807
 10
177.5975923633361
 20
57.949008570164786
 10
177.6
 20
57.900000000000006
 10
177.6
 20
56.5
 10
177.5975923633361
 20
56.45099142983522
 10
177.5903926402016
 20
56.402454838991936
 10
177.5784701678661
 20
56.35485766137277
 10
177.56193976625565
 20
56.30865828381746
 10
177.54096063217418
 20
56.264301631587
 10
177.51573480615127
 20
56.222214883490196
 10
177.48650522668137
 20
56.182803357918175
 10
177.45355339059327
 20
56.14644660940672
 10
177.41719664208182
 20
56.113494773318635
 10
177.37778511650978
 20
56.08426519384873
 10
177.335698368413
 20
56.059039367825825
 10
177.29134171618253
 20
56.03806023374435
 10
177.24514233862723
 20
56.02152983213389
 10
177.19754516100807
 20
56.00960735979839
 10
177.14900857016477
 20
56.002407636663904
  0
LWPOLYLINE
  5
105
330
17
100
AcDbEntity
  8
CUT
100
AcDbPolyline
 90
68
 70
1
 10
201.1
 20
56.0
 10
199.70000000000002
 20
56.0
 10
199.65099142983524
 20
56.002407636663904
 10
199.60245483899195
 20
56.00960735979839
 10
199.55485766137278
 20
56.02152983213389
 10
199.50865828381748
 20
56.03806023374435
 10
199.464301631587
 20
56.059039367825825
 10
199.42221488349023
 20
56.08426519384873
 10
199.3828033579182
 20
56.113494773318635
 10
199.34644660940674
 20
56.14644660940672
 10
199.31349477331864
 20
56.182803357918175
 10
199.28426519384874
 20
56.222214883490196
 10
199.25903936782584
 20
56.264301631587
 10
199.23806023374436
 20
56.30865828381746
 10
199.2215298321339
 20
56.35485766137277
 10
199.2096073597984
 20
56.402454838991936
 10
199.2024076366639
 20
56.45099142983522
 10
199.20000000000002
 20
56.5
 10
199.20000000000002
 20
57.900000000000006
 10
199.2024076366639
 20
57.949008570164786
 10
199.2096073597984
 20
57.99754516100807
 10
199.2215298321339
 20
58.04514233862724
 10
199.23806023374436
 20
58.09134171618255
 10
199.25903936782584
 20
58.135698368413
 10
199.28426519384874
 20
58.17778511650981
 10
199.31349477331864
 20
58.21719664208183
 10
199.34644660940674
 20
58.25355339059328
 10
199.3828033579182
 20
58.28650522668138
 10
199.42221488349023
 20
58.315734806151276
 10
199.464301631587
 20
58.34096063217418
 10
199.50865828381748
 20
58.36193976625565
 10
199.55485766137278
 20
58.37847016786611
 10
199.60245483899195
 20
58.39039264020162
 10
199.65099142983524
 20
58.3975923633361
 10
199.70000000000002
 20
58.400000000000006
 10
201.1
 20
58.400000000000006
 10
201.14900857016477
 20
58.3975923633361
 10
201.19754516100807
 20
58.39039264020162
 10
201.24514233862723
 20
58.37847016786611
 10
201.29134171618253
 20
58.36193976625565
 10
201.335698368413
 20
58.34096063217418
 10
201.37778511650978
 20
58.315734806151276
 10
201.41719664208182
 20
58.28650522668137
 10
201.45355339059327
 20
58.25355339059328
 10
201.48650522668137
 20
58.21719664208183
 10
201.51573480615127
 20
58.17778511650981
 10
201.54096063217418
 20
58.135698368413
 10
201.56193976625565
 20
58.09134171618255
 10
201.5784701678661
 20
58.04514233862724
 10
201.5903926402016
 20
57.99754516100807
 10
201.5975923633361
 20
57.949008570164786
 10
201.6
 20
57.900000000000006
 10
201.6
 20
56.5
 10
201.5975923633361
 20
56.45099142983522
 10
201.5903926402016
 20
56.402454838991936
 10
201.5784701678661
 20
56.35485766137277
 10
201.56193976625565
 20
56.30865828381746
 10
201.54096063217418
 20
56.264301631587
 10
201.51573480615127
 20
56.222214883490196
 10
201.48650522668137
 20
56.182803357918175
 10
201.45355339059327
 20
56.14644660940672
 10
201.41719664208182
 20
56.113494773318635
 10
201.37778511650978
 20
56.08426519384873
 10
201.335698368413
 20
56.059039367825825
 10
201.29134171618253
 20
56.03806023374435
 10
201.24514233862723
 20
56.02152983213389
 10
201.19754516100807
 20
56.00960735979839
 10
201.14900857016477
 20
56.002407636663904
  0
LWPOLYLINE
  5
106
330
17
100
AcDbEntity
  8
CUT
100
AcDbPolyline
 90
68
 70
1
 10
193.1
 20
56.0
 10
191.70000000000002
 20
56.0
 10
191.65099142983524
 20
56.002407636663904
 10
191.60245483899195
 20
56.00960735979839
 10
191.55485766137278
 20
56.02152983213389
 10
191.50865828381748
 20
56.03806023374435
 10
191.464301631587
 20
56.059039367825825
 10
191.42221488349023
 20
56.08426519384873
 10
191.3828033579182
 20
56.113494773318635
 10
191.34644660940674
 20
56.14644660940672
 10
191.31349477331864
 20
56.182803357918175
 10
191.28426519384874
 20
56.222214883490196
 10
191.25903936782584
 20
56.264301631587
 10
191.23806023374436
 20
56.30865828381746
 10
191.2215298321339
 20
56.35485766137277
 10
191.2096073597984
 20
56.402454838991936
 10
191.2024076366639
 20
56.45099142983522
 10
191.20000000000002
 20
56.5
 10
191.20000000000002
 20
57.900000000000006
 10
191.2024076366639
 20
57.949008570164786
 10
191.2096073597984
 20
57.99754516100807
 10
191.2215298321339
 20
58.04514233862724
 10
191.23806023374436
 20
58.09134171618255
 10
191.25903936782584
 20
58.135698368413
 10
191.28426519384874
 20
58.17778511650981
 10
191.31349477331864
 20
58.21719664208183
 10
191.34644660940674
 20
58.25355339059328
 10
191.3828033579182
 20
58.28650522668138
 10
191.42221488349023
 20
58.315734806151276
 10
191.464301631587
 20
58.34096063217418
 10
191.50865828381748
 20
58.36193976625565
 10
191.55485766137278
 20
58.37847016786611
 10
191.60245483899195
 20
58.39039264020162
 10
191.65099142983524
 20
58.3975923633361
 10
191.70000000000002
 20
58.400000000000006
 10
193.1
 20
58.400000000000006
 10
193.14900857016477
 20
58.3975923633361
 10
193.19754516100807
 20
58.39039264020162
 10
193.24514233862723
 20
58.37847016786611
 10
193.29134171618253
 20
58.36193976625565
 10
193.335698368413
 20
58.34096063217418
 10
193.37778511650978
 20
58.315734806151276
 10
193.41719664208182
 20
58.28650522668137
 10
193.45355339059327
 20
58.25355339059328
 10
193.48650522668137
 20
58.21719664208183
 10
193.51573480615127
 20
58.17778511650981
 10
193.54096063217418
 20
58.135698368413
 10
193.56193976625565
 20
58.09134171618255
 10
193.5784701678661
 20
58.04514233862724
 10
193.5903926402016
 20
57.99754516100807
 10
193.5975923633361
 20
57.949008570164786
 10
193.6
 20
57.900000000000006
 10
193.6
 20
56.5
 10
193.5975923633361
 20
56.45099142983522
 10
193.5903926402016
 20
56.402454838991936
 10
193.5784701678661
 20
56.35485766137277
 10
193.56193976625565
 20
56.30865828381746
 10
193.54096063217418
 20
56.264301631587
 10
193.51573480615127
 20
56.222214883490196
 10
193.48650522668137
 20
56.182803357918175
 10
193.45355339059327
 20
56.14644660940672
 10
193.41719664208182
 20
56.113494773318635
 10
193.37778511650978
 20
56.08426519384873
 10
193.335698368413
 20
56.059039367825825
 10
193.29134171618253
 20
56.03806023374435
 10
193.24514233862723
 20
56.02152983213389
 10
193.19754516100807
 20
56.00960735979839
 10
193.14900857016477
 20
56.002407636663904
  0
LWPOLYLINE
  5
107
330
17
100
AcDbEntity
  8
CUT
100
AcDbPolyline
 90
68
 70
1
 10
185.14900857016477
 20
56.002407636663904
 10
185.1
 20
56.0
 10
183.70000000000002
 20
56.0
 10
183.65099142983524
 20
56.002407636663904
 10
183.60245483899195
 20
56.00960735979839
 10
183.55485766137278
 20
56.02152983213389
 10
183.50865828381748
 20
56.03806023374435
 10
183.464301631587
 20
56.059039367825825
 10
183.42221488349023
 20
56.08426519384873
 10
183.3828033579182
 20
56.113494773318635
 10
183.34644660940674
 20
56.14644660940672
 10
183.31349477331864
 20
56.182803357918175
 10
183.28426519384874
 20
56.222214883490196
 10
183.25903936782584
 20
56.264301631587
 10
183.23806023374436
 20
56.30865828381746
 10
183.2215298321339
 20
56.35485766137277
 10
183.2096073597984
 20
56.402454838991936
 10
183.2024076366639
 20
56.45099142983522
 10
183.20000000000002
 20
56.5
 10
183.20000000000002
 20
57.900000000000006
 10
183.2024076366639
 20
57.949008570164786
 10
183.2096073597984
 20
57.99754516100807
 10
183.2215298321339
 20
58.04514233862724
 10
183.23806023374436
 20
58.09134171618255
 10
183.25903936782584
 20
58.135698368413
 10
183.28426519384874
 20
58.17778511650981
 10
183.31349477331864
 20
58.21719664208183
 10
183.34644660940674
 20
58.25355339059328
 10
183.3828033579182
 20
58.28650522668138
 10
183.42221488349023
 20
58.315734806151276
 10
183.464301631587
 20
58.34096063217418
 10
183.50865828381748
 20
58.36193976625565
 10
183.55485766137278
 20
58.37847016786611
 10
183.60245483899195
 20
58.39039264020162
 10
183.65099142983524
 20
58.3975923633361
 10
183.70000000000002
 20
58.400000000000006
 10
185.1
 20
58.400000000000006
 10
185.14900857016477
 20
58.3975923633361
 10
185.19754516100807
 20
58.39039264020162
 10
185.24514233862723
 20
58.37847016786611
 10
185.29134171618253
 20
58.36193976625565
 10
185.335698368413
 20
58.34096063217418
 10
185.37778511650978
 20
58.315734806151276
 10
185.41719664208182
 20
58.28650522668137
 10
185.45355339059327
 20
58.25355339059328
 10
185.48650522668137
 20
58.21719664208183
 10
185.51573480615127
 20
58.17778511650981
 10
185.54096063217418
 20
58.135698368413
 10
185.56193976625565
 20
58.09134171618255
 10
185.5784701678661
 20
58.04514233862724
 10
185.5903926402016
 20
57.99754516100807
 10
185.5975923633361
 20
57.949008570164786
 10
185.6
 20
57.900000000000006
 10
185.6
 20
56.5
 10
185.5975923633361
 20
56.45099142983522
 10
185.5903926402016
 20
56.402454838991936
 10
185.5784701678661
 20
56.35485766137277
 10
185.56193976625565
 20
56.30865828381746
 10
185.54096063217418
 20
56.264301631587
 10
185.51573480615127
 20
56.222214883490196
 10
185.48650522668137
 20
56.182803357918175
 10
185.45355339059327
 20
56.14644660940672
 10
185.41719664208182
 20
56.113494773318635
 10
185.37778511650978
 20
56.08426519384873
 10
185.335698368413
 20
56.059039367825825
 10
185.29134171618253
 20
56.03806023374435
 10
185.24514233862723
 20
56.02152983213389
 10
185.19754516100807
 20
56.00960735979839
  0
LWPOLYLINE
  5
108
330
17
100
AcDbEntity
  8
CUT
100
AcDbPolyline
 90
68
 70
1
 10
193.1
 20
64.0
 10
191.70000000000002
 20
64.0
 10
191.65099142983524
 20
64.0024076366639
 10
191.60245483899195
 20
64.00960735979838
 10
191.55485766137278
 20
64.0215298321339
 10
191.50865828381748
 20
64.03806023374436
 10
191.464301631587
 20
64.05903936782582
 10
191.42221488349023
 20
64.08426519384872
 10
191.3828033579182
 20
64.11349477331864
 10
191.34644660940674
 20
64.14644660940672
 10
191.31349477331864
 20
64.18280335791817
 10
191.28426519384874
 20
64.2222148834902
 10
191.25903936782584
 20
64.264301631587
 10
191.23806023374436
 20
64.30865828381745
 10
191.2215298321339
 20
64.35485766137276
 10
191.2096073597984
 20
64.40245483899193
 10
191.2024076366639
 20
64.45099142983521
 10
191.20000000000002
 20
64.5
 10
191.20000000000002
 20
65.9
 10
191.2024076366639
 20
65.94900857016479
 10
191.2096073597984
 20
65.99754516100808
 10
191.2215298321339
 20
66.04514233862724
 10
191.23806023374436
 20
66.09134171618255
 10
191.25903936782584
 20
66.135698368413
 10
191.28426519384874
 20
66.17778511650981
 10
191.31349477331864
 20
66.21719664208183
 10
191.34644660940674
 20
66.25355339059328
 10
191.3828033579182
 20
66.28650522668137
 10
191.42221488349023
 20
66.31573480615128
 10
191.464301631587
 20
66.34096063217419
 10
191.50865828381748
 20
66.36193976625565
 10
191.55485766137278
 20
66.37847016786611
 10
191.60245483899195
 20
66.39039264020163
 10
191.65099142983524
 20
66.3975923633361
 10
191.70000000000002
 20
66.4
 10
193.1
 20
66.4
 10
193.14900857016477
 20
66.3975923633361
 10
193.19754516100807
 20
66.39039264020163
 10
193.24514233862723
 20
66.37847016786611
 10
193.29134171618253
 20
66.36193976625565
 10
193.335698368413
 20
66.34096063217419
 10
193.37778511650978
 20
66.31573480615128
 10
193.41719664208182
 20
66.28650522668137
 10
193.45355339059327
 20
66.25355339059328
 10
193.48650522668137
 20
66.21719664208183
 10
193.51573480615127
 20
66.17778511650981
 10
193.54096063217418
 20
66.135698368413
 10
193.56193976625565
 20
66.09134171618255
 10
193.5784701678661
 20
66.04514233862724
 10
193.5903926402016
 20
65.99754516100808
 10
193.5975923633361
 20
65.94900857016479
 10
193.6
 20
65.9
 10
193.6
 20
64.5
 10
193.5975923633361
 20
64.45099142983521
 10
193.5903926402016
 20
64.40245483899193
 10
193.5784701678661
 20
64.35485766137276
 10
193.56193976625565
 20
64.30865828381745
 10
193.54096063217418
 20
64.264301631587
 10
193.51573480615127
 20
64.2222148834902
 10
193.48650522668137
 20
64.18280335791817
 10
193.45355339059327
 20
64.14644660940672
 10
193.41719664208182
 20
64.11349477331864
 10
193.37778511650978
 20
64.08426519384872
 10
193.335698368413
 20
64.05903936782582
 10
193.29134171618253
 20
64.03806023374436
 10
193.24514233862723
 20
64.0215298321339
 10
193.19754516100807
 20
64.00960735979838
 10
193.14900857016477
 20
64.0024076366639
  0
LWPOLYLINE
  5
109
330
17
100
AcDbEntity
  8
CUT
100
AcDbPolyline
 90
68
 70
1
 10
177.67841371226365
 20
63.20385221866224
 10
177.6
 20
63.2
 10
175.20000000000002
 20
63.2
 10
175.12158628773636
 20
63.20385221866224
 10
175.04392774238713
 20
63.21537177567742
 10
174.96777225819645
 20
63.234447731414235
 10
174.89385325410794
 20
63.260896373990974
 10
174.8228826105392
 20
63.29446298852132
 10
174.75554381358432
 20
63.33482431015796
 10
174.6924853726691
 20
63.38159163730981
 10
174.63431457505078
 20
63.43431457505076
 10
174.58159163730983
 20
63.49248537266909
 10
174.53482431015797
 20
63.55554381358432
 10
174.49446298852132
 20
63.6228826105392
 10
174.46089637399098
 20
63.69385325410793
 10
174.43444773141425
 20
63.76777225819643
 10
174.41537177567744
 20
63.843927742387095
 10
174.40385221866225
 20
63.92158628773635
 10
174.4
 20
64.0
 10
174.4
 20
66.4
 10
174.40385221866225
 20
66.47841371226366
 10
174.41537177567744
 20
66.55607225761291
 10
174.43444773141425
 20
66.63222774180358
 10
174.46089637399098
 20
66.70614674589208
 10
174.49446298852132
 20
66.7771173894608
 10
174.53482431015797
 20
66.84445618641568
 10
174.58159163730983
 20
66.90751462733093
 10
174.63431457505078
 20
66.96568542494924
 10
174.6924853726691
 20
67.0184083626902
 10
174.75554381358432
 20
67.06517568984204
 10
174.8228826105392
 20
67.10553701147869
 10
174.89385325410794
 20
67.13910362600903
 10
174.96777225819645
 20
67.16555226858577
 10
175.04392774238713
 20
67.1846282243226
 10
175.12158628773636
 20
67.19614778133776
 10
175.20000000000002
 20
67.2
 10
177.6
 20
67.2
 10
177.67841371226365
 20
67.19614778133776
 10
177.75607225761289
 20
67.1846282243226
 10
177.83222774180356
 20
67.16555226858577
 10
177.90614674589207
 20
67.13910362600903
 10
177.9771173894608
 20
67.10553701147869
 10
178.0444561864157
 20
67.06517568984204
 10
178.10751462733091
 20
67.0184083626902
 10
178.16568542494923
 20
66.96568542494924
 10
178.21840836269018
 20
66.90751462733093
 10
178.26517568984204
 20
66.84445618641568
 10
178.3055370114787
 20
66.7771173894608
 10
178.33910362600903
 20
66.70614674589208
 10
178.36555226858576
 20
66.63222774180358
 10
178.38462822432257
 20
66.55607225761291
 10
178.39614778133776
 20
66.47841371226366
 10
178.4
 20
66.4
 10
178.4
 20
64.0
 10
178.39614778133776
 20
63.92158628773635
 10
178.38462822432257
 20
63.843927742387095
 10
178.36555226858576
 20
63.76777225819643
 10
178.33910362600903
 20
63.69385325410793
 10
178.3055370114787
 20
63.6228826105392
 10
178.26517568984204
 20
63.55554381358432
 10
178.21840836269018
 20
63.49248537266909
 10
178.16568542494923
 20
63.43431457505076
 10
178.10751462733091
 20
63.38159163730981
 10
178.0444561864157
 20
63.33482431015796
 10
177.9771173894608
 20
63.29446298852132
 10
177.90614674589207
 20
63.260896373990974
 10
177.83222774180356
 20
63.234447731414235
 10
177.75607225761289
 20
63.21537177567742
  0
LWPOLYLINE
  5
10A
330
17
100
AcDbEntity
  8
CUT
100
AcDbPolyline
 90
68
 70
1
 10
185.67841371226365
 20
63.20385221866224
 10
185.6
 20
63.2
 10
183.20000000000002
 20
63.2
 10
183.12158628773636
 20
63.20385221866224
 10
183.04392774238713
 20
63.21537177567742
 10
182.96777225819645
 20
63.234447731414235
 10
182.89385325410794
 20
63.260896373990974
 10
182.8228826105392
 20
63.29446298852132
 10
182.75554381358432
 20
63.33482431015796
 10
182.6924853726691
 20
63.38159163730981
 10
182.63431457505078
 20
63.43431457505076
 10
182.58159163730983
 20
63.49248537266909
 10
182.53482431015797
 20
63.55554381358432
 10
182.49446298852132
 20
63.6228826105392
 10
182.46089637399098
 20
63.69385325410793
 10
182.43444773141425
 20
63.76777225819643
 10
182.41537177567744
 20
63.843927742387095
 10
182.40385221866225
 20
63.92158628773635
 10
182.4
 20
64.0
 10
182.4
 20
66.4
 10
182.40385221866225
 20
66.47841371226366
 10
182.41537177567744
 20
66.55607225761291
 10
182.43444773141425
 20
66.63222774180358
 10
182.46089637399098
 20
66.70614674589208
 10
182.49446298852132
 20
66.7771173894608
 10
182.53482431015797
 20
66.84445618641568
 10
182.58159163730983
 20
66.90751462733093
 10
182.63431457505078
 20
66.96568542494924
 10
182.6924853726691
 20
67.0184083626902
 10
182.75554381358432
 20
67.06517568984204
 10
182.8228826105392
 20
67.10553701147869
 10
182.89385325410794
 20
67.13910362600903
 10
182.96777225819645
 20
67.16555226858577
 10
183.04392774238713
 20
67.1846282243226
 10
183.12158628773636
 20
67.19614778133776
 10
183.20000000000002
 20
67.2
 10
185.6
 20
67.2
 10
185.67841371226365
 20
67.19614778133776
 10
185.75607225761289
 20
67.1846282243226
 10
185.83222774180356
 20
67.16555226858577
 10
185.90614674589207
 20
67.13910362600903
 10
185.9771173894608
 20
67.10553701147869
 10
186.0444561864157
 20
67.06517568984204
 10
186.10751462733091
 20
67.0184083626902
 10
186.16568542494923
 20
66.96568542494924
 10
186.21840836269018
 20
66.90751462733093
 10
186.26517568984204
 20
66.84445618641568
 10
186.3055370114787
 20
66.7771173894608
 10
186.33910362600903
 20
66.70614674589208
 10
186.36555226858576
 20
66.63222774180358
 10
186.38462822432257
 20
66.55607225761291
 10
186.39614778133776
 20
66.47841371226366
 10
186.4
 20
66.4
 10
186.4
 20
64.0
 10
186.39614778133776
 20
63.92158628773635
 10
186.38462822432257
 20
63.843927742387095
 10
186.36555226858576
 20
63.76777225819643
 10
186.33910362600903
 20
63.69385325410793
 10
186.3055370114787
 20
63.6228826105392
 10
186.26517568984204
 20
63.55554381358432
 10
186.21840836269018
 20
63.49248537266909
 10
186.16568542494923
 20
63.43431457505076
 10
186.10751462733091
 20
63.38159163730981
 10
186.0444561864157
 20
63.33482431015796
 10
185.9771173894608
 20
63.29446298852132
 10
185.90614674589207
 20
63.260896373990974
 10
185.83222774180356
 20
63.234447731414235
 10
185.75607225761289
 20
63.21537177567742
  0
LWPOLYLINE
  5
10B
330
17
100
AcDbEntity
  8
CUT
100
AcDbPolyline
 90
68
 70
1
 10
178.20000000000002
 20
70.3
 10
174.6
 20
70.3
 10
174.4921811456375
 20
70.30529680066057
 10
174.38540064578225
 20
70.32113619155643
 10
174.2806868550201
 20
70.34736563069457
 10
174.1790482243984
 20
70.38373251423758
 10
174.0814635894914
 20
70.4298866092168
 10
173.98887274367843
 20
70.4853834264672
 10
173.90216738741998
 20
70.54968850130098
 10
173.8221825406948
 20
70.6221825406948
 10
173.749688501301
 20
70.70216738741998
 10
173.68538342646718
 20
70.78887274367843
 10
173.6298866092168
 20
70.88146358949139
 10
173.58373251423757
 20
70.9790482243984
 10
173.54736563069457
 20
71.08068685502008
 10
173.52113619155645
 20
71.18540064578225
 10
173.50529680066057
 20
71.29218114563747
 10
173.5
 20
71.39999999999999
 10
173.5
 20
75.00000000000001
 10
173.50529680066057
 20
75.10781885436253
 10
173.52113619155645
 20
75.21459935421775
 10
173.54736563069457
 20
75.31931314497993
 10
173.58373251423757
 20
75.42095177560161
 10
173.6298866092168
 20
75.51853641050862
 10
173.68538342646718
 20
75.61112725632158
 10
173.749688501301
 20
75.69783261258003
 10
173.8221825406948
 20
75.77781745930521
 10
173.90216738741998
 20
75.85031149869903
 10
173.98887274367843
 20
75.91461657353281
 10
174.0814635894914
 20
75.97011339078321
 10
174.1790482243984
 20
76.01626748576243
 10
174.2806868550201
 20
76.05263436930544
 10
174.38540064578225
 20
76.07886380844357
 10
174.4921811456375
 20
76.09470319933943
 10
174.6
 20
76.10000000000001
 10
178.20000000000002
 20
76.10000000000001
 10
178.30781885436252
 20
76.09470319933943
 10
178.41459935421776
 20
76.07886380844357
 10
178.51931314497992
 20
76.05263436930544
 10
178.6209517756016
 20
76.01626748576243
 10
178.71853641050862
 20
75.97011339078321
 10
178.81112725632158
 20
75.91461657353281
 10
178.89783261258003
 20
75.85031149869903
 10
178.97781745930521
 20
75.77781745930521
 10
179.05031149869902
 20
75.69783261258003
 10
179.11461657353283
 20
75.61112725632158
 10
179.1701133907832
 20
75.51853641050862
 10
179.21626748576244
 20
75.42095177560161
 10
179.25263436930544
 20
75.31931314497993
 10
179.27886380844356
 20
75.21459935421775
 10
179.29470319933944
 20
75.10781885436253
 10
179.3
 20
75.00000000000001
 10
179.3
 20
71.39999999999999
 10
179.29470319933944
 20
71.29218114563747
 10
179.27886380844356
 20
71.18540064578225
 10
179.25263436930544
 20
71.08068685502008
 10
179.21626748576244
 20
70.9790482243984
 10
179.1701133907832
 20
70.88146358949139
 10
179.11461657353283
 20
70.78887274367843
 10
179.05031149869902
 20
70.70216738741998
 10
178.97781745930521
 20
70.6221825406948
 10
178.89783261258003
 20
70.54968850130098
 10
178.81112725632158
 20
70.4853834264672
 10
178.71853641050862
 20
70.4298866092168
 10
178.6209517756016
 20
70.38373251423758
 10
178.51931314497992
 20
70.34736563069457
 10
178.41459935421776
 20
70.32113619155643
 10
178.30781885436252
 20
70.30529680066057
  0
LWPOLYLINE
  5
10C
330
17
100
AcDbEntity
  8
CUT
100
AcDbPolyline
 90
68
 70
1
 10
185.67841371226365
 20
71.20385221866225
 10
185.6
 20
71.2
 10
183.20000000000002
 20
71.2
 10
183.12158628773636
 20
71.20385221866225
 10
183.04392774238713
 20
71.21537177567741
 10
182.96777225819645
 20
71.23444773141424
 10
182.89385325410794
 20
71.26089637399097
 10
182.8228826105392
 20
71.29446298852132
 10
182.75554381358432
 20
71.33482431015797
 10
182.6924853726691
 20
71.38159163730981
 10
182.63431457505078
 20
71.43431457505076
 10
182.58159163730983
 20
71.49248537266908
 10
182.53482431015797
 20
71.55554381358432
 10
182.49446298852132
 20
71.62288261053921
 10
182.46089637399098
 20
71.69385325410792
 10
182.43444773141425
 20
71.76777225819643
 10
182.41537177567744
 20
71.8439277423871
 10
182.40385221866225
 20
71.92158628773635
 10
182.4
 20
72.0
 10
182.4
 20
74.4
 10
182.40385221866225
 20
74.47841371226366
 10
182.41537177567744
 20
74.55607225761291
 10
182.43444773141425
 20
74.63222774180358
 10
182.46089637399098
 20
74.70614674589208
 10
182.49446298852132
 20
74.7771173894608
 10
182.53482431015797
 20
74.84445618641568
 10
182.58159163730983
 20
74.90751462733093
 10
182.63431457505078
 20
74.96568542494924
 10
182.6924853726691
 20
75.0184083626902
 10
182.75554381358432
 20
75.06517568984204
 10
182.8228826105392
 20
75.10553701147869
 10
182.89385325410794
 20
75.13910362600903
 10
182.96777225819645
 20
75.16555226858577
 10
183.04392774238713
 20
75.1846282243226
 10
183.12158628773636
 20
75.19614778133776
 10
183.20000000000002
 20
75.2
 10
185.6
 20
75.2
 10
185.67841371226365
 20
75.19614778133776
 10
185.75607225761289
 20
75.1846282243226
 10
185.83222774180356
 20
75.16555226858577
 10
185.90614674589207
 20
75.13910362600903
 10
185.9771173894608
 20
75.10553701147869
 10
186.0444561864157
 20
75.06517568984204
 10
186.10751462733091
 20
75.0184083626902
 10
186.16568542494923
 20
74.96568542494924
 10
186.21840836269018
 20
74.90751462733093
 10
186.26517568984204
 20
74.84445618641568
 10
186.3055370114787
 20
74.7771173894608
 10
186.33910362600903
 20
74.70614674589208
 10
186.36555226858576
 20
74.63222774180358
 10
186.38462822432257
 20
74.55607225761291
 10
186.39614778133776
 20
74.47841371226366
 10
186.4
 20
74.4
 10
186.4
 20
72.0
 10
186.39614778133776
 20
71.92158628773635
 10
186.38462822432257
 20
71.8439277423871
 10
186.36555226858576
 20
71.76777225819643
 10
186.33910362600903
 20
71.69385325410792
 10
186.3055370114787
 20
71.62288261053921
 10
186.26517568984204
 20
71.55554381358432
 10
186.21840836269018
 20
71.49248537266908
 10
186.16568542494923
 20
71.43431457505076
 10
186.10751462733091
 20
71.38159163730981
 10
186.0444561864157
 20
71.33482431015797
 10
185.9771173894608
 20
71.29446298852132
 10
185.90614674589207
 20
71.26089637399097
 10
185.83222774180356
 20
71.23444773141424
 10
185.75607225761289
 20
71.21537177567741
  0
LWPOLYLINE
  5
10D
330
17
100
AcDbEntity
  8
CUT
100
AcDbPolyline
 90
68
 70
1
 10
193.67841371226365
 20
71.20385221866225
 10
193.6
 20
71.2
 10
191.20000000000002
 20
71.2
 10
191.12158628773636
 20
71.20385221866225
 10
191.04392774238713
 20
71.21537177567741
 10
190.96777225819645
 20
71.23444773141424
 10
190.89385325410794
 20
71.26089637399097
 10
190.8228826105392
 20
71.29446298852132
 10
190.75554381358432
 20
71.33482431015797
 10
190.6924853726691
 20
71.38159163730981
 10
190.63431457505078
 20
71.43431457505076
 10
190.58159163730983
 20
71.49248537266908
 10
190.53482431015797
 20
71.55554381358432
 10
190.49446298852132
 20
71.62288261053921
 10
190.46089637399098
 20
71.69385325410792
 10
190.43444773141425
 20
71.76777225819643
 10
190.41537177567744
 20
71.8439277423871
 10
190.40385221866225
 20
71.92158628773635
 10
190.4
 20
72.0
 10
190.4
 20
74.4
 10
190.40385221866225
 20
74.47841371226366
 10
190.41537177567744
 20
74.55607225761291
 10
190.43444773141425
 20
74.63222774180358
 10
190.46089637399098
 20
74.70614674589208
 10
190.49446298852132
 20
74.7771173894608
 10
190.53482431015797
 20
74.84445618641568
 10
190.58159163730983
 20
74.90751462733093
 10
190.63431457505078
 20
74.96568542494924
 10
190.6924853726691
 20
75.0184083626902
 10
190.75554381358432
 20
75.06517568984204
 10
190.8228826105392
 20
75.10553701147869
 10
190.89385325410794
 20
75.13910362600903
 10
190.96777225819645
 20
75.16555226858577
 10
191.04392774238713
 20
75.1846282243226
 10
191.12158628773636
 20
75.19614778133776
 10
191.20000000000002
 20
75.2
 10
193.6
 20
75.2
 10
193.67841371226365
 20
75.19614778133776
 10
193.75607225761289
 20
75.1846282243226
 10
193.83222774180356
 20
75.16555226858577
 10
193.90614674589207
 20
75.13910362600903
 10
193.9771173894608
 20
75.10553701147869
 10
194.0444561864157
 20
75.06517568984204
 10
194.10751462733091
 20
75.0184083626902
 10
194.16568542494923
 20
74.96568542494924
 10
194.21840836269018
 20
74.90751462733093
 10
194.26517568984204
 20
74.84445618641568
 10
194.3055370114787
 20
74.7771173894608
 10
194.33910362600903
 20
74.70614674589208
 10
194.36555226858576
 20
74.63222774180358
 10
194.38462822432257
 20
74.55607225761291
 10
194.39614778133776
 20
74.47841371226366
 10
194.4
 20
74.4
 10
194.4
 20
72.0
 10
194.39614778133776
 20
71.92158628773635
 10
194.38462822432257
 20
71.8439277423871
 10
194.36555226858576
 20
71.76777225819643
 10
194.33910362600903
 20
71.69385325410792
 10
194.3055370114787
 20
71.62288261053921
 10
194.26517568984204
 20
71.55554381358432
 10
194.21840836269018
 20
71.49248537266908
 10
194.16568542494923
 20
71.43431457505076
 10
194.10751462733091
 20
71.38159163730981
 10
194.0444561864157
 20
71.33482431015797
 10
193.9771173894608
 20
71.29446298852132
 10
193.90614674589207
 20
71.26089637399097
 10
193.83222774180356
 20
71.23444773141424
 10
193.75607225761289
 20
71.21537177567741
  0
LWPOLYLINE
  5
10E
330
17
100
AcDbEntity
  8
CUT
100
AcDbPolyline
 90
68
 70
1
 10
162.20000000000002
 20
78.3
 10
158.6
 20
78.3
 10
158.4921811456375
 20
78.30529680066057
 10
158.38540064578225
 20
78.32113619155643
 10
158.2806868550201
 20
78.34736563069457
 10
158.1790482243984
 20
78.38373251423758
 10
158.0814635894914
 20
78.4298866092168
 10
157.98887274367843
 20
78.4853834264672
 10
157.90216738741998
 20
78.54968850130098
 10
157.8221825406948
 20
78.6221825406948
 10
157.749688501301
 20
78.70216738741998
 10
157.68538342646718
 20
78.78887274367843
 10
157.6298866092168
 20
78.88146358949139
 10
157.58373251423757
 20
78.9790482243984
 10
157.54736563069457
 20
79.08068685502008
 10
157.52113619155645
 20
79.18540064578225
 10
157.50529680066057
 20
79.29218114563747
 10
157.5
 20
79.39999999999999
 10
157.5
 20
83.00000000000001
 10
157.50529680066057
 20
83.10781885436253
 10
157.52113619155645
 20
83.21459935421775
 10
157.54736563069457
 20
83.31931314497993
 10
157.58373251423757
 20
83.42095177560161
 10
157.6298866092168
 20
83.51853641050862
 10
157.68538342646718
 20
83.61112725632158
 10
157.749688501301
 20
83.69783261258003
 10
157.8221825406948
 20
83.77781745930521
 10
157.90216738741998
 20
83.85031149869903
 10
157.98887274367843
 20
83.91461657353281
 10
158.0814635894914
 20
83.97011339078321
 10
158.1790482243984
 20
84.01626748576243
 10
158.2806868550201
 20
84.05263436930544
 10
158.38540064578225
 20
84.07886380844357
 10
158.4921811456375
 20
84.09470319933943
 10
158.6
 20
84.10000000000001
 10
162.20000000000002
 20
84.10000000000001
 10
162.30781885436252
 20
84.09470319933943
 10
162.41459935421776
 20
84.07886380844357
 10
162.51931314497992
 20
84.05263436930544
 10
162.6209517756016
 20
84.01626748576243
 10
162.71853641050862
 20
83.97011339078321
 10
162.81112725632158
 20
83.91461657353281
 10
162.89783261258003
 20
83.85031149869903
 10
162.97781745930521
 20
83.77781745930521
 10
163.05031149869902
 20
83.69783261258003
 10
163.11461657353283
 20
83.61112725632158
 10
163.1701133907832
 20
83.51853641050862
 10
163.21626748576244
 20
83.42095177560161
 10
163.25263436930544
 20
83.31931314497993
 10
163.27886380844356
 20
83.21459935421775
 10
163.29470319933944
 20
83.10781885436253
 10
163.3
 20
83.00000000000001
 10
163.3
 20
79.39999999999999
 10
163.29470319933944
 20
79.29218114563747
 10
163.27886380844356
 20
79.18540064578225
 10
163.25263436930544
 20
79.08068685502008
 10
163.21626748576244
 20
78.9790482243984
 10
163.1701133907832
 20
78.88146358949139
 10
163.11461657353283
 20
78.78887274367843
 10
163.05031149869902
 20
78.70216738741998
 10
162.97781745930521
 20
78.6221825406948
 10
162.89783261258003
 20
78.54968850130098
 10
162.81112725632158
 20
78.4853834264672
 10
162.71853641050862
 20
78.4298866092168
 10
162.6209517756016
 20
78.38373251423758
 10
162.51931314497992
 20
78.34736563069457
 10
162.41459935421776
 20
78.32113619155643
 10
162.30781885436252
 20
78.30529680066057
  0
LWPOLYLINE
  5
10F
330
17
100
AcDbEntity
  8
CUT
100
AcDbPolyline
 90
68
 70
1
 10
186.20000000000002
 20
78.3
 10
182.6
 20
78.3
 10
182.4921811456375
 20
78.30529680066057
 10
182.38540064578225
 20
78.32113619155643
 10
182.2806868550201
 20
78.34736563069457
 10
182.1790482243984
 20
78.38373251423758
 10
182.0814635894914
 20
78.4298866092168
 10
181.98887274367843
 20
78.4853834264672
 10
181.90216738741998
 20
78.54968850130098
 10
181.8221825406948
 20
78.6221825406948
 10
181.749688501301
 20
78.70216738741998
 10
181.68538342646718
 20
78.78887274367843
 10
181.6298866092168
 20
78.88146358949139
 10
181.58373251423757
 20
78.9790482243984
 10
181.54736563069457
 20
79.08068685502008
 10
181.52113619155645
 20
79.18540064578225
 10
181.50529680066057
 20
79.29218114563747
 10
181.5
 20
79.39999999999999
 10
181.5
 20
83.00000000000001
 10
181.50529680066057
 20
83.10781885436253
 10
181.52113619155645
 20
83.21459935421775
 10
181.54736563069457
 20
83.31931314497993
 10
181.58373251423757
 20
83.42095177560161
 10
181.6298866092168
 20
83.51853641050862
 10
181.68538342646718
 20
83.61112725632158
 10
181.749688501301
 20
83.69783261258003
 10
181.8221825406948
 20
83.77781745930521
 10
181.90216738741998
 20
83.85031149869903
 10
181.98887274367843
 20
83.91461657353281
 10
182.0814635894914
 20
83.97011339078321
 10
182.1790482243984
 20
84.01626748576243
 10
182.2806868550201
 20
84.05263436930544
 10
182.38540064578225
 20
84.07886380844357
 10
182.4921811456375
 20
84.09470319933943
 10
182.6
 20
84.10000000000001
 10
186.20000000000002
 20
84.10000000000001
 10
186.30781885436252
 20
84.09470319933943
 10
186.41459935421776
 20
84.07886380844357
 10
186.51931314497992
 20
84.05263436930544
 10
186.6209517756016
 20
84.01626748576243
 10
186.71853641050862
 20
83.97011339078321
 10
186.81112725632158
 20
83.91461657353281
 10
186.89783261258003
 20
83.85031149869903
 10
186.97781745930521
 20
83.77781745930521
 10
187.05031149869902
 20
83.69783261258003
 10
187.11461657353283
 20
83.61112725632158
 10
187.1701133907832
 20
83.51853641050862
 10
187.21626748576244
 20
83.42095177560161
 10
187.25263436930544
 20
83.31931314497993
 10
187.27886380844356
 20
83.21459935421775
 10
187.29470319933944
 20
83.10781885436253
 10
187.3
 20
83.00000000000001
 10
187.3
 20
79.39999999999999
 10
187.29470319933944
 20
79.29218114563747
 10
187.27886380844356
 20
79.18540064578225
 10
187.25263436930544
 20
79.08068685502008
 10
187.21626748576244
 20
78.9790482243984
 10
187.1701133907832
 20
78.88146358949139
 10
187.11461657353283
 20
78.78887274367843
 10
187.05031149869902
 20
78.70216738741998
 10
186.97781745930521
 20
78.6221825406948
 10
186.89783261258003
 20
78.54968850130098
 10
186.81112725632158
 20
78.4853834264672
 10
186.71853641050862
 20
78.4298866092168
 10
186.6209517756016
 20
78.38373251423758
 10
186.51931314497992
 20
78.34736563069457
 10
186.41459935421776
 20
78.32113619155643
 10
186.30781885436252
 20
78.30529680066057
  0
LWPOLYLINE
  5
110
330
17
100
AcDbEntity
  8
CUT
100
AcDbPolyline
 90
68
 70
1
 10
193.67841371226365
 20
79.20385221866225
 10
193.6
 20
79.2
 10
191.20000000000002
 20
79.2
 10
191.12158628773636
 20
79.20385221866225
 10
191.04392774238713
 20
79.21537177567741
 10
190.96777225819645
 20
79.23444773141424
 10
190.89385325410794
 20
79.26089637399097
 10
190.8228826105392
 20
79.29446298852132
 10
190.75554381358432
 20
79.33482431015797
 10
190.6924853726691
 20
79.38159163730981
 10
190.63431457505078
 20
79.43431457505076
 10
190.58159163730983
 20
79.49248537266908
 10
190.53482431015797
 20
79.55554381358432
 10
190.49446298852132
 20
79.62288261053921
 10
190.46089637399098
 20
79.69385325410792
 10
190.43444773141425
 20
79.76777225819643
 10
190.41537177567744
 20
79.8439277423871
 10
190.40385221866225
 20
79.92158628773635
 10
190.4
 20
80.0
 10
190.4
 20
82.4
 10
190.40385221866225
 20
82.47841371226366
 10
190.41537177567744
 20
82.55607225761291
 10
190.43444773141425
 20
82.63222774180358
 10
190.46089637399098
 20
82.70614674589208
 10
190.49446298852132
 20
82.7771173894608
 10
190.53482431015797
 20
82.84445618641568
 10
190.58159163730983
 20
82.90751462733093
 10
190.63431457505078
 20
82.96568542494924
 10
190.6924853726691
 20
83.0184083626902
 10
190.75554381358432
 20
83.06517568984204
 10
190.8228826105392
 20
83.10553701147869
 10
190.89385325410794
 20
83.13910362600903
 10
190.96777225819645
 20
83.16555226858577
 10
191.04392774238713
 20
83.1846282243226
 10
191.12158628773636
 20
83.19614778133776
 10
191.20000000000002
 20
83.2
 10
193.6
 20
83.2
 10
193.67841371226365
 20
83.19614778133776
 10
193.75607225761289
 20
83.1846282243226
 10
193.83222774180356
 20
83.16555226858577
 10
193.90614674589207
 20
83.13910362600903
 10
193.9771173894608
 20
83.10553701147869
 10
194.0444561864157
 20
83.06517568984204
 10
194.10751462733091
 20
83.0184083626902
 10
194.16568542494923
 20
82.96568542494924
 10
194.21840836269018
 20
82.90751462733093
 10
194.26517568984204
 20
82.84445618641568
 10
194.3055370114787
 20
82.7771173894608
 10
194.33910362600903
 20
82.70614674589208
 10
194.36555226858576
 20
82.63222774180358
 10
194.38462822432257
 20
82.55607225761291
 10
194.39614778133776
 20
82.47841371226366
 10
194.4
 20
82.4
 10
194.4
 20
80.0
 10
194.39614778133776
 20
79.92158628773635
 10
194.38462822432257
 20
79.8439277423871
 10
194.36555226858576
 20
79.76777225819643
 10
194.33910362600903
 20
79.69385325410792
 10
194.3055370114787
 20
79.62288261053921
 10
194.26517568984204
 20
79.55554381358432
 10
194.21840836269018
 20
79.49248537266908
 10
194.16568542494923
 20
79.43431457505076
 10
194.10751462733091
 20
79.38159163730981
 10
194.0444561864157
 20
79.33482431015797
 10
193.9771173894608
 20
79.29446298852132
 10
193.90614674589207
 20
79.26089637399097
 10
193.83222774180356
 20
79.23444773141424
 10
193.75607225761289
 20
79.21537177567741
  0
LWPOLYLINE
  5
111
330
17
100
AcDbEntity
  8
CUT
100
AcDbPolyline
 90
68
 70
1
 10
178.30781885436252
 20
86.30529680066057
 10
178.20000000000002
 20
86.3
 10
174.6
 20
86.3
 10
174.4921811456375
 20
86.30529680066057
 10
174.38540064578225
 20
86.32113619155643
 10
174.2806868550201
 20
86.34736563069457
 10
174.1790482243984
 20
86.38373251423758
 10
174.0814635894914
 20
86.4298866092168
 10
173.98887274367843
 20
86.4853834264672
 10
173.90216738741998
 20
86.54968850130098
 10
173.8221825406948
 20
86.6221825406948
 10
173.749688501301
 20
86.70216738741998
 10
173.68538342646718
 20
86.78887274367843
 10
173.6298866092168
 20
86.88146358949139
 10
173.58373251423757
 20
86.9790482243984
 10
173.54736563069457
 20
87.08068685502008
 10
173.52113619155645
 20
87.18540064578225
 10
173.50529680066057
 20
87.29218114563747
 10
173.5
 20
87.39999999999999
 10
173.5
 20
91.00000000000001
 10
173.50529680066057
 20
91.10781885436253
 10
173.52113619155645
 20
91.21459935421775
 10
173.54736563069457
 20
91.31931314497993
 10
173.58373251423757
 20
91.42095177560161
 10
173.6298866092168
 20
91.51853641050862
 10
173.68538342646718
 20
91.61112725632158
 10
173.749688501301
 20
91.69783261258003
 10
173.8221825406948
 20
91.77781745930521
 10
173.90216738741998
 20
91.85031149869903
 10
173.98887274367843
 20
91.91461657353281
 10
174.0814635894914
 20
91.97011339078321
 10
174.1790482243984
 20
92.01626748576243
 10
174.2806868550201
 20
92.05263436930544
 10
174.38540064578225
 20
92.07886380844357
 10
174.4921811456375
 20
92.09470319933943
 10
174.6
 20
92.10000000000001
 10
178.20000000000002
 20
92.10000000000001
 10
178.30781885436252
 20
92.09470319933943
 10
178.41459935421776
 20
92.07886380844357
 10
178.51931314497992
 20
92.05263436930544
 10
178.6209517756016
 20
92.01626748576243
 10
178.71853641050862
 20
91.97011339078321
 10
178.81112725632158
 20
91.91461657353281
 10
178.89783261258003
 20
91.85031149869903
 10
178.97781745930521
 20
91.77781745930521
 10
179.05031149869902
 20
91.69783261258003
 10
179.11461657353283
 20
91.61112725632158
 10
179.1701133907832
 20
91.51853641050862
 10
179.21626748576244
 20
91.42095177560161
 10
179.25263436930544
 20
91.31931314497993
 10
179.27886380844356
 20
91.21459935421775
 10
179.29470319933944
 20
91.10781885436253
 10
179.3
 20
91.00000000000001
 10
179.3
 20
87.39999999999999
 10
179.29470319933944
 20
87.29218114563747
 10
179.27886380844356
 20
87.18540064578225
 10
179.25263436930544
 20
87.08068685502008
 10
179.21626748576244
 20
86.9790482243984
 10
179.1701133907832
 20
86.88146358949139
 10
179.11461657353283
 20
86.78887274367843
 10
179.05031149869902
 20
86.70216738741998
 10
178.97781745930521
 20
86.6221825406948
 10
178.89783261258003
 20
86.54968850130098
 10
178.81112725632158
 20
86.4853834264672
 10
178.71853641050862
 20
86.4298866092168
 10
178.6209517756016
 20
86.38373251423758
 10
178.51931314497992
 20
86.34736563069457
 10
178.41459935421776
 20
86.32113619155643
  0
LWPOLYLINE
  5
112
330
17
100
AcDbEntity
  8
CUT
100
AcDbPolyline
 90
68
 70
1
 10
193.6
 20
87.2
 10
191.20000000000002
 20
87.2
 10
191.12158628773636
 20
87.20385221866225
 10
191.04392774238713
 20
87.21537177567741
 10
190.96777225819645
 20
87.23444773141424
 10
190.89385325410794
 20
87.26089637399097
 10
190.8228826105392
 20
87.29446298852132
 10
190.75554381358432
 20
87.33482431015797
 10
190.6924853726691
 20
87.38159163730981
 10
190.63431457505078
 20
87.43431457505076
 10
190.58159163730983
 20
87.49248537266908
 10
190.53482431015797
 20
87.55554381358432
 10
190.49446298852132
 20
87.62288261053921
 10
190.46089637399098
 20
87.69385325410792
 10
190.43444773141425
 20
87.76777225819643
 10
190.41537177567744
 20
87.8439277423871
 10
190.40385221866225
 20
87.92158628773635
 10
190.4
 20
88.0
 10
190.4
 20
90.4
 10
190.40385221866225
 20
90.47841371226366
 10
190.41537177567744
 20
90.55607225761291
 10
190.43444773141425
 20
90.63222774180358
 10
190.46089637399098
 20
90.70614674589208
 10
190.49446298852132
 20
90.7771173894608
 10
190.53482431015797
 20
90.84445618641568
 10
190.58159163730983
 20
90.90751462733093
 10
190.63431457505078
 20
90.96568542494924
 10
190.6924853726691
 20
91.0184083626902
 10
190.75554381358432
 20
91.06517568984204
 10
190.8228826105392
 20
91.10553701147869
 10
190.89385325410794
 20
91.13910362600903
 10
190.96777225819645
 20
91.16555226858577
 10
191.04392774238713
 20
91.1846282243226
 10
191.12158628773636
 20
91.19614778133776
 10
191.20000000000002
 20
91.2
 10
193.6
 20
91.2
 10
193.67841371226365
 20
91.19614778133776
 10
193.75607225761289
 20
91.1846282243226
 10
193.83222774180356
 20
91.16555226858577
 10
193.90614674589207
 20
91.13910362600903
 10
193.9771173894608
 20
91.10553701147869
 10
194.0444561864157
 20
91.06517568984204
 10
194.10751462733091
 20
91.0184083626902
 10
194.16568542494923
 20
90.96568542494924
 10
194.21840836269018
 20
90.90751462733093
 10
194.26517568984204
 20
90.84445618641568
 10
194.3055370114787
 20
90.7771173894608
 10
194.33910362600903
 20
90.70614674589208
 10
194.36555226858576
 20
90.63222774180358
 10
194.38462822432257
 20
90.55607225761291
 10
194.39614778133776
 20
90.47841371226366
 10
194.4
 20
90.4
 10
194.4
 20
88.0
 10
194.39614778133776
 20
87.92158628773635
 10
194.38462822432257
 20
87.8439277423871
 10
194.36555226858576
 20
87.76777225819643
 10
194.33910362600903
 20
87.69385325410792
 10
194.3055370114787
 20
87.62288261053921
 10
194.26517568984204
 20
87.55554381358432
 10
194.21840836269018
 20
87.49248537266908
 10
194.16568542494923
 20
87.43431457505076
 10
194.10751462733091
 20
87.38159163730981
 10
194.0444561864157
 20
87.33482431015797
 10
193.9771173894608
 20
87.29446298852132
 10
193.90614674589207
 20
87.26089637399097
 10
193.83222774180356
 20
87.23444773141424
 10
193.75607225761289
 20
87.21537177567741
 10
193.67841371226365
 20
87.20385221866225
  0
LWPOLYLINE
  5
113
330
17
100
AcDbEntity
  8
CUT
100
AcDbPolyline
 90
68
 70
1
 10
201.75607225761289
 20
87.21537177567741
 10
201.67841371226365
 20
87.20385221866225
 10
201.6
 20
87.2
 10
199.20000000000002
 20
87.2
 10
199.12158628773636
 20
87.20385221866225
 10
199.04392774238713
 20
87.21537177567741
 10
198.96777225819645
 20
87.23444773141424
 10
198.89385325410794
 20
87.26089637399097
 10
198.8228826105392
 20
87.29446298852132
 10
198.75554381358432
 20
87.33482431015797
 10
198.6924853726691
 20
87.38159163730981
 10
198.63431457505078
 20
87.43431457505076
 10
198.58159163730983
 20
87.49248537266908
 10
198.53482431015797
 20
87.55554381358432
 10
198.49446298852132
 20
87.62288261053921
 10
198.46089637399098
 20
87.69385325410792
 10
198.43444773141425
 20
87.76777225819643
 10
198.41537177567744
 20
87.8439277423871
 10
198.40385221866225
 20
87.92158628773635
 10
198.4
 20
88.0
 10
198.4
 20
90.4
 10
198.40385221866225
 20
90.47841371226366
 10
198.41537177567744
 20
90.55607225761291
 10
198.43444773141425
 20
90.63222774180358
 10
198.46089637399098
 20
90.70614674589208
 10
198.49446298852132
 20
90.7771173894608
 10
198.53482431015797
 20
90.84445618641568
 10
198.58159163730983
 20
90.90751462733093
 10
198.63431457505078
 20
90.96568542494924
 10
198.6924853726691
 20
91.0184083626902
 10
198.75554381358432
 20
91.06517568984204
 10
198.8228826105392
 20
91.10553701147869
 10
198.89385325410794
 20
91.13910362600903
 10
198.96777225819645
 20
91.16555226858577
 10
199.04392774238713
 20
91.1846282243226
 10
199.12158628773636
 20
91.19614778133776
 10
199.20000000000002
 20
91.2
 10
201.6
 20
91.2
 10
201.67841371226365
 20
91.19614778133776
 10
201.75607225761289
 20
91.1846282243226
 10
201.83222774180356
 20
91.16555226858577
 10
201.90614674589207
 20
91.13910362600903
 10
201.9771173894608
 20
91.10553701147869
 10
202.0444561864157
 20
91.06517568984204
 10
202.10751462733091
 20
91.0184083626902
 10
202.16568542494923
 20
90.96568542494924
 10
202.21840836269018
 20
90.90751462733093
 10
202.26517568984204
 20
90.84445618641568
 10
202.3055370114787
 20
90.7771173894608
 10
202.33910362600903
 20
90.70614674589208
 10
202.36555226858576
 20
90.63222774180358
 10
202.38462822432257
 20
90.55607225761291
 10
202.39614778133776
 20
90.47841371226366
 10
202.4
 20
90.4
 10
202.4
 20
88.0
 10
202.39614778133776
 20
87.92158628773635
 10
202.38462822432257
 20
87.8439277423871
 10
202.36555226858576
 20
87.76777225819643
 10
202.33910362600903
 20
87.69385325410792
 10
202.3055370114787
 20
87.62288261053921
 10
202.26517568984204
 20
87.55554381358432
 10
202.21840836269018
 20
87.49248537266908
 10
202.16568542494923
 20
87.43431457505076
 10
202.10751462733091
 20
87.38159163730981
 10
202.0444561864157
 20
87.33482431015797
 10
201.9771173894608
 20
87.29446298852132
 10
201.90614674589207
 20
87.26089637399097
 10
201.83222774180356
 20
87.23444773141424
  0
LWPOLYLINE
  5
114
330
17
100
AcDbEntity
  8
CUT
100
AcDbPolyline
 90
68
 70
1
 10
185.6
 20
95.2
 10
183.20000000000002
 20
95.2
 10
183.12158628773636
 20
95.20385221866225
 10
183.04392774238713
 20
95.21537177567741
 10
182.96777225819645
 20
95.23444773141424
 10
182.89385325410794
 20
95.26089637399097
 10
182.8228826105392
 20
95.29446298852132
 10
182.75554381358432
 20
95.33482431015797
 10
182.6924853726691
 20
95.38159163730981
 10
182.63431457505078
 20
95.43431457505076
 10
182.58159163730983
 20
95.49248537266908
 10
182.53482431015797
 20
95.55554381358432
 10
182.49446298852132
 20
95.62288261053921
 10
182.46089637399098
 20
95.69385325410792
 10
182.43444773141425
 20
95.76777225819643
 10
182.41537177567744
 20
95.8439277423871
 10
182.40385221866225
 20
95.92158628773635
 10
182.4
 20
96.0
 10
182.4
 20
98.4
 10
182.40385221866225
 20
98.47841371226366
 10
182.41537177567744
 20
98.55607225761291
 10
182.43444773141425
 20
98.63222774180358
 10
182.46089637399098
 20
98.70614674589208
 10
182.49446298852132
 20
98.7771173894608
 10
182.53482431015797
 20
98.84445618641568
 10
182.58159163730983
 20
98.90751462733093
 10
182.63431457505078
 20
98.96568542494924
 10
182.6924853726691
 20
99.0184083626902
 10
182.75554381358432
 20
99.06517568984204
 10
182.8228826105392
 20
99.10553701147869
 10
182.89385325410794
 20
99.13910362600903
 10
182.96777225819645
 20
99.16555226858577
 10
183.04392774238713
 20
99.1846282243226
 10
183.12158628773636
 20
99.19614778133776
 10
183.20000000000002
 20
99.2
 10
185.6
 20
99.2
 10
185.67841371226365
 20
99.19614778133776
 10
185.75607225761289
 20
99.1846282243226
 10
185.83222774180356
 20
99.16555226858577
 10
185.90614674589207
 20
99.13910362600903
 10
185.9771173894608
 20
99.10553701147869
 10
186.0444561864157
 20
99.06517568984204
 10
186.10751462733091
 20
99.0184083626902
 10
186.16568542494923
 20
98.96568542494924
 10
186.21840836269018
 20
98.90751462733093
 10
186.26517568984204
 20
98.84445618641568
 10
186.3055370114787
 20
98.7771173894608
 10
186.33910362600903
 20
98.70614674589208
 10
186.36555226858576
 20
98.63222774180358
 10
186.38462822432257
 20
98.55607225761291
 10
186.39614778133776
 20
98.47841371226366
 10
186.4
 20
98.4
 10
186.4
 20
96.0
 10
186.39614778133776
 20
95.92158628773635
 10
186.38462822432257
 20
95.8439277423871
 10
186.36555226858576
 20
95.76777225819643
 10
186.33910362600903
 20
95.69385325410792
 10
186.3055370114787
 20
95.62288261053921
 10
186.26517568984204
 20
95.55554381358432
 10
186.21840836269018
 20
95.49248537266908
 10
186.16568542494923
 20
95.43431457505076
 10
186.10751462733091
 20
95.38159163730981
 10
186.0444561864157
 20
95.33482431015797
 10
185.9771173894608
 20
95.29446298852132
 10
185.90614674589207
 20
95.26089637399097
 10
185.83222774180356
 20
95.23444773141424
 10
185.75607225761289
 20
95.21537177567741
 10
185.67841371226365
 20
95.20385221866225
  0
LWPOLYLINE
  5
115
330
17
100
AcDbEntity
  8
CUT
100
AcDbPolyline
 90
68
 70
1
 10
193.6
 20
95.2
 10
191.20000000000002
 20
95.2
 10
191.12158628773636
 20
95.20385221866225
 10
191.04392774238713
 20
95.21537177567741
 10
190.96777225819645
 20
95.23444773141424
 10
190.89385325410794
 20
95.26089637399097
 10
190.8228826105392
 20
95.29446298852132
 10
190.75554381358432
 20
95.33482431015797
 10
190.6924853726691
 20
95.38159163730981
 10
190.63431457505078
 20
95.43431457505076
 10
190.58159163730983
 20
95.49248537266908
 10
190.53482431015797
 20
95.55554381358432
 10
190.49446298852132
 20
95.62288261053921
 10
190.46089637399098
 20
95.69385325410792
 10
190.43444773141425
 20
95.76777225819643
 10
190.41537177567744
 20
95.8439277423871
 10
190.40385221866225
 20
95.92158628773635
 10
190.4
 20
96.0
 10
190.4
 20
98.4
 10
190.40385221866225
 20
98.47841371226366
 10
190.41537177567744
 20
98.55607225761291
 10
190.43444773141425
 20
98.63222774180358
 10
190.46089637399098
 20
98.70614674589208
 10
190.49446298852132
 20
98.7771173894608
 10
190.53482431015797
 20
98.84445618641568
 10
190.58159163730983
 20
98.90751462733093
 10
190.63431457505078
 20
98.96568542494924
 10
190.6924853726691
 20
99.0184083626902
 10
190.75554381358432
 20
99.06517568984204
 10
190.8228826105392
 20
99.10553701147869
 10
190.89385325410794
 20
99.13910362600903
 10
190.96777225819645
 20
99.16555226858577
 10
191.04392774238713
 20
99.1846282243226
 10
191.12158628773636
 20
99.19614778133776
 10
191.20000000000002
 20
99.2
 10
193.6
 20
99.2
 10
193.67841371226365
 20
99.19614778133776
 10
193.75607225761289
 20
99.1846282243226
 10
193.83222774180356
 20
99.16555226858577
 10
193.90614674589207
 20
99.13910362600903
 10
193.9771173894608
 20
99.10553701147869
 10
194.0444561864157
 20
99.06517568984204
 10
194.10751462733091
 20
99.0184083626902
 10
194.16568542494923
 20
98.96568542494924
 10
194.21840836269018
 20
98.90751462733093
 10
194.26517568984204
 20
98.84445618641568
 10
194.3055370114787
 20
98.7771173894608
 10
194.33910362600903
 20
98.70614674589208
 10
194.36555226858576
 20
98.63222774180358
 10
194.38462822432257
 20
98.55607225761291
 10
194.39614778133776
 20
98.47841371226366
 10
194.4
 20
98.4
 10
194.4
 20
96.0
 10
194.39614778133776
 20
95.92158628773635
 10
194.38462822432257
 20
95.8439277423871
 10
194.36555226858576
 20
95.76777225819643
 10
194.33910362600903
 20
95.69385325410792
 10
194.3055370114787
 20
95.62288261053921
 10
194.26517568984204
 20
95.55554381358432
 10
194.21840836269018
 20
95.49248537266908
 10
194.16568542494923
 20
95.43431457505076
 10
194.10751462733091
 20
95.38159163730981
 10
194.0444561864157
 20
95.33482431015797
 10
193.9771173894608
 20
95.29446298852132
 10
193.90614674589207
 20
95.26089637399097
 10
193.83222774180356
 20
95.23444773141424
 10
193.75607225761289
 20
95.21537177567741
 10
193.67841371226365
 20
95.20385221866225
  0
LWPOLYLINE
  5
116
330
17
100
AcDbEntity
  8
CUT
100
AcDbPolyline
 90
68
 70
1
 10
170.30781885436252
 20
94.30529680066057
 10
170.20000000000002
 20
94.3
 10
166.6
 20
94.3
 10
166.4921811456375
 20
94.30529680066057
 10
166.38540064578225
 20
94.32113619155643
 10
166.2806868550201
 20
94.34736563069457
 10
166.1790482243984
 20
94.38373251423758
 10
166.0814635894914
 20
94.4298866092168
 10
165.98887274367843
 20
94.4853834264672
 10
165.90216738741998
 20
94.54968850130098
 10
165.8221825406948
 20
94.6221825406948
 10
165.749688501301
 20
94.70216738741998
 10
165.68538342646718
 20
94.78887274367843
 10
165.6298866092168
 20
94.88146358949139
 10
165.58373251423757
 20
94.9790482243984
 10
165.54736563069457
 20
95.08068685502008
 10
165.52113619155645
 20
95.18540064578225
 10
165.50529680066057
 20
95.29218114563747
 10
165.5
 20
95.39999999999999
 10
165.5
 20
99.00000000000001
 10
165.50529680066057
 20
99.10781885436253
 10
165.52113619155645
 20
99.21459935421775
 10
165.54736563069457
 20
99.31931314497993
 10
165.58373251423757
 20
99.42095177560161
 10
165.6298866092168
 20
99.51853641050862
 10
165.68538342646718
 20
99.61112725632158
 10
165.749688501301
 20
99.69783261258003
 10
165.8221825406948
 20
99.77781745930521
 10
165.90216738741998
 20
99.85031149869903
 10
165.98887274367843
 20
99.91461657353281
 10
166.0814635894914
 20
99.97011339078321
 10
166.1790482243984
 20
100.01626748576243
 10
166.2806868550201
 20
100.05263436930544
 10
166.38540064578225
 20
100.07886380844357
 10
166.4921811456375
 20
100.09470319933943
 10
166.6
 20
100.10000000000001
 10
170.20000000000002
 20
100.10000000000001
 10
170.30781885436252
 20
100.09470319933943
 10
170.41459935421776
 20
100.07886380844357
 10
170.51931314497992
 20
100.05263436930544
 10
170.6209517756016
 20
100.01626748576243
 10
170.71853641050862
 20
99.97011339078321
 10
170.81112725632158
 20
99.91461657353281
 10
170.89783261258003
 20
99.85031149869903
 10
170.97781745930521
 20
99.77781745930521
 10
171.05031149869902
 20
99.69783261258003
 10
171.11461657353283
 20
99.61112725632158
 10
171.1701133907832
 20
99.51853641050862
 10
171.21626748576244
 20
99.42095177560161
 10
171.25263436930544
 20
99.31931314497993
 10
171.27886380844356
 20
99.21459935421775
 10
171.29470319933944
 20
99.10781885436253
 10
171.3
 20
99.00000000000001
 10
171.3
 20
95.39999999999999
 10
171.29470319933944
 20
95.29218114563747
 10
171.27886380844356
 20
95.18540064578225
 10
171.25263436930544
 20
95.08068685502008
 10
171.21626748576244
 20
94.9790482243984
 10
171.1701133907832
 20
94.88146358949139
 10
171.11461657353283
 20
94.78887274367843
 10
171.05031149869902
 20
94.70216738741998
 10
170.97781745930521
 20
94.6221825406948
 10
170.89783261258003
 20
94.54968850130098
 10
170.81112725632158
 20
94.4853834264672
 10
170.71853641050862
 20
94.4298866092168
 10
170.6209517756016
 20
94.38373251423758
 10
170.51931314497992
 20
94.34736563069457
 10
170.41459935421776
 20
94.32113619155643
  0
LWPOLYLINE
  5
117
330
17
100
AcDbEntity
  8
CUT
100
AcDbPolyline
 90
68
 70
1
 10
161.6
 20
95.2
 10
159.20000000000002
 20
95.2
 10
159.12158628773636
 20
95.20385221866225
 10
159.04392774238713
 20
95.21537177567741
 10
158.96777225819645
 20
95.23444773141424
 10
158.89385325410794
 20
95.26089637399097
 10
158.8228826105392
 20
95.29446298852132
 10
158.75554381358432
 20
95.33482431015797
 10
158.6924853726691
 20
95.38159163730981
 10
158.63431457505078
 20
95.43431457505076
 10
158.58159163730983
 20
95.49248537266908
 10
158.53482431015797
 20
95.55554381358432
 10
158.49446298852132
 20
95.62288261053921
 10
158.46089637399098
 20
95.69385325410792
 10
158.43444773141425
 20
95.76777225819643
 10
158.41537177567744
 20
95.8439277423871
 10
158.40385221866225
 20
95.92158628773635
 10
158.4
 20
96.0
 10
158.4
 20
98.4
 10
158.40385221866225
 20
98.47841371226366
 10
158.41537177567744
 20
98.55607225761291
 10
158.43444773141425
 20
98.63222774180358
 10
158.46089637399098
 20
98.70614674589208
 10
158.49446298852132
 20
98.7771173894608
 10
158.53482431015797
 20
98.84445618641568
 10
158.58159163730983
 20
98.90751462733093
 10
158.63431457505078
 20
98.96568542494924
 10
158.6924853726691
 20
99.0184083626902
 10
158.75554381358432
 20
99.06517568984204
 10
158.8228826105392
 20
99.10553701147869
 10
158.89385325410794
 20
99.13910362600903
 10
158.96777225819645
 20
99.16555226858577
 10
159.04392774238713
 20
99.1846282243226
 10
159.12158628773636
 20
99.19614778133776
 10
159.20000000000002
 20
99.2
 10
161.6
 20
99.2
 10
161.67841371226365
 20
99.19614778133776
 10
161.75607225761289
 20
99.1846282243226
 10
161.83222774180356
 20
99.16555226858577
 10
161.90614674589207
 20
99.13910362600903
 10
161.9771173894608
 20
99.10553701147869
 10
162.0444561864157
 20
99.06517568984204
 10
162.10751462733091
 20
99.0184083626902
 10
162.16568542494923
 20
98.96568542494924
 10
162.21840836269018
 20
98.90751462733093
 10
162.26517568984204
 20
98.84445618641568
 10
162.3055370114787
 20
98.7771173894608
 10
162.33910362600903
 20
98.70614674589208
 10
162.36555226858576
 20
98.63222774180358
 10
162.38462822432257
 20
98.55607225761291
 10
162.39614778133776
 20
98.47841371226366
 10
162.4
 20
98.4
 10
162.4
 20
96.0
 10
162.39614778133776
 20
95.92158628773635
 10
162.38462822432257
 20
95.8439277423871
 10
162.36555226858576
 20
95.76777225819643
 10
162.33910362600903
 20
95.69385325410792
 10
162.3055370114787
 20
95.62288261053921
 10
162.26517568984204
 20
95.55554381358432
 10
162.21840836269018
 20
95.49248537266908
 10
162.16568542494923
 20
95.43431457505076
 10
162.10751462733091
 20
95.38159163730981
 10
162.0444561864157
 20
95.33482431015797
 10
161.9771173894608
 20
95.29446298852132
 10
161.90614674589207
 20
95.26089637399097
 10
161.83222774180356
 20
95.23444773141424
 10
161.75607225761289
 20
95.21537177567741
 10
161.67841371226365
 20
95.20385221866225
  0
LWPOLYLINE
  5
118
330
17
100
AcDbEntity
  8
CUT
100
AcDbPolyline
 90
68
 70
1
 10
185.6
 20
103.2
 10
183.20000000000002
 20
103.2
 10
183.12158628773636
 20
103.20385221866225
 10
183.04392774238713
 20
103.21537177567741
 10
182.96777225819645
 20
103.23444773141424
 10
182.89385325410794
 20
103.26089637399097
 10
182.8228826105392
 20
103.29446298852132
 10
182.75554381358432
 20
103.33482431015797
 10
182.6924853726691
 20
103.38159163730981
 10
182.63431457505078
 20
103.43431457505076
 10
182.58159163730983
 20
103.49248537266908
 10
182.53482431015797
 20
103.55554381358432
 10
182.49446298852132
 20
103.62288261053921
 10
182.46089637399098
 20
103.69385325410792
 10
182.43444773141425
 20
103.76777225819643
 10
182.41537177567744
 20
103.8439277423871
 10
182.40385221866225
 20
103.92158628773635
 10
182.4
 20
104.0
 10
182.4
 20
106.4
 10
182.40385221866225
 20
106.47841371226366
 10
182.41537177567744
 20
106.55607225761291
 10
182.43444773141425
 20
106.63222774180358
 10
182.46089637399098
 20
106.70614674589208
 10
182.49446298852132
 20
106.7771173894608
 10
182.53482431015797
 20
106.84445618641568
 10
182.58159163730983
 20
106.90751462733093
 10
182.63431457505078
 20
106.96568542494924
 10
182.6924853726691
 20
107.0184083626902
 10
182.75554381358432
 20
107.06517568984204
 10
182.8228826105392
 20
107.10553701147869
 10
182.89385325410794
 20
107.13910362600903
 10
182.96777225819645
 20
107.16555226858577
 10
183.04392774238713
 20
107.1846282243226
 10
183.12158628773636
 20
107.19614778133776
 10
183.20000000000002
 20
107.2
 10
185.6
 20
107.2
 10
185.67841371226365
 20
107.19614778133776
 10
185.75607225761289
 20
107.1846282243226
 10
185.83222774180356
 20
107.16555226858577
 10
185.90614674589207
 20
107.13910362600903
 10
185.9771173894608
 20
107.10553701147869
 10
186.0444561864157
 20
107.06517568984204
 10
186.10751462733091
 20
107.0184083626902
 10
186.16568542494923
 20
106.96568542494924
 10
186.21840836269018
 20
106.90751462733093
 10
186.26517568984204
 20
106.84445618641568
 10
186.3055370114787
 20
106.7771173894608
 10
186.33910362600903
 20
106.70614674589208
 10
186.36555226858576
 20
106.63222774180358
 10
186.38462822432257
 20
106.55607225761291
 10
186.39614778133776
 20
106.47841371226366
 10
186.4
 20
106.4
 10
186.4
 20
104.0
 10
186.39614778133776
 20
103.92158628773635
 10
186.38462822432257
 20
103.8439277423871
 10
186.36555226858576
 20
103.76777225819643
 10
186.33910362600903
 20
103.69385325410792
 10
186.3055370114787
 20
103.62288261053921
 10
186.26517568984204
 20
103.55554381358432
 10
186.21840836269018
 20
103.49248537266908
 10
186.16568542494923
 20
103.43431457505076
 10
186.10751462733091
 20
103.38159163730981
 10
186.0444561864157
 20
103.33482431015797
 10
185.9771173894608
 20
103.29446298852132
 10
185.90614674589207
 20
103.26089637399097
 10
185.83222774180356
 20
103.23444773141424
 10
185.75607225761289
 20
103.21537177567741
 10
185.67841371226365
 20
103.20385221866225
  0
LWPOLYLINE
  5
119
330
17
100
AcDbEntity
  8
CUT
100
AcDbPolyline
 90
68
 70
1
 10
177.67841371226365
 20
103.20385221866225
 10
177.6
 20
103.2
 10
175.20000000000002
 20
103.2
 10
175.12158628773636
 20
103.20385221866225
 10
175.04392774238713
 20
103.21537177567741
 10
174.96777225819645
 20
103.23444773141424
 10
174.89385325410794
 20
103.26089637399097
 10
174.8228826105392
 20
103.29446298852132
 10
174.75554381358432
 20
103.33482431015797
 10
174.6924853726691
 20
103.38159163730981
 10
174.63431457505078
 20
103.43431457505076
 10
174.58159163730983
 20
103.49248537266908
 10
174.53482431015797
 20
103.55554381358432
 10
174.49446298852132
 20
103.62288261053921
 10
174.46089637399098
 20
103.69385325410792
 10
174.43444773141425
 20
103.76777225819643
 10
174.41537177567744
 20
103.8439277423871
 10
174.40385221866225
 20
103.92158628773635
 10
174.4
 20
104.0
 10
174.4
 20
106.4
 10
174.40385221866225
 20
106.47841371226366
 10
174.41537177567744
 20
106.55607225761291
 10
174.43444773141425
 20
106.63222774180358
 10
174.46089637399098
 20
106.70614674589208
 10
174.49446298852132
 20
106.7771173894608
 10
174.53482431015797
 20
106.84445618641568
 10
174.58159163730983
 20
106.90751462733093
 10
174.63431457505078
 20
106.96568542494924
 10
174.6924853726691
 20
107.0184083626902
 10
174.75554381358432
 20
107.06517568984204
 10
174.8228826105392
 20
107.10553701147869
 10
174.89385325410794
 20
107.13910362600903
 10
174.96777225819645
 20
107.16555226858577
 10
175.04392774238713
 20
107.1846282243226
 10
175.12158628773636
 20
107.19614778133776
 10
175.20000000000002
 20
107.2
 10
177.6
 20
107.2
 10
177.67841371226365
 20
107.19614778133776
 10
177.75607225761289
 20
107.1846282243226
 10
177.83222774180356
 20
107.16555226858577
 10
177.90614674589207
 20
107.13910362600903
 10
177.9771173894608
 20
107.10553701147869
 10
178.0444561864157
 20
107.06517568984204
 10
178.10751462733091
 20
107.0184083626902
 10
178.16568542494923
 20
106.96568542494924
 10
178.21840836269018
 20
106.90751462733093
 10
178.26517568984204
 20
106.84445618641568
 10
178.3055370114787
 20
106.7771173894608
 10
178.33910362600903
 20
106.70614674589208
 10
178.36555226858576
 20
106.63222774180358
 10
178.38462822432257
 20
106.55607225761291
 10
178.39614778133776
 20
106.47841371226366
 10
178.4
 20
106.4
 10
178.4
 20
104.0
 10
178.39614778133776
 20
103.92158628773635
 10
178.38462822432257
 20
103.8439277423871
 10
178.36555226858576
 20
103.76777225819643
 10
178.33910362600903
 20
103.69385325410792
 10
178.3055370114787
 20
103.62288261053921
 10
178.26517568984204
 20
103.55554381358432
 10
178.21840836269018
 20
103.49248537266908
 10
178.16568542494923
 20
103.43431457505076
 10
178.10751462733091
 20
103.38159163730981
 10
178.0444561864157
 20
103.33482431015797
 10
177.9771173894608
 20
103.29446298852132
 10
177.90614674589207
 20
103.26089637399097
 10
177.83222774180356
 20
103.23444773141424
 10
177.75607225761289
 20
103.21537177567741
  0
LWPOLYLINE
  5
11A
330
17
100
AcDbEntity
  8
CUT
100
AcDbPolyline
 90
68
 70
1
 10
193.1
 20
104.0
 10
191.70000000000002
 20
104.0
 10
191.65099142983524
 20
104.0024076366639
 10
191.60245483899195
 20
104.00960735979838
 10
191.55485766137278
 20
104.0215298321339
 10
191.50865828381748
 20
104.03806023374436
 10
191.464301631587
 20
104.05903936782582
 10
191.42221488349023
 20
104.08426519384872
 10
191.3828033579182
 20
104.11349477331864
 10
191.34644660940674
 20
104.14644660940672
 10
191.31349477331864
 20
104.18280335791817
 10
191.28426519384874
 20
104.2222148834902
 10
191.25903936782584
 20
104.264301631587
 10
191.23806023374436
 20
104.30865828381745
 10
191.2215298321339
 20
104.35485766137276
 10
191.2096073597984
 20
104.40245483899193
 10
191.2024076366639
 20
104.45099142983521
 10
191.20000000000002
 20
104.5
 10
191.20000000000002
 20
105.9
 10
191.2024076366639
 20
105.94900857016479
 10
191.2096073597984
 20
105.99754516100808
 10
191.2215298321339
 20
106.04514233862724
 10
191.23806023374436
 20
106.09134171618255
 10
191.25903936782584
 20
106.135698368413
 10
191.28426519384874
 20
106.17778511650981
 10
191.31349477331864
 20
106.21719664208183
 10
191.34644660940674
 20
106.25355339059328
 10
191.3828033579182
 20
106.28650522668137
 10
191.42221488349023
 20
106.31573480615128
 10
191.464301631587
 20
106.34096063217419
 10
191.50865828381748
 20
106.36193976625565
 10
191.55485766137278
 20
106.37847016786611
 10
191.60245483899195
 20
106.39039264020163
 10
191.65099142983524
 20
106.3975923633361
 10
191.70000000000002
 20
106.4
 10
193.1
 20
106.4
 10
193.14900857016477
 20
106.3975923633361
 10
193.19754516100807
 20
106.39039264020163
 10
193.24514233862723
 20
106.37847016786611
 10
193.29134171618253
 20
106.36193976625565
 10
193.335698368413
 20
106.34096063217419
 10
193.37778511650978
 20
106.31573480615128
 10
193.41719664208182
 20
106.28650522668137
 10
193.45355339059327
 20
106.25355339059328
 10
193.48650522668137
 20
106.21719664208183
 10
193.51573480615127
 20
106.17778511650981
 10
193.54096063217418
 20
106.135698368413
 10
193.56193976625565
 20
106.09134171618255
 10
193.5784701678661
 20
106.04514233862724
 10
193.5903926402016
 20
105.99754516100808
 10
193.5975923633361
 20
105.94900857016479
 10
193.6
 20
105.9
 10
193.6
 20
104.5
 10
193.5975923633361
 20
104.45099142983521
 10
193.5903926402016
 20
104.40245483899193
 10
193.5784701678661
 20
104.35485766137276
 10
193.56193976625565
 20
104.30865828381745
 10
193.54096063217418
 20
104.264301631587
 10
193.51573480615127
 20
104.2222148834902
 10
193.48650522668137
 20
104.18280335791817
 10
193.45355339059327
 20
104.14644660940672
 10
193.41719664208182
 20
104.11349477331864
 10
193.37778511650978
 20
104.08426519384872
 10
193.335698368413
 20
104.05903936782582
 10
193.29134171618253
 20
104.03806023374436
 10
193.24514233862723
 20
104.0215298321339
 10
193.19754516100807
 20
104.00960735979838
 10
193.14900857016477
 20
104.0024076366639
  0
LWPOLYLINE
  5
11B
330
17
100
AcDbEntity
  8
CUT
100
AcDbPolyline
 90
68
 70
1
 10
161.6
 20
103.2
 10
159.20000000000002
 20
103.2
 10
159.12158628773636
 20
103.20385221866225
 10
159.04392774238713
 20
103.21537177567741
 10
158.96777225819645
 20
103.23444773141424
 10
158.89385325410794
 20
103.26089637399097
 10
158.8228826105392
 20
103.29446298852132
 10
158.75554381358432
 20
103.33482431015797
 10
158.6924853726691
 20
103.38159163730981
 10
158.63431457505078
 20
103.43431457505076
 10
158.58159163730983
 20
103.49248537266908
 10
158.53482431015797
 20
103.55554381358432
 10
158.49446298852132
 20
103.62288261053921
 10
158.46089637399098
 20
103.69385325410792
 10
158.43444773141425
 20
103.76777225819643
 10
158.41537177567744
 20
103.8439277423871
 10
158.40385221866225
 20
103.92158628773635
 10
158.4
 20
104.0
 10
158.4
 20
106.4
 10
158.40385221866225
 20
106.47841371226366
 10
158.41537177567744
 20
106.55607225761291
 10
158.43444773141425
 20
106.63222774180358
 10
158.46089637399098
 20
106.70614674589208
 10
158.49446298852132
 20
106.7771173894608
 10
158.53482431015797
 20
106.84445618641568
 10
158.58159163730983
 20
106.90751462733093
 10
158.63431457505078
 20
106.96568542494924
 10
158.6924853726691
 20
107.0184083626902
 10
158.75554381358432
 20
107.06517568984204
 10
158.8228826105392
 20
107.10553701147869
 10
158.89385325410794
 20
107.13910362600903
 10
158.96777225819645
 20
107.16555226858577
 10
159.04392774238713
 20
107.1846282243226
 10
159.12158628773636
 20
107.19614778133776
 10
159.20000000000002
 20
107.2
 10
161.6
 20
107.2
 10
161.67841371226365
 20
107.19614778133776
 10
161.75607225761289
 20
107.1846282243226
 10
161.83222774180356
 20
107.16555226858577
 10
161.90614674589207
 20
107.13910362600903
 10
161.9771173894608
 20
107.10553701147869
 10
162.0444561864157
 20
107.06517568984204
 10
162.10751462733091
 20
107.0184083626902
 10
162.16568542494923
 20
106.96568542494924
 10
162.21840836269018
 20
106.90751462733093
 10
162.26517568984204
 20
106.84445618641568
 10
162.3055370114787
 20
106.7771173894608
 10
162.33910362600903
 20
106.70614674589208
 10
162.36555226858576
 20
106.63222774180358
 10
162.38462822432257
 20
106.55607225761291
 10
162.39614778133776
 20
106.47841371226366
 10
162.4
 20
106.4
 10
162.4
 20
104.0
 10
162.39614778133776
 20
103.92158628773635
 10
162.38462822432257
 20
103.8439277423871
 10
162.36555226858576
 20
103.76777225819643
 10
162.33910362600903
 20
103.69385325410792
 10
162.3055370114787
 20
103.62288261053921
 10
162.26517568984204
 20
103.55554381358432
 10
162.21840836269018
 20
103.49248537266908
 10
162.16568542494923
 20
103.43431457505076
 10
162.10751462733091
 20
103.38159163730981
 10
162.0444561864157
 20
103.33482431015797
 10
161.9771173894608
 20
103.29446298852132
 10
161.90614674589207
 20
103.26089637399097
 10
161.83222774180356
 20
103.23444773141424
 10
161.75607225761289
 20
103.21537177567741
 10
161.67841371226365
 20
103.20385221866225
  0
LWPOLYLINE
  5
11C
330
17
100
AcDbEntity
  8
CUT
100
AcDbPolyline
 90
68
 70
1
 10
169.67841371226365
 20
103.20385221866225
 10
169.6
 20
103.2
 10
167.20000000000002
 20
103.2
 10
167.12158628773636
 20
103.20385221866225
 10
167.04392774238713
 20
103.21537177567741
 10
166.96777225819645
 20
103.23444773141424
 10
166.89385325410794
 20
103.26089637399097
 10
166.8228826105392
 20
103.29446298852132
 10
166.75554381358432
 20
103.33482431015797
 10
166.6924853726691
 20
103.38159163730981
 10
166.63431457505078
 20
103.43431457505076
 10
166.58159163730983
 20
103.49248537266908
 10
166.53482431015797
 20
103.55554381358432
 10
166.49446298852132
 20
103.62288261053921
 10
166.46089637399098
 20
103.69385325410792
 10
166.43444773141425
 20
103.76777225819643
 10
166.41537177567744
 20
103.8439277423871
 10
166.40385221866225
 20
103.92158628773635
 10
166.4
 20
104.0
 10
166.4
 20
106.4
 10
166.40385221866225
 20
106.47841371226366
 10
166.41537177567744
 20
106.55607225761291
 10
166.43444773141425
 20
106.63222774180358
 10
166.46089637399098
 20
106.70614674589208
 10
166.49446298852132
 20
106.7771173894608
 10
166.53482431015797
 20
106.84445618641568
 10
166.58159163730983
 20
106.90751462733093
 10
166.63431457505078
 20
106.96568542494924
 10
166.6924853726691
 20
107.0184083626902
 10
166.75554381358432
 20
107.06517568984204
 10
166.8228826105392
 20
107.10553701147869
 10
166.89385325410794
 20
107.13910362600903
 10
166.96777225819645
 20
107.16555226858577
 10
167.04392774238713
 20
107.1846282243226
 10
167.12158628773636
 20
107.19614778133776
 10
167.20000000000002
 20
107.2
 10
169.6
 20
107.2
 10
169.67841371226365
 20
107.19614778133776
 10
169.75607225761289
 20
107.1846282243226
 10
169.83222774180356
 20
107.16555226858577
 10
169.90614674589207
 20
107.13910362600903
 10
169.9771173894608
 20
107.10553701147869
 10
170.0444561864157
 20
107.06517568984204
 10
170.10751462733091
 20
107.0184083626902
 10
170.16568542494923
 20
106.96568542494924
 10
170.21840836269018
 20
106.90751462733093
 10
170.26517568984204
 20
106.84445618641568
 10
170.3055370114787
 20
106.7771173894608
 10
170.33910362600903
 20
106.70614674589208
 10
170.36555226858576
 20
106.63222774180358
 10
170.38462822432257
 20
106.55607225761291
 10
170.39614778133776
 20
106.47841371226366
 10
170.4
 20
106.4
 10
170.4
 20
104.0
 10
170.39614778133776
 20
103.92158628773635
 10
170.38462822432257
 20
103.8439277423871
 10
170.36555226858576
 20
103.76777225819643
 10
170.33910362600903
 20
103.69385325410792
 10
170.3055370114787
 20
103.62288261053921
 10
170.26517568984204
 20
103.55554381358432
 10
170.21840836269018
 20
103.49248537266908
 10
170.16568542494923
 20
103.43431457505076
 10
170.10751462733091
 20
103.38159163730981
 10
170.0444561864157
 20
103.33482431015797
 10
169.9771173894608
 20
103.29446298852132
 10
169.90614674589207
 20
103.26089637399097
 10
169.83222774180356
 20
103.23444773141424
 10
169.75607225761289
 20
103.21537177567741
  0
LWPOLYLINE
  5
11D
330
17
100
AcDbEntity
  8
CUT
100
AcDbPolyline
 90
68
 70
1
 10
201.1
 20
104.0
 10
199.70000000000002
 20
104.0
 10
199.65099142983524
 20
104.0024076366639
 10
199.60245483899195
 20
104.00960735979838
 10
199.55485766137278
 20
104.0215298321339
 10
199.50865828381748
 20
104.03806023374436
 10
199.464301631587
 20
104.05903936782582
 10
199.42221488349023
 20
104.08426519384872
 10
199.3828033579182
 20
104.11349477331864
 10
199.34644660940674
 20
104.14644660940672
 10
199.31349477331864
 20
104.18280335791817
 10
199.28426519384874
 20
104.2222148834902
 10
199.25903936782584
 20
104.264301631587
 10
199.23806023374436
 20
104.30865828381745
 10
199.2215298321339
 20
104.35485766137276
 10
199.2096073597984
 20
104.40245483899193
 10
199.2024076366639
 20
104.45099142983521
 10
199.20000000000002
 20
104.5
 10
199.20000000000002
 20
105.9
 10
199.2024076366639
 20
105.94900857016479
 10
199.2096073597984
 20
105.99754516100808
 10
199.2215298321339
 20
106.04514233862724
 10
199.23806023374436
 20
106.09134171618255
 10
199.25903936782584
 20
106.135698368413
 10
199.28426519384874
 20
106.17778511650981
 10
199.31349477331864
 20
106.21719664208183
 10
199.34644660940674
 20
106.25355339059328
 10
199.3828033579182
 20
106.28650522668137
 10
199.42221488349023
 20
106.31573480615128
 10
199.464301631587
 20
106.34096063217419
 10
199.50865828381748
 20
106.36193976625565
 10
199.55485766137278
 20
106.37847016786611
 10
199.60245483899195
 20
106.39039264020163
 10
199.65099142983524
 20
106.3975923633361
 10
199.70000000000002
 20
106.4
 10
201.1
 20
106.4
 10
201.14900857016477
 20
106.3975923633361
 10
201.19754516100807
 20
106.39039264020163
 10
201.24514233862723
 20
106.37847016786611
 10
201.29134171618253
 20
106.36193976625565
 10
201.335698368413
 20
106.34096063217419
 10
201.37778511650978
 20
106.31573480615128
 10
201.41719664208182
 20
106.28650522668137
 10
201.45355339059327
 20
106.25355339059328
 10
201.48650522668137
 20
106.21719664208183
 10
201.51573480615127
 20
106.17778511650981
 10
201.54096063217418
 20
106.135698368413
 10
201.56193976625565
 20
106.09134171618255
 10
201.5784701678661
 20
106.04514233862724
 10
201.5903926402016
 20
105.99754516100808
 10
201.5975923633361
 20
105.94900857016479
 10
201.6
 20
105.9
 10
201.6
 20
104.5
 10
201.5975923633361
 20
104.45099142983521
 10
201.5903926402016
 20
104.40245483899193
 10
201.5784701678661
 20
104.35485766137276
 10
201.56193976625565
 20
104.30865828381745
 10
201.54096063217418
 20
104.264301631587
 10
201.51573480615127
 20
104.2222148834902
 10
201.48650522668137
 20
104.18280335791817
 10
201.45355339059327
 20
104.14644660940672
 10
201.41719664208182
 20
104.11349477331864
 10
201.37778511650978
 20
104.08426519384872
 10
201.335698368413
 20
104.05903936782582
 10
201.29134171618253
 20
104.03806023374436
 10
201.24514233862723
 20
104.0215298321339
 10
201.19754516100807
 20
104.00960735979838
 10
201.14900857016477
 20
104.0024076366639
  0
LWPOLYLINE
  5
11E
330
17
100
AcDbEntity
  8
CUT
100
AcDbPolyline
 90
68
 70
1
 10
225.1
 20
16.000000000000004
 10
223.70000000000002
 20
16.000000000000004
 10
223.65099142983524
 20
16.002407636663904
 10
223.60245483899195
 20
16.009607359798387
 10
223.55485766137278
 20
16.0215298321339
 10
223.50865828381748
 20
16.03806023374436
 10
223.464301631587
 20
16.059039367825825
 10
223.42221488349023
 20
16.08426519384873
 10
223.3828033579182
 20
16.113494773318635
 10
223.34644660940674
 20
16.14644660940673
 10
223.31349477331864
 20
16.182803357918182
 10
223.28426519384874
 20
16.222214883490203
 10
223.25903936782584
 20
16.264301631587006
 10
223.23806023374436
 20
16.308658283817458
 10
223.2215298321339
 20
16.354857661372773
 10
223.2096073597984
 20
16.40245483899194
 10
223.2024076366639
 20
16.450991429835224
 10
223.20000000000002
 20
16.500000000000004
 10
223.20000000000002
 20
17.900000000000002
 10
223.2024076366639
 20
17.949008570164782
 10
223.2096073597984
 20
17.997545161008066
 10
223.2215298321339
 20
18.045142338627233
 10
223.23806023374436
 20
18.091341716182548
 10
223.25903936782584
 20
18.135698368413
 10
223.28426519384874
 20
18.177785116509803
 10
223.31349477331864
 20
18.217196642081824
 10
223.34644660940674
 20
18.253553390593275
 10
223.3828033579182
 20
18.28650522668137
 10
223.42221488349023
 20
18.315734806151276
 10
223.464301631587
 20
18.34096063217418
 10
223.50865828381748
 20
18.361939766255645
 10
223.55485766137278
 20
18.378470167866105
 10
223.60245483899195
 20
18.39039264020162
 10
223.65099142983524
 20
18.397592363336102
 10
223.70000000000002
 20
18.400000000000002
 10
225.1
 20
18.400000000000002
 10
225.14900857016477
 20
18.397592363336102
 10
225.19754516100807
 20
18.39039264020162
 10
225.24514233862723
 20
18.378470167866105
 10
225.29134171618253
 20
18.361939766255645
 10
225.335698368413
 20
18.34096063217418
 10
225.37778511650978
 20
18.315734806151276
 10
225.41719664208182
 20
18.28650522668137
 10
225.45355339059327
 20
18.253553390593275
 10
225.48650522668137
 20
18.217196642081824
 10
225.51573480615127
 20
18.177785116509803
 10
225.54096063217418
 20
18.135698368413
 10
225.56193976625565
 20
18.091341716182548
 10
225.5784701678661
 20
18.045142338627233
 10
225.5903926402016
 20
17.997545161008066
 10
225.5975923633361
 20
17.949008570164782
 10
225.6
 20
17.900000000000002
 10
225.6
 20
16.500000000000004
 10
225.5975923633361
 20
16.450991429835224
 10
225.5903926402016
 20
16.40245483899194
 10
225.5784701678661
 20
16.354857661372773
 10
225.56193976625565
 20
16.308658283817458
 10
225.54096063217418
 20
16.264301631587006
 10
225.51573480615127
 20
16.222214883490203
 10
225.48650522668137
 20
16.182803357918182
 10
225.45355339059327
 20
16.14644660940673
 10
225.41719664208182
 20
16.113494773318635
 10
225.37778511650978
 20
16.08426519384873
 10
225.335698368413
 20
16.059039367825825
 10
225.29134171618253
 20
16.03806023374436
 10
225.24514233862723
 20
16.0215298321339
 10
225.19754516100807
 20
16.009607359798387
 10
225.14900857016477
 20
16.002407636663904
  0
LWPOLYLINE
  5
11F
330
17
100
AcDbEntity
  8
CUT
100
AcDbPolyline
 90
73
 70
1
 10
246.1193284500663
 20
32.14398640860061
 10
245.23634466776363
 20
32.46756431640097
 10
244.70975048036988
 20
32.507042152558824
 10
243.99183041518415
 20
32.45196362903928
 10
243.27355380621788
 20
32.28487789379846
 10
242.94332380957948
 20
32.168875776276764
 10
242.80388850284857
 20
32.09894876058888
 10
241.37661082778502
 20
31.81523965037976
 10
239.37137191059696
 20
33.187924660214506
 10
240.08818044814635
 20
33.941112578428985
 10
241.13330827886415
 20
34.68302431011137
 10
241.76296895329577
 20
34.980547220412184
 10
242.43930404533734
 20
35.21707375542108
 10
243.85773885765317
 20
35.479590049043715
 10
244.63016479442928
 20
35.512870388223774
 10
245.26825699224233
 20
35.49160961908534
 10
246.4231122285951
 20
35.32297086922976
 10
247.45137104598257
 20
34.97876558713819
 10
248.33152054871468
 20
34.46115905575479
 10
248.72807267713995
 20
34.12670049904024
 10
249.08343075018314
 20
33.75083419889607
 10
249.6350288214689
 20
32.914929858032146
 10
250.003120084035
 20
31.93591697759519
 10
250.1832840431438
 20
30.838261334188942
 10
250.2057265261111
 20
30.239281512665066
 10
250.2057265261111
 20
21.37300922881247
 10
247.02156867146888
 20
21.37300922881247
 10
247.02156867146888
 20
21.956437891247298
 10
246.99131998716
 20
21.931131802413738
 10
246.8215686714689
 20
21.8380219389563
 10
246.8215686714689
 20
24.560211566913384
 10
246.99194456962294
 20
24.7898895732647
 10
247.02156867146888
 20
24.99283922127008
 10
247.02156867146888
 20
27.111966928149865
 10
243.7526299720442
 20
27.111966928149865
 10
243.33096662988083
 20
27.086721711871473
 10
242.66477527905408
 20
26.88793880880221
 10
242.46107994231613
 20
26.746877064911473
 10
242.30944193973107
 20
26.572709987656648
 10
242.0940001041799
 20
25.988431729641878
 10
242.06784553498855
 20
25.63126493276461
 10
242.1020823498535
 20
25.24781260627725
 10
242.3852335233193
 20
24.619731821498544
 10
242.59622940218435
 20
24.42243697372865
 10
242.89647808431786
 20
24.256324842822895
 10
243.83172996943324
 20
24.034273087403143
 10
244.4188852302263
 20
24.006369615484665
 10
244.42156867146892
 20
24.006446510568033
 10
244.42156867146892
 20
21.19645190827181
 10
244.14313973989906
 20
21.180903279625703
 10
243.52230204874257
 20
21.197474158133986
 10
242.41337702638168
 20
21.328528933503907
 10
241.44054205104618
 20
21.596710003713582
 10
240.62099733745964
 20
22.003191016275572
 10
240.25462208413364
 20
22.27029458053628
 10
239.9283104584548
 20
22.57791811311135
 10
239.42683516391395
 20
23.279086030534245
 10
239.09317901127685
 20
24.1255425788351
 10
238.9312246571797
 20
25.089660109601272
 10
238.91086457033495
 20
25.628177574402116
 10
238.9295441358743
 20
26.142310378295846
 10
239.07797064036694
 20
27.063315867711616
 10
239.3839794761623
 20
27.87485578388683
 10
239.84457451007108
 20
28.550845076632132
 10
240.14550391949027
 20
28.849937310169608
 10
240.4845726051613
 20
29.11095539866664
 10
240.73079397778235
 20
29.239911369571896
 10
244.11413215032746
 20
29.912439132907522
 10
247.02156867146888
 20
29.912439132907522
 10
247.02156867146888
 20
30.10592725507569
 10
246.98233198550108
 20
30.66193417564323
 10
246.6691361621241
 20
31.573886720182045
 10
246.42516426976005
 20
31.891870253843074
  0
LWPOLYLINE
  5
120
330
17
100
AcDbEntity
  8
CUT
100
AcDbPolyline
 90
27
 70
1
 10
228.82785075684646
 20
31.63036842292768
 10
228.61991318546552
 20
31.369601545558616
 10
228.33212511843504
 20
30.569998772491914
 10
228.29620191029952
 20
30.086863889423398
 10
228.29620191029952
 20
21.207302431381915
 10
224.6540958315789
 20
21.207302431381915
 10
224.6540958315789
 20
35.48648088881748
 10
228.29620191029952
 20
35.48648088881748
 10
228.29620191029952
 20
34.537571034907685
 10
228.79173987443875
 20
34.9247441035923
 10
229.37336857158797
 20
35.26333509514703
 10
230.56008677971317
 20
35.63108237256985
 10
231.22117943206098
 20
35.67901747147229
 10
231.72331575334044
 20
35.66048418164422
 10
232.60961458391486
 20
35.51938188025924
 10
233.04541185422852
 20
35.38764289436145
 10
233.46070691602932
 20
35.21693696149785
 10
234.1702886248746
 20
34.789832047575054
 10
234.8601215188438
 20
34.21044645952756
 10
232.49972656401866
 20
31.015969633646385
 10
231.92487445069847
 20
31.637387979609866
 10
231.57056072154762
 20
31.898109402947256
 10
231.40356040785971
 20
31.97888302405754
 10
230.9310993945124
 20
32.11472624489339
 10
230.37460375632364
 20
32.161173912332764
 10
229.90131991399798
 20
32.12662915635882
 10
229.08953380569722
 20
31.83818600723918
  0
LWPOLYLINE
  5
121
330
17
100
AcDbEntity
  8
CUT
100
AcDbPolyline
 90
27
 70
1
 10
258.96809876050486
 20
34.96751000172506
 10
261.58450835173903
 20
34.96751000172506
 10
261.58450835173903
 20
32.747031347073886
 10
258.96809876050486
 20
32.747031347073886
 10
258.96809876050486
 20
21.72627331847434
 10
256.36801621820194
 20
21.72627331847434
 10
256.36801621820194
 20
32.747031347073886
 10
254.9638900101137
 20
32.747031347073886
 10
254.9638900101137
 20
34.96751000172506
 10
256.36801621820194
 20
34.96751000172506
 10
256.36801621820194
 20
36.7634853841635
 10
256.4182729156935
 20
37.584429813238344
 10
256.682120577524
 20
38.611120569861015
 10
256.98366076247316
 20
39.15909714961637
 10
257.17212337806643
 20
39.392140262096135
 10
257.38705367063807
 20
39.598779475132375
 10
257.9003352714145
 20
39.929402215990365
 10
258.878810211662
 20
40.2186971142411
 10
259.67016186454896
 20
40.2738009043841
 10
261.58450835173903
 20
40.2738009043841
 10
261.58450835173903
 20
37.80025299129842
 10
259.72322477357557
 20
37.80025299129842
 10
259.53878014268025
 20
37.78137484097165
 10
259.25101590526685
 20
37.630349638357515
 10
259.1476962987487
 20
37.498202586070136
 10
259.0129981450658
 20
37.17268204800317
 10
258.96809876050486
 20
36.792057719793206
  0
LWPOLYLINE
  5
122
330
17
100
AcDbEntity
  8
CUT
100
AcDbPolyline
 90
80
 70
1
 10
207.05051180763107
 20
34.55040492355931
 10
207.45460626867973
 20
36.37291176051105
 10
207.8081889220973
 20
37.18390689414341
 10
208.25437655617185
 20
37.91989964674781
 10
209.3870655757779
 20
39.130142148777345
 10
210.0735669613094
 20
39.6043918982025
 10
210.8320094061943
 20
39.9811895743192
 10
212.54022690062723
 20
40.41181548988115
 10
213.49000195017527
 20
40.46564372932639
 10
214.2821189334809
 20
40.42253011574229
 10
215.75767598064337
 20
40.07762120706944
 10
216.44111604450026
 20
39.77582591198072
 10
217.08169760491262
 20
39.39673224460805
 10
218.20214133782025
 20
38.433436357663794
 10
218.68200351031552
 20
37.8492341380922
 10
219.0983432580626
 20
37.204570815447035
 10
219.71060759298481
 20
35.75758610391424
 10
219.9065321801599
 20
34.955264715026615
 10
217.0901162395178
 20
34.955264715026615
 10
216.86842552824805
 20
35.63334746595295
 10
216.17248506755317
 20
36.7354232688129
 10
215.698235318128
 20
37.15941632074652
 10
215.17296354079267
 20
37.49514126439553
 10
214.06884685681632
 20
37.878826914280104
 10
213.49000195017527
 20
37.92678762051568
 10
213.06709311633475
 20
37.90790947018891
 10
212.28594586902986
 20
37.75688426757477
 10
211.59102584889317
 20
37.45483386234648
 10
210.98233305592467
 20
37.00175825450406
 10
210.7103218696285
 20
36.718585999602546
 10
210.46541613565964
 20
36.40550208083868
 10
210.0735669613094
 20
35.70701051874828
 10
209.8123341784093
 20
34.91208732390762
 10
209.6817177869592
 20
34.020732496316725
 10
209.66539073802795
 20
33.53889322023993
 10
209.66539073802795
 20
28.06525006603549
 10
209.68210045216856
 20
27.62346308186819
 10
209.8157781652932
 20
26.807620855584364
 10
210.08313359154258
 20
26.08208761870156
 10
210.48416673091663
 20
25.44686337121978
 10
210.7348124430254
 20
25.163117118504275
 10
211.0139029356941
 20
24.90768809127892
 10
211.63637167619834
 20
24.499001647718355
 10
212.34455742359168
 20
24.226544018677977
 10
213.13846017787412
 20
24.09031520415779
 10
213.56755543259877
 20
24.073286602342765
 10
213.9904642664393
 20
24.091208089646216
 10
214.7716115137442
 20
24.23457998807383
 10
215.4665315338809
 20
24.52132378492906
 10
216.07522432684937
 20
24.951439480211903
 10
216.34723551314553
 20
25.22026178976368
 10
216.59309791013774
 20
25.5221208623873
 10
216.98647774532523
 20
26.21040801889567
 10
217.24873096878358
 20
27.011453857085545
 10
217.37985758051275
 20
27.925258376956926
 10
217.3962484069789
 20
28.424445142523176
 10
217.3962484069789
 20
29.228552302387662
 10
213.6328636283238
 20
29.228552302387662
 10
213.6328636283238
 20
31.714345502171785
 10
220.06163914500686
 20
31.714345502171785
 10
220.06163914500686
 20
28.473426289316954
 10
220.01087222723623
 20
27.461404365718472
 10
219.6047368850712
 20
25.63481576653392
 10
219.24936846067675
 20
24.820249090947843
 10
218.8047114874395
 20
24.0824705673666
 10
217.67202246783344
 20
22.870187184220647
 10
216.98399042146463
 20
22.395682324655944
 10
216.22554797657975
 20
22.01888464853924
 10
214.51733048214683
 20
21.588258732977295
 10
213.56755543259877
 20
21.534430493532053
 10
212.61063729914326
 20
21.584942301163135
 10
210.88201099354626
 20
21.989036762211786
 10
210.11030282140476
 20
22.342619415629354
 10
209.41283169987256
 20
22.79008260040166
 10
208.26585651245165
 20
23.93297602558976
 10
207.81635244656292
 20
24.628406266005555
 10
207.45919825119165
 20
25.395777565774708
 10
207.05102202791016
 20
27.114199465789675
 10
207.0
 20
28.06525006603549
 10
207.0
 20
33.53889322023993
  0
LWPOLYLINE
  5
123
330
17
100
AcDbEntity
  8
CUT
100
AcDbPolyline
 90
68
 70
1
 10
201.14900857016477
 20
48.002407636663904
 10
201.1
 20
48.0
 10
199.70000000000002
 20
48.0
 10
199.65099142983524
 20
48.002407636663904
 10
199.60245483899195
 20
48.00960735979839
 10
199.55485766137278
 20
48.02152983213389
 10
199.50865828381748
 20
48.03806023374435
 10
199.464301631587
 20
48.059039367825825
 10
199.42221488349023
 20
48.08426519384873
 10
199.3828033579182
 20
48.113494773318635
 10
199.34644660940674
 20
48.14644660940672
 10
199.31349477331864
 20
48.182803357918175
 10
199.28426519384874
 20
48.222214883490196
 10
199.25903936782584
 20
48.264301631587
 10
199.23806023374436
 20
48.30865828381746
 10
199.2215298321339
 20
48.35485766137277
 10
199.2096073597984
 20
48.402454838991936
 10
199.2024076366639
 20
48.45099142983522
 10
199.20000000000002
 20
48.5
 10
199.20000000000002
 20
49.900000000000006
 10
199.2024076366639
 20
49.949008570164786
 10
199.2096073597984
 20
49.99754516100807
 10
199.2215298321339
 20
50.04514233862724
 10
199.23806023374436
 20
50.09134171618255
 10
199.25903936782584
 20
50.135698368413
 10
199.28426519384874
 20
50.17778511650981
 10
199.31349477331864
 20
50.21719664208183
 10
199.34644660940674
 20
50.25355339059328
 10
199.3828033579182
 20
50.28650522668138
 10
199.42221488349023
 20
50.315734806151276
 10
199.464301631587
 20
50.34096063217418
 10
199.50865828381748
 20
50.36193976625565
 10
199.55485766137278
 20
50.37847016786611
 10
199.60245483899195
 20
50.39039264020162
 10
199.65099142983524
 20
50.3975923633361
 10
199.70000000000002
 20
50.400000000000006
 10
201.1
 20
50.400000000000006
 10
201.14900857016477
 20
50.3975923633361
 10
201.19754516100807
 20
50.39039264020162
 10
201.24514233862723
 20
50.37847016786611
 10
201.29134171618253
 20
50.36193976625565
 10
201.335698368413
 20
50.34096063217418
 10
201.37778511650978
 20
50.315734806151276
 10
201.41719664208182
 20
50.28650522668137
 10
201.45355339059327
 20
50.25355339059328
 10
201.48650522668137
 20
50.21719664208183
 10
201.51573480615127
 20
50.17778511650981
 10
201.54096063217418
 20
50.135698368413
 10
201.56193976625565
 20
50.09134171618255
 10
201.5784701678661
 20
50.04514233862724
 10
201.5903926402016
 20
49.99754516100807
 10
201.5975923633361
 20
49.949008570164786
 10
201.6
 20
49.900000000000006
 10
201.6
 20
48.5
 10
201.5975923633361
 20
48.45099142983522
 10
201.5903926402016
 20
48.402454838991936
 10
201.5784701678661
 20
48.35485766137277
 10
201.56193976625565
 20
48.30865828381746
 10
201.54096063217418
 20
48.264301631587
 10
201.51573480615127
 20
48.222214883490196
 10
201.48650522668137
 20
48.182803357918175
 10
201.45355339059327
 20
48.14644660940672
 10
201.41719664208182
 20
48.113494773318635
 10
201.37778511650978
 20
48.08426519384873
 10
201.335698368413
 20
48.059039367825825
 10
201.29134171618253
 20
48.03806023374435
 10
201.24514233862723
 20
48.02152983213389
 10
201.19754516100807
 20
48.00960735979839
  0
LWPOLYLINE
  5
124
330
17
100
AcDbEntity
  8
CUT
100
AcDbPolyline
 90
68
 70
1
 10
266.19999999999993
 20
46.300000000000004
 10
262.6
 20
46.300000000000004
 10
262.4921811456375
 20
46.30529680066059
 10
262.3854006457823
 20
46.321136191556455
 10
262.2806868550201
 20
46.347365630694576
 10
262.1790482243984
 20
46.38373251423759
 10
262.0814635894914
 20
46.429886609216815
 10
261.9888727436785
 20
46.48538342646721
 10
261.90216738742004
 20
46.549688501301
 10
261.8221825406948
 20
46.6221825406948
 10
261.749688501301
 20
46.70216738742
 10
261.68538342646724
 20
46.788872743678446
 10
261.62988660921684
 20
46.88146358949141
 10
261.5837325142376
 20
46.979048224398404
 10
261.54736563069457
 20
47.0806868550201
 10
261.5211361915565
 20
47.185400645782266
 10
261.50529680066063
 20
47.29218114563749
 10
261.5
 20
47.400000000000006
 10
261.5
 20
51.0
 10
261.50529680066063
 20
51.10781885436252
 10
261.5211361915565
 20
51.21459935421774
 10
261.54736563069457
 20
51.31931314497991
 10
261.5837325142376
 20
51.4209517756016
 10
261.62988660921684
 20
51.518536410508595
 10
261.68538342646724
 20
51.61112725632156
 10
261.749688501301
 20
51.69783261258001
 10
261.8221825406948
 20
51.777817459305204
 10
261.90216738742004
 20
51.850311498699014
 10
261.9888727436785
 20
51.9146165735328
 10
262.0814635894914
 20
51.97011339078319
 10
262.1790482243984
 20
52.01626748576241
 10
262.2806868550201
 20
52.05263436930543
 10
262.3854006457823
 20
52.07886380844355
 10
262.4921811456375
 20
52.09470319933941
 10
262.6
 20
52.1
 10
266.19999999999993
 20
52.1
 10
266.30781885436244
 20
52.09470319933941
 10
266.41459935421767
 20
52.07886380844355
 10
266.51931314497983
 20
52.05263436930543
 10
266.62095177560155
 20
52.01626748576241
 10
266.71853641050853
 20
51.97011339078319
 10
266.81112725632147
 20
51.9146165735328
 10
266.8978326125799
 20
51.850311498699014
 10
266.97781745930513
 20
51.777817459305204
 10
267.05031149869893
 20
51.69783261258001
 10
267.1146165735327
 20
51.61112725632156
 10
267.1701133907831
 20
51.518536410508595
 10
267.21626748576233
 20
51.4209517756016
 10
267.2526343693054
 20
51.31931314497991
 10
267.2788638084435
 20
51.21459935421774
 10
267.2947031993393
 20
51.10781885436252
 10
267.29999999999995
 20
51.0
 10
267.29999999999995
 20
47.400000000000006
 10
267.2947031993393
 20
47.29218114563749
 10
267.2788638084435
 20
47.185400645782266
 10
267.2526343693054
 20
47.0806868550201
 10
267.21626748576233
 20
46.979048224398404
 10
267.1701133907831
 20
46.88146358949141
 10
267.1146165735327
 20
46.788872743678446
 10
267.05031149869893
 20
46.70216738742
 10
266.97781745930513
 20
46.6221825406948
 10
266.8978326125799
 20
46.54968850130099
 10
266.81112725632147
 20
46.48538342646721
 10
266.71853641050853
 20
46.429886609216815
 10
266.62095177560155
 20
46.38373251423759
 10
266.51931314497983
 20
46.347365630694576
 10
266.41459935421767
 20
46.321136191556455
 10
266.30781885436244
 20
46.30529680066059
  0
LWPOLYLINE
  5
125
330
17
100
AcDbEntity
  8
CUT
100
AcDbPolyline
 90
68
 70
1
 10
225.1
 20
48.0
 10
223.70000000000002
 20
48.0
 10
223.65099142983524
 20
48.002407636663904
 10
223.60245483899195
 20
48.00960735979839
 10
223.55485766137278
 20
48.02152983213389
 10
223.50865828381748
 20
48.03806023374435
 10
223.464301631587
 20
48.059039367825825
 10
223.42221488349023
 20
48.08426519384873
 10
223.3828033579182
 20
48.113494773318635
 10
223.34644660940674
 20
48.14644660940672
 10
223.31349477331864
 20
48.182803357918175
 10
223.28426519384874
 20
48.222214883490196
 10
223.25903936782584
 20
48.264301631587
 10
223.23806023374436
 20
48.30865828381746
 10
223.2215298321339
 20
48.35485766137277
 10
223.2096073597984
 20
48.402454838991936
 10
223.2024076366639
 20
48.45099142983522
 10
223.20000000000002
 20
48.5
 10
223.20000000000002
 20
49.900000000000006
 10
223.2024076366639
 20
49.949008570164786
 10
223.2096073597984
 20
49.99754516100807
 10
223.2215298321339
 20
50.04514233862724
 10
223.23806023374436
 20
50.09134171618255
 10
223.25903936782584
 20
50.135698368413
 10
223.28426519384874
 20
50.17778511650981
 10
223.31349477331864
 20
50.21719664208183
 10
223.34644660940674
 20
50.25355339059328
 10
223.3828033579182
 20
50.28650522668138
 10
223.42221488349023
 20
50.315734806151276
 10
223.464301631587
 20
50.34096063217418
 10
223.50865828381748
 20
50.36193976625565
 10
223.55485766137278
 20
50.37847016786611
 10
223.60245483899195
 20
50.39039264020162
 10
223.65099142983524
 20
50.3975923633361
 10
223.70000000000002
 20
50.400000000000006
 10
225.1
 20
50.400000000000006
 10
225.14900857016477
 20
50.3975923633361
 10
225.19754516100807
 20
50.39039264020162
 10
225.24514233862723
 20
50.37847016786611
 10
225.29134171618253
 20
50.36193976625565
 10
225.335698368413
 20
50.34096063217418
 10
225.37778511650978
 20
50.315734806151276
 10
225.41719664208182
 20
50.28650522668137
 10
225.45355339059327
 20
50.25355339059328
 10
225.48650522668137
 20
50.21719664208183
 10
225.51573480615127
 20
50.17778511650981
 10
225.54096063217418
 20
50.135698368413
 10
225.56193976625565
 20
50.09134171618255
 10
225.5784701678661
 20
50.04514233862724
 10
225.5903926402016
 20
49.99754516100807
 10
225.5975923633361
 20
49.949008570164786
 10
225.6
 20
49.900000000000006
 10
225.6
 20
48.5
 10
225.5975923633361
 20
48.45099142983522
 10
225.5903926402016
 20
48.402454838991936
 10
225.5784701678661
 20
48.35485766137277
 10
225.56193976625565
 20
48.30865828381746
 10
225.54096063217418
 20
48.264301631587
 10
225.51573480615127
 20
48.222214883490196
 10
225.48650522668137
 20
48.182803357918175
 10
225.45355339059327
 20
48.14644660940672
 10
225.41719664208182
 20
48.113494773318635
 10
225.37778511650978
 20
48.08426519384873
 10
225.335698368413
 20
48.059039367825825
 10
225.29134171618253
 20
48.03806023374435
 10
225.24514233862723
 20
48.02152983213389
 10
225.19754516100807
 20
48.00960735979839
 10
225.14900857016477
 20
48.002407636663904
  0
LWPOLYLINE
  5
126
330
17
100
AcDbEntity
  8
CUT
100
AcDbPolyline
 90
68
 70
1
 10
209.14900857016477
 20
48.002407636663904
 10
209.1
 20
48.0
 10
207.70000000000002
 20
48.0
 10
207.65099142983524
 20
48.002407636663904
 10
207.60245483899195
 20
48.00960735979839
 10
207.55485766137278
 20
48.02152983213389
 10
207.50865828381748
 20
48.03806023374435
 10
207.464301631587
 20
48.059039367825825
 10
207.42221488349023
 20
48.08426519384873
 10
207.3828033579182
 20
48.113494773318635
 10
207.34644660940674
 20
48.14644660940672
 10
207.31349477331864
 20
48.182803357918175
 10
207.28426519384874
 20
48.222214883490196
 10
207.25903936782584
 20
48.264301631587
 10
207.23806023374436
 20
48.30865828381746
 10
207.2215298321339
 20
48.35485766137277
 10
207.2096073597984
 20
48.402454838991936
 10
207.2024076366639
 20
48.45099142983522
 10
207.20000000000002
 20
48.5
 10
207.20000000000002
 20
49.900000000000006
 10
207.2024076366639
 20
49.949008570164786
 10
207.2096073597984
 20
49.99754516100807
 10
207.2215298321339
 20
50.04514233862724
 10
207.23806023374436
 20
50.09134171618255
 10
207.25903936782584
 20
50.135698368413
 10
207.28426519384874
 20
50.17778511650981
 10
207.31349477331864
 20
50.21719664208183
 10
207.34644660940674
 20
50.25355339059328
 10
207.3828033579182
 20
50.28650522668138
 10
207.42221488349023
 20
50.315734806151276
 10
207.464301631587
 20
50.34096063217418
 10
207.50865828381748
 20
50.36193976625565
 10
207.55485766137278
 20
50.37847016786611
 10
207.60245483899195
 20
50.39039264020162
 10
207.65099142983524
 20
50.3975923633361
 10
207.70000000000002
 20
50.400000000000006
 10
209.1
 20
50.400000000000006
 10
209.14900857016477
 20
50.3975923633361
 10
209.19754516100807
 20
50.39039264020162
 10
209.24514233862723
 20
50.37847016786611
 10
209.29134171618253
 20
50.36193976625565
 10
209.335698368413
 20
50.34096063217418
 10
209.37778511650978
 20
50.315734806151276
 10
209.41719664208182
 20
50.28650522668137
 10
209.45355339059327
 20
50.25355339059328
 10
209.48650522668137
 20
50.21719664208183
 10
209.51573480615127
 20
50.17778511650981
 10
209.54096063217418
 20
50.135698368413
 10
209.56193976625565
 20
50.09134171618255
 10
209.5784701678661
 20
50.04514233862724
 10
209.5903926402016
 20
49.99754516100807
 10
209.5975923633361
 20
49.949008570164786
 10
209.6
 20
49.900000000000006
 10
209.6
 20
48.5
 10
209.5975923633361
 20
48.45099142983522
 10
209.5903926402016
 20
48.402454838991936
 10
209.5784701678661
 20
48.35485766137277
 10
209.56193976625565
 20
48.30865828381746
 10
209.54096063217418
 20
48.264301631587
 10
209.51573480615127
 20
48.222214883490196
 10
209.48650522668137
 20
48.182803357918175
 10
209.45355339059327
 20
48.14644660940672
 10
209.41719664208182
 20
48.113494773318635
 10
209.37778511650978
 20
48.08426519384873
 10
209.335698368413
 20
48.059039367825825
 10
209.29134171618253
 20
48.03806023374435
 10
209.24514233862723
 20
48.02152983213389
 10
209.19754516100807
 20
48.00960735979839
  0
LWPOLYLINE
  5
127
330
17
100
AcDbEntity
  8
CUT
100
AcDbPolyline
 90
68
 70
1
 10
249.6
 20
47.2
 10
247.20000000000002
 20
47.2
 10
247.12158628773636
 20
47.20385221866224
 10
247.04392774238713
 20
47.21537177567742
 10
246.96777225819645
 20
47.234447731414235
 10
246.89385325410794
 20
47.260896373990974
 10
246.8228826105392
 20
47.29446298852132
 10
246.75554381358432
 20
47.33482431015796
 10
246.6924853726691
 20
47.38159163730981
 10
246.63431457505078
 20
47.43431457505076
 10
246.58159163730983
 20
47.49248537266909
 10
246.53482431015797
 20
47.55554381358432
 10
246.49446298852132
 20
47.6228826105392
 10
246.46089637399098
 20
47.69385325410793
 10
246.43444773141425
 20
47.76777225819643
 10
246.41537177567744
 20
47.843927742387095
 10
246.40385221866225
 20
47.92158628773635
 10
246.4
 20
48.0
 10
246.4
 20
50.400000000000006
 10
246.40385221866225
 20
50.47841371226365
 10
246.41537177567744
 20
50.55607225761291
 10
246.43444773141425
 20
50.632227741803575
 10
246.46089637399098
 20
50.70614674589208
 10
246.49446298852132
 20
50.777117389460805
 10
246.53482431015797
 20
50.844456186415684
 10
246.58159163730983
 20
50.90751462733092
 10
246.63431457505078
 20
50.96568542494924
 10
246.6924853726691
 20
51.018408362690195
 10
246.75554381358432
 20
51.06517568984204
 10
246.8228826105392
 20
51.10553701147869
 10
246.89385325410794
 20
51.13910362600903
 10
246.96777225819645
 20
51.16555226858577
 10
247.04392774238713
 20
51.18462822432259
 10
247.12158628773636
 20
51.196147781337764
 10
247.20000000000002
 20
51.2
 10
249.6
 20
51.2
 10
249.67841371226365
 20
51.196147781337764
 10
249.75607225761289
 20
51.18462822432259
 10
249.83222774180356
 20
51.16555226858577
 10
249.90614674589207
 20
51.13910362600903
 10
249.9771173894608
 20
51.10553701147869
 10
250.0444561864157
 20
51.06517568984204
 10
250.10751462733091
 20
51.018408362690195
 10
250.16568542494923
 20
50.96568542494924
 10
250.21840836269018
 20
50.90751462733092
 10
250.26517568984204
 20
50.844456186415684
 10
250.3055370114787
 20
50.777117389460805
 10
250.33910362600903
 20
50.70614674589208
 10
250.36555226858576
 20
50.632227741803575
 10
250.38462822432257
 20
50.55607225761291
 10
250.39614778133776
 20
50.47841371226365
 10
250.4
 20
50.400000000000006
 10
250.4
 20
48.0
 10
250.39614778133776
 20
47.92158628773635
 10
250.38462822432257
 20
47.843927742387095
 10
250.36555226858576
 20
47.76777225819643
 10
250.33910362600903
 20
47.69385325410793
 10
250.3055370114787
 20
47.6228826105392
 10
250.26517568984204
 20
47.55554381358432
 10
250.21840836269018
 20
47.49248537266909
 10
250.16568542494923
 20
47.43431457505076
 10
250.10751462733091
 20
47.38159163730981
 10
250.0444561864157
 20
47.33482431015796
 10
249.9771173894608
 20
47.29446298852132
 10
249.90614674589207
 20
47.260896373990974
 10
249.83222774180356
 20
47.234447731414235
 10
249.75607225761289
 20
47.21537177567742
 10
249.67841371226365
 20
47.20385221866224
  0
LWPOLYLINE
  5
128
330
17
100
AcDbEntity
  8
CUT
100
AcDbPolyline
 90
68
 70
1
 10
217.14900857016477
 20
48.002407636663904
 10
217.1
 20
48.0
 10
215.70000000000002
 20
48.0
 10
215.65099142983524
 20
48.002407636663904
 10
215.60245483899195
 20
48.00960735979839
 10
215.55485766137278
 20
48.02152983213389
 10
215.50865828381748
 20
48.03806023374435
 10
215.464301631587
 20
48.059039367825825
 10
215.42221488349023
 20
48.08426519384873
 10
215.3828033579182
 20
48.113494773318635
 10
215.34644660940674
 20
48.14644660940672
 10
215.31349477331864
 20
48.182803357918175
 10
215.28426519384874
 20
48.222214883490196
 10
215.25903936782584
 20
48.264301631587
 10
215.23806023374436
 20
48.30865828381746
 10
215.2215298321339
 20
48.35485766137277
 10
215.2096073597984
 20
48.402454838991936
 10
215.2024076366639
 20
48.45099142983522
 10
215.20000000000002
 20
48.5
 10
215.20000000000002
 20
49.900000000000006
 10
215.2024076366639
 20
49.949008570164786
 10
215.2096073597984
 20
49.99754516100807
 10
215.2215298321339
 20
50.04514233862724
 10
215.23806023374436
 20
50.09134171618255
 10
215.25903936782584
 20
50.135698368413
 10
215.28426519384874
 20
50.17778511650981
 10
215.31349477331864
 20
50.21719664208183
 10
215.34644660940674
 20
50.25355339059328
 10
215.3828033579182
 20
50.28650522668138
 10
215.42221488349023
 20
50.315734806151276
 10
215.464301631587
 20
50.34096063217418
 10
215.50865828381748
 20
50.36193976625565
 10
215.55485766137278
 20
50.37847016786611
 10
215.60245483899195
 20
50.39039264020162
 10
215.65099142983524
 20
50.3975923633361
 10
215.70000000000002
 20
50.400000000000006
 10
217.1
 20
50.400000000000006
 10
217.14900857016477
 20
50.3975923633361
 10
217.19754516100807
 20
50.39039264020162
 10
217.24514233862723
 20
50.37847016786611
 10
217.29134171618253
 20
50.36193976625565
 10
217.335698368413
 20
50.34096063217418
 10
217.37778511650978
 20
50.315734806151276
 10
217.41719664208182
 20
50.28650522668137
 10
217.45355339059327
 20
50.25355339059328
 10
217.48650522668137
 20
50.21719664208183
 10
217.51573480615127
 20
50.17778511650981
 10
217.54096063217418
 20
50.135698368413
 10
217.56193976625565
 20
50.09134171618255
 10
217.5784701678661
 20
50.04514233862724
 10
217.5903926402016
 20
49.99754516100807
 10
217.5975923633361
 20
49.949008570164786
 10
217.6
 20
49.900000000000006
 10
217.6
 20
48.5
 10
217.5975923633361
 20
48.45099142983522
 10
217.5903926402016
 20
48.402454838991936
 10
217.5784701678661
 20
48.35485766137277
 10
217.56193976625565
 20
48.30865828381746
 10
217.54096063217418
 20
48.264301631587
 10
217.51573480615127
 20
48.222214883490196
 10
217.48650522668137
 20
48.182803357918175
 10
217.45355339059327
 20
48.14644660940672
 10
217.41719664208182
 20
48.113494773318635
 10
217.37778511650978
 20
48.08426519384873
 10
217.335698368413
 20
48.059039367825825
 10
217.29134171618253
 20
48.03806023374435
 10
217.24514233862723
 20
48.02152983213389
 10
217.19754516100807
 20
48.00960735979839
  0
LWPOLYLINE
  5
129
330
17
100
AcDbEntity
  8
CUT
100
AcDbPolyline
 90
68
 70
1
 10
241.14900857016477
 20
48.002407636663904
 10
241.1
 20
48.0
 10
239.70000000000002
 20
48.0
 10
239.65099142983524
 20
48.002407636663904
 10
239.60245483899195
 20
48.00960735979839
 10
239.55485766137278
 20
48.02152983213389
 10
239.50865828381748
 20
48.03806023374435
 10
239.464301631587
 20
48.059039367825825
 10
239.42221488349023
 20
48.08426519384873
 10
239.3828033579182
 20
48.113494773318635
 10
239.34644660940674
 20
48.14644660940672
 10
239.31349477331864
 20
48.182803357918175
 10
239.28426519384874
 20
48.222214883490196
 10
239.25903936782584
 20
48.264301631587
 10
239.23806023374436
 20
48.30865828381746
 10
239.2215298321339
 20
48.35485766137277
 10
239.2096073597984
 20
48.402454838991936
 10
239.2024076366639
 20
48.45099142983522
 10
239.20000000000002
 20
48.5
 10
239.20000000000002
 20
49.900000000000006
 10
239.2024076366639
 20
49.949008570164786
 10
239.2096073597984
 20
49.99754516100807
 10
239.2215298321339
 20
50.04514233862724
 10
239.23806023374436
 20
50.09134171618255
 10
239.25903936782584
 20
50.135698368413
 10
239.28426519384874
 20
50.17778511650981
 10
239.31349477331864
 20
50.21719664208183
 10
239.34644660940674
 20
50.25355339059328
 10
239.3828033579182
 20
50.28650522668138
 10
239.42221488349023
 20
50.315734806151276
 10
239.464301631587
 20
50.34096063217418
 10
239.50865828381748
 20
50.36193976625565
 10
239.55485766137278
 20
50.37847016786611
 10
239.60245483899195
 20
50.39039264020162
 10
239.65099142983524
 20
50.3975923633361
 10
239.70000000000002
 20
50.400000000000006
 10
241.1
 20
50.400000000000006
 10
241.14900857016477
 20
50.3975923633361
 10
241.19754516100807
 20
50.39039264020162
 10
241.24514233862723
 20
50.37847016786611
 10
241.29134171618253
 20
50.36193976625565
 10
241.335698368413
 20
50.34096063217418
 10
241.37778511650978
 20
50.315734806151276
 10
241.41719664208182
 20
50.28650522668137
 10
241.45355339059327
 20
50.25355339059328
 10
241.48650522668137
 20
50.21719664208183
 10
241.51573480615127
 20
50.17778511650981
 10
241.54096063217418
 20
50.135698368413
 10
241.56193976625565
 20
50.09134171618255
 10
241.5784701678661
 20
50.04514233862724
 10
241.5903926402016
 20
49.99754516100807
 10
241.5975923633361
 20
49.949008570164786
 10
241.6
 20
49.900000000000006
 10
241.6
 20
48.5
 10
241.5975923633361
 20
48.45099142983522
 10
241.5903926402016
 20
48.402454838991936
 10
241.5784701678661
 20
48.35485766137277
 10
241.56193976625565
 20
48.30865828381746
 10
241.54096063217418
 20
48.264301631587
 10
241.51573480615127
 20
48.222214883490196
 10
241.48650522668137
 20
48.182803357918175
 10
241.45355339059327
 20
48.14644660940672
 10
241.41719664208182
 20
48.113494773318635
 10
241.37778511650978
 20
48.08426519384873
 10
241.335698368413
 20
48.059039367825825
 10
241.29134171618253
 20
48.03806023374435
 10
241.24514233862723
 20
48.02152983213389
 10
241.19754516100807
 20
48.00960735979839
  0
LWPOLYLINE
  5
12A
330
17
100
AcDbEntity
  8
CUT
100
AcDbPolyline
 90
68
 70
1
 10
257.59999999999997
 20
47.2
 10
255.2
 20
47.2
 10
255.12158628773633
 20
47.20385221866224
 10
255.0439277423871
 20
47.21537177567742
 10
254.96777225819642
 20
47.234447731414235
 10
254.8938532541079
 20
47.260896373990974
 10
254.82288261053918
 20
47.29446298852132
 10
254.7555438135843
 20
47.33482431015796
 10
254.69248537266907
 20
47.38159163730981
 10
254.63431457505075
 20
47.43431457505076
 10
254.5815916373098
 20
47.49248537266909
 10
254.53482431015794
 20
47.55554381358432
 10
254.4944629885213
 20
47.6228826105392
 10
254.46089637399095
 20
47.69385325410793
 10
254.43444773141422
 20
47.76777225819643
 10
254.41537177567741
 20
47.843927742387095
 10
254.40385221866222
 20
47.92158628773635
 10
254.39999999999998
 20
48.0
 10
254.39999999999998
 20
50.400000000000006
 10
254.40385221866222
 20
50.47841371226365
 10
254.41537177567741
 20
50.55607225761291
 10
254.43444773141422
 20
50.632227741803575
 10
254.46089637399095
 20
50.70614674589208
 10
254.4944629885213
 20
50.777117389460805
 10
254.53482431015794
 20
50.844456186415684
 10
254.5815916373098
 20
50.90751462733092
 10
254.63431457505075
 20
50.96568542494924
 10
254.69248537266907
 20
51.018408362690195
 10
254.7555438135843
 20
51.06517568984204
 10
254.82288261053918
 20
51.10553701147869
 10
254.8938532541079
 20
51.13910362600903
 10
254.96777225819642
 20
51.16555226858577
 10
255.0439277423871
 20
51.18462822432259
 10
255.12158628773633
 20
51.196147781337764
 10
255.2
 20
51.2
 10
257.59999999999997
 20
51.2
 10
257.6784137122636
 20
51.196147781337764
 10
257.75607225761286
 20
51.18462822432259
 10
257.83222774180354
 20
51.16555226858577
 10
257.90614674589204
 20
51.13910362600903
 10
257.9771173894608
 20
51.10553701147869
 10
258.04445618641563
 20
51.06517568984204
 10
258.1075146273309
 20
51.018408362690195
 10
258.16568542494923
 20
50.96568542494924
 10
258.2184083626902
 20
50.90751462733092
 10
258.265175689842
 20
50.844456186415684
 10
258.30553701147863
 20
50.777117389460805
 10
258.339103626009
 20
50.70614674589208
 10
258.36555226858576
 20
50.632227741803575
 10
258.38462822432257
 20
50.55607225761291
 10
258.39614778133773
 20
50.47841371226365
 10
258.4
 20
50.400000000000006
 10
258.4
 20
48.0
 10
258.39614778133773
 20
47.92158628773635
 10
258.38462822432257
 20
47.843927742387095
 10
258.36555226858576
 20
47.76777225819643
 10
258.339103626009
 20
47.69385325410793
 10
258.30553701147863
 20
47.6228826105392
 10
258.265175689842
 20
47.55554381358432
 10
258.2184083626902
 20
47.49248537266909
 10
258.16568542494923
 20
47.43431457505076
 10
258.1075146273309
 20
47.38159163730981
 10
258.04445618641563
 20
47.33482431015796
 10
257.9771173894608
 20
47.29446298852132
 10
257.90614674589204
 20
47.260896373990974
 10
257.83222774180354
 20
47.234447731414235
 10
257.75607225761286
 20
47.21537177567742
 10
257.6784137122636
 20
47.20385221866224
  0
LWPOLYLINE
  5
12B
330
17
100
AcDbEntity
  8
CUT
100
AcDbPolyline
 90
68
 70
1
 10
233.1
 20
48.0
 10
231.70000000000002
 20
48.0
 10
231.65099142983524
 20
48.002407636663904
 10
231.60245483899195
 20
48.00960735979839
 10
231.55485766137278
 20
48.02152983213389
 10
231.50865828381748
 20
48.03806023374435
 10
231.464301631587
 20
48.059039367825825
 10
231.42221488349023
 20
48.08426519384873
 10
231.3828033579182
 20
48.113494773318635
 10
231.34644660940674
 20
48.14644660940672
 10
231.31349477331864
 20
48.182803357918175
 10
231.28426519384874
 20
48.222214883490196
 10
231.25903936782584
 20
48.264301631587
 10
231.23806023374436
 20
48.30865828381746
 10
231.2215298321339
 20
48.35485766137277
 10
231.2096073597984
 20
48.402454838991936
 10
231.2024076366639
 20
48.45099142983522
 10
231.20000000000002
 20
48.5
 10
231.20000000000002
 20
49.900000000000006
 10
231.2024076366639
 20
49.949008570164786
 10
231.2096073597984
 20
49.99754516100807
 10
231.2215298321339
 20
50.04514233862724
 10
231.23806023374436
 20
50.09134171618255
 10
231.25903936782584
 20
50.135698368413
 10
231.28426519384874
 20
50.17778511650981
 10
231.31349477331864
 20
50.21719664208183
 10
231.34644660940674
 20
50.25355339059328
 10
231.3828033579182
 20
50.28650522668138
 10
231.42221488349023
 20
50.315734806151276
 10
231.464301631587
 20
50.34096063217418
 10
231.50865828381748
 20
50.36193976625565
 10
231.55485766137278
 20
50.37847016786611
 10
231.60245483899195
 20
50.39039264020162
 10
231.65099142983524
 20
50.3975923633361
 10
231.70000000000002
 20
50.400000000000006
 10
233.1
 20
50.400000000000006
 10
233.14900857016477
 20
50.3975923633361
 10
233.19754516100807
 20
50.39039264020162
 10
233.24514233862723
 20
50.37847016786611
 10
233.29134171618253
 20
50.36193976625565
 10
233.335698368413
 20
50.34096063217418
 10
233.37778511650978
 20
50.315734806151276
 10
233.41719664208182
 20
50.28650522668137
 10
233.45355339059327
 20
50.25355339059328
 10
233.48650522668137
 20
50.21719664208183
 10
233.51573480615127
 20
50.17778511650981
 10
233.54096063217418
 20
50.135698368413
 10
233.56193976625565
 20
50.09134171618255
 10
233.5784701678661
 20
50.04514233862724
 10
233.5903926402016
 20
49.99754516100807
 10
233.5975923633361
 20
49.949008570164786
 10
233.6
 20
49.900000000000006
 10
233.6
 20
48.5
 10
233.5975923633361
 20
48.45099142983522
 10
233.5903926402016
 20
48.402454838991936
 10
233.5784701678661
 20
48.35485766137277
 10
233.56193976625565
 20
48.30865828381746
 10
233.54096063217418
 20
48.264301631587
 10
233.51573480615127
 20
48.222214883490196
 10
233.48650522668137
 20
48.182803357918175
 10
233.45355339059327
 20
48.14644660940672
 10
233.41719664208182
 20
48.113494773318635
 10
233.37778511650978
 20
48.08426519384873
 10
233.335698368413
 20
48.059039367825825
 10
233.29134171618253
 20
48.03806023374435
 10
233.24514233862723
 20
48.02152983213389
 10
233.19754516100807
 20
48.00960735979839
 10
233.14900857016477
 20
48.002407636663904
  0
LWPOLYLINE
  5
12C
330
17
100
AcDbEntity
  8
CUT
100
AcDbPolyline
 90
68
 70
1
 10
249.14900857016477
 20
56.002407636663904
 10
249.1
 20
56.0
 10
247.70000000000002
 20
56.0
 10
247.65099142983524
 20
56.002407636663904
 10
247.60245483899195
 20
56.00960735979839
 10
247.55485766137278
 20
56.02152983213389
 10
247.50865828381748
 20
56.03806023374435
 10
247.464301631587
 20
56.059039367825825
 10
247.42221488349023
 20
56.08426519384873
 10
247.3828033579182
 20
56.113494773318635
 10
247.34644660940674
 20
56.14644660940672
 10
247.31349477331864
 20
56.182803357918175
 10
247.28426519384874
 20
56.222214883490196
 10
247.25903936782584
 20
56.264301631587
 10
247.23806023374436
 20
56.30865828381746
 10
247.2215298321339
 20
56.35485766137277
 10
247.2096073597984
 20
56.402454838991936
 10
247.2024076366639
 20
56.45099142983522
 10
247.20000000000002
 20
56.5
 10
247.20000000000002
 20
57.900000000000006
 10
247.2024076366639
 20
57.949008570164786
 10
247.2096073597984
 20
57.99754516100807
 10
247.2215298321339
 20
58.04514233862724
 10
247.23806023374436
 20
58.09134171618255
 10
247.25903936782584
 20
58.135698368413
 10
247.28426519384874
 20
58.17778511650981
 10
247.31349477331864
 20
58.21719664208183
 10
247.34644660940674
 20
58.25355339059328
 10
247.3828033579182
 20
58.28650522668138
 10
247.42221488349023
 20
58.315734806151276
 10
247.464301631587
 20
58.34096063217418
 10
247.50865828381748
 20
58.36193976625565
 10
247.55485766137278
 20
58.37847016786611
 10
247.60245483899195
 20
58.39039264020162
 10
247.65099142983524
 20
58.3975923633361
 10
247.70000000000002
 20
58.400000000000006
 10
249.1
 20
58.400000000000006
 10
249.14900857016477
 20
58.3975923633361
 10
249.19754516100807
 20
58.39039264020162
 10
249.24514233862723
 20
58.37847016786611
 10
249.29134171618253
 20
58.36193976625565
 10
249.335698368413
 20
58.34096063217418
 10
249.37778511650978
 20
58.315734806151276
 10
249.41719664208182
 20
58.28650522668137
 10
249.45355339059327
 20
58.25355339059328
 10
249.48650522668137
 20
58.21719664208183
 10
249.51573480615127
 20
58.17778511650981
 10
249.54096063217418
 20
58.135698368413
 10
249.56193976625565
 20
58.09134171618255
 10
249.5784701678661
 20
58.04514233862724
 10
249.5903926402016
 20
57.99754516100807
 10
249.5975923633361
 20
57.949008570164786
 10
249.6
 20
57.900000000000006
 10
249.6
 20
56.5
 10
249.5975923633361
 20
56.45099142983522
 10
249.5903926402016
 20
56.402454838991936
 10
249.5784701678661
 20
56.35485766137277
 10
249.56193976625565
 20
56.30865828381746
 10
249.54096063217418
 20
56.264301631587
 10
249.51573480615127
 20
56.222214883490196
 10
249.48650522668137
 20
56.182803357918175
 10
249.45355339059327
 20
56.14644660940672
 10
249.41719664208182
 20
56.113494773318635
 10
249.37778511650978
 20
56.08426519384873
 10
249.335698368413
 20
56.059039367825825
 10
249.29134171618253
 20
56.03806023374435
 10
249.24514233862723
 20
56.02152983213389
 10
249.19754516100807
 20
56.00960735979839
  0
LWPOLYLINE
  5
12D
330
17
100
AcDbEntity
  8
CUT
100
AcDbPolyline
 90
68
 70
1
 10
241.14900857016477
 20
56.002407636663904
 10
241.1
 20
56.0
 10
239.70000000000002
 20
56.0
 10
239.65099142983524
 20
56.002407636663904
 10
239.60245483899195
 20
56.00960735979839
 10
239.55485766137278
 20
56.02152983213389
 10
239.50865828381748
 20
56.03806023374435
 10
239.464301631587
 20
56.059039367825825
 10
239.42221488349023
 20
56.08426519384873
 10
239.3828033579182
 20
56.113494773318635
 10
239.34644660940674
 20
56.14644660940672
 10
239.31349477331864
 20
56.182803357918175
 10
239.28426519384874
 20
56.222214883490196
 10
239.25903936782584
 20
56.264301631587
 10
239.23806023374436
 20
56.30865828381746
 10
239.2215298321339
 20
56.35485766137277
 10
239.2096073597984
 20
56.402454838991936
 10
239.2024076366639
 20
56.45099142983522
 10
239.20000000000002
 20
56.5
 10
239.20000000000002
 20
57.900000000000006
 10
239.2024076366639
 20
57.949008570164786
 10
239.2096073597984
 20
57.99754516100807
 10
239.2215298321339
 20
58.04514233862724
 10
239.23806023374436
 20
58.09134171618255
 10
239.25903936782584
 20
58.135698368413
 10
239.28426519384874
 20
58.17778511650981
 10
239.31349477331864
 20
58.21719664208183
 10
239.34644660940674
 20
58.25355339059328
 10
239.3828033579182
 20
58.28650522668138
 10
239.42221488349023
 20
58.315734806151276
 10
239.464301631587
 20
58.34096063217418
 10
239.50865828381748
 20
58.36193976625565
 10
239.55485766137278
 20
58.37847016786611
 10
239.60245483899195
 20
58.39039264020162
 10
239.65099142983524
 20
58.3975923633361
 10
239.70000000000002
 20
58.400000000000006
 10
241.1
 20
58.400000000000006
 10
241.14900857016477
 20
58.3975923633361
 10
241.19754516100807
 20
58.39039264020162
 10
241.24514233862723
 20
58.37847016786611
 10
241.29134171618253
 20
58.36193976625565
 10
241.335698368413
 20
58.34096063217418
 10
241.37778511650978
 20
58.315734806151276
 10
241.41719664208182
 20
58.28650522668137
 10
241.45355339059327
 20
58.25355339059328
 10
241.48650522668137
 20
58.21719664208183
 10
241.51573480615127
 20
58.17778511650981
 10
241.54096063217418
 20
58.135698368413
 10
241.56193976625565
 20
58.09134171618255
 10
241.5784701678661
 20
58.04514233862724
 10
241.5903926402016
 20
57.99754516100807
 10
241.5975923633361
 20
57.949008570164786
 10
241.6
 20
57.900000000000006
 10
241.6
 20
56.5
 10
241.5975923633361
 20
56.45099142983522
 10
241.5903926402016
 20
56.402454838991936
 10
241.5784701678661
 20
56.35485766137277
 10
241.56193976625565
 20
56.30865828381746
 10
241.54096063217418
 20
56.264301631587
 10
241.51573480615127
 20
56.222214883490196
 10
241.48650522668137
 20
56.182803357918175
 10
241.45355339059327
 20
56.14644660940672
 10
241.41719664208182
 20
56.113494773318635
 10
241.37778511650978
 20
56.08426519384873
 10
241.335698368413
 20
56.059039367825825
 10
241.29134171618253
 20
56.03806023374435
 10
241.24514233862723
 20
56.02152983213389
 10
241.19754516100807
 20
56.00960735979839
  0
LWPOLYLINE
  5
12E
330
17
100
AcDbEntity
  8
CUT
100
AcDbPolyline
 90
68
 70
1
 10
257.59999999999997
 20
55.2
 10
255.2
 20
55.2
 10
255.12158628773633
 20
55.20385221866224
 10
255.0439277423871
 20
55.21537177567742
 10
254.96777225819642
 20
55.234447731414235
 10
254.8938532541079
 20
55.260896373990974
 10
254.82288261053918
 20
55.29446298852132
 10
254.7555438135843
 20
55.33482431015796
 10
254.69248537266907
 20
55.38159163730981
 10
254.63431457505075
 20
55.43431457505076
 10
254.5815916373098
 20
55.49248537266909
 10
254.53482431015794
 20
55.55554381358432
 10
254.4944629885213
 20
55.6228826105392
 10
254.46089637399095
 20
55.69385325410793
 10
254.43444773141422
 20
55.76777225819643
 10
254.41537177567741
 20
55.843927742387095
 10
254.40385221866222
 20
55.92158628773635
 10
254.39999999999998
 20
56.0
 10
254.39999999999998
 20
58.400000000000006
 10
254.40385221866222
 20
58.47841371226365
 10
254.41537177567741
 20
58.55607225761291
 10
254.43444773141422
 20
58.632227741803575
 10
254.46089637399095
 20
58.70614674589208
 10
254.4944629885213
 20
58.777117389460805
 10
254.53482431015794
 20
58.844456186415684
 10
254.5815916373098
 20
58.90751462733092
 10
254.63431457505075
 20
58.96568542494924
 10
254.69248537266907
 20
59.018408362690195
 10
254.7555438135843
 20
59.06517568984204
 10
254.82288261053918
 20
59.10553701147869
 10
254.8938532541079
 20
59.13910362600903
 10
254.96777225819642
 20
59.16555226858577
 10
255.0439277423871
 20
59.18462822432259
 10
255.12158628773633
 20
59.196147781337764
 10
255.2
 20
59.2
 10
257.59999999999997
 20
59.2
 10
257.6784137122636
 20
59.196147781337764
 10
257.75607225761286
 20
59.18462822432259
 10
257.83222774180354
 20
59.16555226858577
 10
257.90614674589204
 20
59.13910362600903
 10
257.9771173894608
 20
59.10553701147869
 10
258.04445618641563
 20
59.06517568984204
 10
258.1075146273309
 20
59.018408362690195
 10
258.16568542494923
 20
58.96568542494924
 10
258.2184083626902
 20
58.90751462733092
 10
258.265175689842
 20
58.844456186415684
 10
258.30553701147863
 20
58.777117389460805
 10
258.339103626009
 20
58.70614674589208
 10
258.36555226858576
 20
58.632227741803575
 10
258.38462822432257
 20
58.55607225761291
 10
258.39614778133773
 20
58.47841371226365
 10
258.4
 20
58.400000000000006
 10
258.4
 20
56.0
 10
258.39614778133773
 20
55.92158628773635
 10
258.38462822432257
 20
55.843927742387095
 10
258.36555226858576
 20
55.76777225819643
 10
258.339103626009
 20
55.69385325410793
 10
258.30553701147863
 20
55.6228826105392
 10
258.265175689842
 20
55.55554381358432
 10
258.2184083626902
 20
55.49248537266909
 10
258.16568542494923
 20
55.43431457505076
 10
258.1075146273309
 20
55.38159163730981
 10
258.04445618641563
 20
55.33482431015796
 10
257.9771173894608
 20
55.29446298852132
 10
257.90614674589204
 20
55.260896373990974
 10
257.83222774180354
 20
55.234447731414235
 10
257.75607225761286
 20
55.21537177567742
 10
257.6784137122636
 20
55.20385221866224
  0
LWPOLYLINE
  5
12F
330
17
100
AcDbEntity
  8
CUT
100
AcDbPolyline
 90
68
 70
1
 10
266.19999999999993
 20
54.300000000000004
 10
262.6
 20
54.300000000000004
 10
262.4921811456375
 20
54.30529680066059
 10
262.3854006457823
 20
54.321136191556455
 10
262.2806868550201
 20
54.347365630694576
 10
262.1790482243984
 20
54.38373251423759
 10
262.0814635894914
 20
54.429886609216815
 10
261.9888727436785
 20
54.48538342646721
 10
261.90216738742004
 20
54.549688501301
 10
261.8221825406948
 20
54.6221825406948
 10
261.749688501301
 20
54.70216738742
 10
261.68538342646724
 20
54.788872743678446
 10
261.62988660921684
 20
54.88146358949141
 10
261.5837325142376
 20
54.979048224398404
 10
261.54736563069457
 20
55.0806868550201
 10
261.5211361915565
 20
55.185400645782266
 10
261.50529680066063
 20
55.29218114563749
 10
261.5
 20
55.400000000000006
 10
261.5
 20
59.0
 10
261.50529680066063
 20
59.10781885436252
 10
261.5211361915565
 20
59.21459935421774
 10
261.54736563069457
 20
59.31931314497991
 10
261.5837325142376
 20
59.4209517756016
 10
261.62988660921684
 20
59.518536410508595
 10
261.68538342646724
 20
59.61112725632156
 10
261.749688501301
 20
59.69783261258001
 10
261.8221825406948
 20
59.777817459305204
 10
261.90216738742004
 20
59.850311498699014
 10
261.9888727436785
 20
59.9146165735328
 10
262.0814635894914
 20
59.97011339078319
 10
262.1790482243984
 20
60.01626748576241
 10
262.2806868550201
 20
60.05263436930543
 10
262.3854006457823
 20
60.07886380844355
 10
262.4921811456375
 20
60.09470319933941
 10
262.6
 20
60.1
 10
266.19999999999993
 20
60.1
 10
266.30781885436244
 20
60.09470319933941
 10
266.41459935421767
 20
60.07886380844355
 10
266.51931314497983
 20
60.05263436930543
 10
266.62095177560155
 20
60.01626748576241
 10
266.71853641050853
 20
59.97011339078319
 10
266.81112725632147
 20
59.9146165735328
 10
266.8978326125799
 20
59.850311498699014
 10
266.97781745930513
 20
59.777817459305204
 10
267.05031149869893
 20
59.69783261258001
 10
267.1146165735327
 20
59.61112725632156
 10
267.1701133907831
 20
59.518536410508595
 10
267.21626748576233
 20
59.4209517756016
 10
267.2526343693054
 20
59.31931314497991
 10
267.2788638084435
 20
59.21459935421774
 10
267.2947031993393
 20
59.10781885436252
 10
267.29999999999995
 20
59.0
 10
267.29999999999995
 20
55.400000000000006
 10
267.2947031993393
 20
55.29218114563749
 10
267.2788638084435
 20
55.185400645782266
 10
267.2526343693054
 20
55.0806868550201
 10
267.21626748576233
 20
54.979048224398404
 10
267.1701133907831
 20
54.88146358949141
 10
267.1146165735327
 20
54.788872743678446
 10
267.05031149869893
 20
54.70216738742
 10
266.97781745930513
 20
54.6221825406948
 10
266.8978326125799
 20
54.54968850130099
 10
266.81112725632147
 20
54.48538342646721
 10
266.71853641050853
 20
54.429886609216815
 10
266.62095177560155
 20
54.38373251423759
 10
266.51931314497983
 20
54.347365630694576
 10
266.41459935421767
 20
54.321136191556455
 10
266.30781885436244
 20
54.30529680066059
  0
LWPOLYLINE
  5
130
330
17
100
AcDbEntity
  8
CUT
100
AcDbPolyline
 90
68
 70
1
 10
249.14900857016477
 20
64.0024076366639
 10
249.1
 20
64.0
 10
247.70000000000002
 20
64.0
 10
247.65099142983524
 20
64.0024076366639
 10
247.60245483899195
 20
64.00960735979838
 10
247.55485766137278
 20
64.0215298321339
 10
247.50865828381748
 20
64.03806023374436
 10
247.464301631587
 20
64.05903936782582
 10
247.42221488349023
 20
64.08426519384872
 10
247.3828033579182
 20
64.11349477331864
 10
247.34644660940674
 20
64.14644660940672
 10
247.31349477331864
 20
64.18280335791817
 10
247.28426519384874
 20
64.2222148834902
 10
247.25903936782584
 20
64.264301631587
 10
247.23806023374436
 20
64.30865828381745
 10
247.2215298321339
 20
64.35485766137276
 10
247.2096073597984
 20
64.40245483899193
 10
247.2024076366639
 20
64.45099142983521
 10
247.20000000000002
 20
64.5
 10
247.20000000000002
 20
65.9
 10
247.2024076366639
 20
65.94900857016479
 10
247.2096073597984
 20
65.99754516100808
 10
247.2215298321339
 20
66.04514233862724
 10
247.23806023374436
 20
66.09134171618255
 10
247.25903936782584
 20
66.135698368413
 10
247.28426519384874
 20
66.17778511650981
 10
247.31349477331864
 20
66.21719664208183
 10
247.34644660940674
 20
66.25355339059328
 10
247.3828033579182
 20
66.28650522668137
 10
247.42221488349023
 20
66.31573480615128
 10
247.464301631587
 20
66.34096063217419
 10
247.50865828381748
 20
66.36193976625565
 10
247.55485766137278
 20
66.37847016786611
 10
247.60245483899195
 20
66.39039264020163
 10
247.65099142983524
 20
66.3975923633361
 10
247.70000000000002
 20
66.4
 10
249.1
 20
66.4
 10
249.14900857016477
 20
66.3975923633361
 10
249.19754516100807
 20
66.39039264020163
 10
249.24514233862723
 20
66.37847016786611
 10
249.29134171618253
 20
66.36193976625565
 10
249.335698368413
 20
66.34096063217419
 10
249.37778511650978
 20
66.31573480615128
 10
249.41719664208182
 20
66.28650522668137
 10
249.45355339059327
 20
66.25355339059328
 10
249.48650522668137
 20
66.21719664208183
 10
249.51573480615127
 20
66.17778511650981
 10
249.54096063217418
 20
66.135698368413
 10
249.56193976625565
 20
66.09134171618255
 10
249.5784701678661
 20
66.04514233862724
 10
249.5903926402016
 20
65.99754516100808
 10
249.5975923633361
 20
65.94900857016479
 10
249.6
 20
65.9
 10
249.6
 20
64.5
 10
249.5975923633361
 20
64.45099142983521
 10
249.5903926402016
 20
64.40245483899193
 10
249.5784701678661
 20
64.35485766137276
 10
249.56193976625565
 20
64.30865828381745
 10
249.54096063217418
 20
64.264301631587
 10
249.51573480615127
 20
64.2222148834902
 10
249.48650522668137
 20
64.18280335791817
 10
249.45355339059327
 20
64.14644660940672
 10
249.41719664208182
 20
64.11349477331864
 10
249.37778511650978
 20
64.08426519384872
 10
249.335698368413
 20
64.05903936782582
 10
249.29134171618253
 20
64.03806023374436
 10
249.24514233862723
 20
64.0215298321339
 10
249.19754516100807
 20
64.00960735979838
  0
LWPOLYLINE
  5
131
330
17
100
AcDbEntity
  8
CUT
100
AcDbPolyline
 90
68
 70
1
 10
257.59999999999997
 20
63.2
 10
255.2
 20
63.2
 10
255.12158628773633
 20
63.20385221866224
 10
255.0439277423871
 20
63.21537177567742
 10
254.96777225819642
 20
63.234447731414235
 10
254.8938532541079
 20
63.260896373990974
 10
254.82288261053918
 20
63.29446298852132
 10
254.7555438135843
 20
63.33482431015796
 10
254.69248537266907
 20
63.38159163730981
 10
254.63431457505075
 20
63.43431457505076
 10
254.5815916373098
 20
63.49248537266909
 10
254.53482431015794
 20
63.55554381358432
 10
254.4944629885213
 20
63.6228826105392
 10
254.46089637399095
 20
63.69385325410793
 10
254.43444773141422
 20
63.76777225819643
 10
254.41537177567741
 20
63.843927742387095
 10
254.40385221866222
 20
63.92158628773635
 10
254.39999999999998
 20
64.0
 10
254.39999999999998
 20
66.4
 10
254.40385221866222
 20
66.47841371226366
 10
254.41537177567741
 20
66.55607225761291
 10
254.43444773141422
 20
66.63222774180358
 10
254.46089637399095
 20
66.70614674589208
 10
254.4944629885213
 20
66.7771173894608
 10
254.53482431015794
 20
66.84445618641568
 10
254.5815916373098
 20
66.90751462733093
 10
254.63431457505075
 20
66.96568542494924
 10
254.69248537266907
 20
67.0184083626902
 10
254.7555438135843
 20
67.06517568984204
 10
254.82288261053918
 20
67.10553701147869
 10
254.8938532541079
 20
67.13910362600903
 10
254.96777225819642
 20
67.16555226858577
 10
255.0439277423871
 20
67.1846282243226
 10
255.12158628773633
 20
67.19614778133776
 10
255.2
 20
67.2
 10
257.59999999999997
 20
67.2
 10
257.6784137122636
 20
67.19614778133776
 10
257.75607225761286
 20
67.1846282243226
 10
257.83222774180354
 20
67.16555226858577
 10
257.90614674589204
 20
67.13910362600903
 10
257.9771173894608
 20
67.10553701147869
 10
258.04445618641563
 20
67.06517568984204
 10
258.1075146273309
 20
67.0184083626902
 10
258.16568542494923
 20
66.96568542494924
 10
258.2184083626902
 20
66.90751462733093
 10
258.265175689842
 20
66.84445618641568
 10
258.30553701147863
 20
66.7771173894608
 10
258.339103626009
 20
66.70614674589208
 10
258.36555226858576
 20
66.63222774180358
 10
258.38462822432257
 20
66.55607225761291
 10
258.39614778133773
 20
66.47841371226366
 10
258.4
 20
66.4
 10
258.4
 20
64.0
 10
258.39614778133773
 20
63.92158628773635
 10
258.38462822432257
 20
63.843927742387095
 10
258.36555226858576
 20
63.76777225819643
 10
258.339103626009
 20
63.69385325410793
 10
258.30553701147863
 20
63.6228826105392
 10
258.265175689842
 20
63.55554381358432
 10
258.2184083626902
 20
63.49248537266909
 10
258.16568542494923
 20
63.43431457505076
 10
258.1075146273309
 20
63.38159163730981
 10
258.04445618641563
 20
63.33482431015796
 10
257.9771173894608
 20
63.29446298852132
 10
257.90614674589204
 20
63.260896373990974
 10
257.83222774180354
 20
63.234447731414235
 10
257.75607225761286
 20
63.21537177567742
 10
257.6784137122636
 20
63.20385221866224
  0
LWPOLYLINE
  5
132
330
17
100
AcDbEntity
  8
CUT
100
AcDbPolyline
 90
68
 70
1
 10
265.59999999999997
 20
63.2
 10
263.2
 20
63.2
 10
263.12158628773636
 20
63.20385221866224
 10
263.0439277423871
 20
63.21537177567742
 10
262.9677722581964
 20
63.234447731414235
 10
262.8938532541079
 20
63.260896373990974
 10
262.8228826105392
 20
63.29446298852132
 10
262.7555438135843
 20
63.33482431015796
 10
262.69248537266907
 20
63.38159163730981
 10
262.6343145750507
 20
63.43431457505076
 10
262.58159163730977
 20
63.49248537266909
 10
262.53482431015794
 20
63.55554381358432
 10
262.4944629885213
 20
63.6228826105392
 10
262.460896373991
 20
63.69385325410793
 10
262.4344477314142
 20
63.76777225819643
 10
262.4153717756774
 20
63.843927742387095
 10
262.4038522186622
 20
63.92158628773635
 10
262.4
 20
64.0
 10
262.4
 20
66.4
 10
262.4038522186622
 20
66.47841371226366
 10
262.4153717756774
 20
66.55607225761291
 10
262.4344477314142
 20
66.63222774180358
 10
262.460896373991
 20
66.70614674589208
 10
262.4944629885213
 20
66.7771173894608
 10
262.53482431015794
 20
66.84445618641568
 10
262.58159163730977
 20
66.90751462733093
 10
262.6343145750507
 20
66.96568542494924
 10
262.69248537266907
 20
67.0184083626902
 10
262.7555438135843
 20
67.06517568984204
 10
262.8228826105392
 20
67.10553701147869
 10
262.8938532541079
 20
67.13910362600903
 10
262.9677722581964
 20
67.16555226858577
 10
263.0439277423871
 20
67.1846282243226
 10
263.12158628773636
 20
67.19614778133776
 10
263.2
 20
67.2
 10
265.59999999999997
 20
67.2
 10
265.6784137122636
 20
67.19614778133776
 10
265.75607225761286
 20
67.1846282243226
 10
265.83222774180354
 20
67.16555226858577
 10
265.90614674589204
 20
67.13910362600903
 10
265.9771173894608
 20
67.10553701147869
 10
266.04445618641563
 20
67.06517568984204
 10
266.1075146273309
 20
67.0184083626902
 10
266.16568542494923
 20
66.96568542494924
 10
266.2184083626902
 20
66.90751462733093
 10
266.265175689842
 20
66.84445618641568
 10
266.30553701147863
 20
66.7771173894608
 10
266.339103626009
 20
66.70614674589208
 10
266.36555226858576
 20
66.63222774180358
 10
266.38462822432257
 20
66.55607225761291
 10
266.39614778133773
 20
66.47841371226366
 10
266.4
 20
66.4
 10
266.4
 20
64.0
 10
266.39614778133773
 20
63.92158628773635
 10
266.38462822432257
 20
63.843927742387095
 10
266.36555226858576
 20
63.76777225819643
 10
266.339103626009
 20
63.69385325410793
 10
266.30553701147863
 20
63.6228826105392
 10
266.265175689842
 20
63.55554381358432
 10
266.2184083626902
 20
63.49248537266909
 10
266.16568542494923
 20
63.43431457505076
 10
266.1075146273309
 20
63.38159163730981
 10
266.04445618641563
 20
63.33482431015796
 10
265.9771173894608
 20
63.29446298852132
 10
265.90614674589204
 20
63.260896373990974
 10
265.83222774180354
 20
63.234447731414235
 10
265.75607225761286
 20
63.21537177567742
 10
265.6784137122636
 20
63.20385221866224
  0
LWPOLYLINE
  5
133
330
17
100
AcDbEntity
  8
CUT
100
AcDbPolyline
 90
68
 70
1
 10
257.14900857016477
 20
72.0024076366639
 10
257.09999999999997
 20
72.0
 10
255.7
 20
72.0
 10
255.65099142983522
 20
72.0024076366639
 10
255.60245483899192
 20
72.00960735979838
 10
255.55485766137275
 20
72.0215298321339
 10
255.50865828381745
 20
72.03806023374436
 10
255.46430163158698
 20
72.05903936782582
 10
255.4222148834902
 20
72.08426519384872
 10
255.38280335791816
 20
72.11349477331864
 10
255.3464466094067
 20
72.14644660940672
 10
255.3134947733186
 20
72.18280335791817
 10
255.2842651938487
 20
72.2222148834902
 10
255.2590393678258
 20
72.264301631587
 10
255.23806023374433
 20
72.30865828381745
 10
255.22152983213388
 20
72.35485766137276
 10
255.20960735979838
 20
72.40245483899193
 10
255.20240763666388
 20
72.45099142983521
 10
255.2
 20
72.5
 10
255.2
 20
73.9
 10
255.20240763666388
 20
73.94900857016479
 10
255.20960735979838
 20
73.99754516100808
 10
255.22152983213388
 20
74.04514233862724
 10
255.23806023374433
 20
74.09134171618255
 10
255.2590393678258
 20
74.135698368413
 10
255.2842651938487
 20
74.17778511650981
 10
255.3134947733186
 20
74.21719664208183
 10
255.3464466094067
 20
74.25355339059328
 10
255.38280335791816
 20
74.28650522668137
 10
255.4222148834902
 20
74.31573480615128
 10
255.46430163158698
 20
74.34096063217419
 10
255.50865828381745
 20
74.36193976625565
 10
255.55485766137275
 20
74.37847016786611
 10
255.60245483899192
 20
74.39039264020163
 10
255.65099142983522
 20
74.3975923633361
 10
255.7
 20
74.4
 10
257.09999999999997
 20
74.4
 10
257.14900857016477
 20
74.3975923633361
 10
257.197545161008
 20
74.39039264020163
 10
257.2451423386272
 20
74.37847016786611
 10
257.2913417161825
 20
74.36193976625565
 10
257.335698368413
 20
74.34096063217419
 10
257.37778511650976
 20
74.31573480615128
 10
257.41719664208176
 20
74.28650522668137
 10
257.45355339059324
 20
74.25355339059328
 10
257.48650522668134
 20
74.21719664208183
 10
257.5157348061512
 20
74.17778511650981
 10
257.5409606321741
 20
74.135698368413
 10
257.5619397662556
 20
74.09134171618255
 10
257.57847016786604
 20
74.04514233862724
 10
257.59039264020157
 20
73.99754516100808
 10
257.59759236333605
 20
73.94900857016479
 10
257.59999999999997
 20
73.9
 10
257.59999999999997
 20
72.5
 10
257.59759236333605
 20
72.45099142983521
 10
257.59039264020157
 20
72.40245483899193
 10
257.57847016786604
 20
72.35485766137276
 10
257.5619397662556
 20
72.30865828381745
 10
257.5409606321741
 20
72.264301631587
 10
257.5157348061512
 20
72.2222148834902
 10
257.48650522668134
 20
72.18280335791817
 10
257.45355339059324
 20
72.14644660940672
 10
257.41719664208176
 20
72.11349477331864
 10
257.37778511650976
 20
72.08426519384872
 10
257.335698368413
 20
72.05903936782582
 10
257.2913417161825
 20
72.03806023374436
 10
257.2451423386272
 20
72.0215298321339
 10
257.197545161008
 20
72.00960735979838
  0
LWPOLYLINE
  5
134
330
17
100
AcDbEntity
  8
CUT
100
AcDbPolyline
 90
68
 70
1
 10
265.6784137122636
 20
71.20385221866225
 10
265.59999999999997
 20
71.2
 10
263.2
 20
71.2
 10
263.12158628773636
 20
71.20385221866225
 10
263.0439277423871
 20
71.21537177567741
 10
262.9677722581964
 20
71.23444773141424
 10
262.8938532541079
 20
71.26089637399097
 10
262.8228826105392
 20
71.29446298852132
 10
262.7555438135843
 20
71.33482431015797
 10
262.69248537266907
 20
71.38159163730981
 10
262.6343145750507
 20
71.43431457505076
 10
262.58159163730977
 20
71.49248537266908
 10
262.53482431015794
 20
71.55554381358432
 10
262.4944629885213
 20
71.62288261053921
 10
262.460896373991
 20
71.69385325410792
 10
262.4344477314142
 20
71.76777225819643
 10
262.4153717756774
 20
71.8439277423871
 10
262.4038522186622
 20
71.92158628773635
 10
262.4
 20
72.0
 10
262.4
 20
74.4
 10
262.4038522186622
 20
74.47841371226366
 10
262.4153717756774
 20
74.55607225761291
 10
262.4344477314142
 20
74.63222774180358
 10
262.460896373991
 20
74.70614674589208
 10
262.4944629885213
 20
74.7771173894608
 10
262.53482431015794
 20
74.84445618641568
 10
262.58159163730977
 20
74.90751462733093
 10
262.6343145750507
 20
74.96568542494924
 10
262.69248537266907
 20
75.0184083626902
 10
262.7555438135843
 20
75.06517568984204
 10
262.8228826105392
 20
75.10553701147869
 10
262.8938532541079
 20
75.13910362600903
 10
262.9677722581964
 20
75.16555226858577
 10
263.0439277423871
 20
75.1846282243226
 10
263.12158628773636
 20
75.19614778133776
 10
263.2
 20
75.2
 10
265.59999999999997
 20
75.2
 10
265.6784137122636
 20
75.19614778133776
 10
265.75607225761286
 20
75.1846282243226
 10
265.83222774180354
 20
75.16555226858577
 10
265.90614674589204
 20
75.13910362600903
 10
265.9771173894608
 20
75.10553701147869
 10
266.04445618641563
 20
75.06517568984204
 10
266.1075146273309
 20
75.0184083626902
 10
266.16568542494923
 20
74.96568542494924
 10
266.2184083626902
 20
74.90751462733093
 10
266.265175689842
 20
74.84445618641568
 10
266.30553701147863
 20
74.7771173894608
 10
266.339103626009
 20
74.70614674589208
 10
266.36555226858576
 20
74.63222774180358
 10
266.38462822432257
 20
74.55607225761291
 10
266.39614778133773
 20
74.47841371226366
 10
266.4
 20
74.4
 10
266.4
 20
72.0
 10
266.39614778133773
 20
71.92158628773635
 10
266.38462822432257
 20
71.8439277423871
 10
266.36555226858576
 20
71.76777225819643
 10
266.339103626009
 20
71.69385325410792
 10
266.30553701147863
 20
71.62288261053921
 10
266.265175689842
 20
71.55554381358432
 10
266.2184083626902
 20
71.49248537266908
 10
266.16568542494923
 20
71.43431457505076
 10
266.1075146273309
 20
71.38159163730981
 10
266.04445618641563
 20
71.33482431015797
 10
265.9771173894608
 20
71.29446298852132
 10
265.90614674589204
 20
71.26089637399097
 10
265.83222774180354
 20
71.23444773141424
 10
265.75607225761286
 20
71.21537177567741
  0
LWPOLYLINE
  5
135
330
17
100
AcDbEntity
  8
CUT
100
AcDbPolyline
 90
68
 70
1
 10
201.1
 20
80.0
 10
199.70000000000002
 20
80.0
 10
199.65099142983524
 20
80.0024076366639
 10
199.60245483899195
 20
80.00960735979838
 10
199.55485766137278
 20
80.0215298321339
 10
199.50865828381748
 20
80.03806023374436
 10
199.464301631587
 20
80.05903936782582
 10
199.42221488349023
 20
80.08426519384872
 10
199.3828033579182
 20
80.11349477331864
 10
199.34644660940674
 20
80.14644660940672
 10
199.31349477331864
 20
80.18280335791817
 10
199.28426519384874
 20
80.2222148834902
 10
199.25903936782584
 20
80.264301631587
 10
199.23806023374436
 20
80.30865828381745
 10
199.2215298321339
 20
80.35485766137276
 10
199.2096073597984
 20
80.40245483899193
 10
199.2024076366639
 20
80.45099142983521
 10
199.20000000000002
 20
80.5
 10
199.20000000000002
 20
81.9
 10
199.2024076366639
 20
81.94900857016479
 10
199.2096073597984
 20
81.99754516100808
 10
199.2215298321339
 20
82.04514233862724
 10
199.23806023374436
 20
82.09134171618255
 10
199.25903936782584
 20
82.135698368413
 10
199.28426519384874
 20
82.17778511650981
 10
199.31349477331864
 20
82.21719664208183
 10
199.34644660940674
 20
82.25355339059328
 10
199.3828033579182
 20
82.28650522668137
 10
199.42221488349023
 20
82.31573480615128
 10
199.464301631587
 20
82.34096063217419
 10
199.50865828381748
 20
82.36193976625565
 10
199.55485766137278
 20
82.37847016786611
 10
199.60245483899195
 20
82.39039264020163
 10
199.65099142983524
 20
82.3975923633361
 10
199.70000000000002
 20
82.4
 10
201.1
 20
82.4
 10
201.14900857016477
 20
82.3975923633361
 10
201.19754516100807
 20
82.39039264020163
 10
201.24514233862723
 20
82.37847016786611
 10
201.29134171618253
 20
82.36193976625565
 10
201.335698368413
 20
82.34096063217419
 10
201.37778511650978
 20
82.31573480615128
 10
201.41719664208182
 20
82.28650522668137
 10
201.45355339059327
 20
82.25355339059328
 10
201.48650522668137
 20
82.21719664208183
 10
201.51573480615127
 20
82.17778511650981
 10
201.54096063217418
 20
82.135698368413
 10
201.56193976625565
 20
82.09134171618255
 10
201.5784701678661
 20
82.04514233862724
 10
201.5903926402016
 20
81.99754516100808
 10
201.5975923633361
 20
81.94900857016479
 10
201.6
 20
81.9
 10
201.6
 20
80.5
 10
201.5975923633361
 20
80.45099142983521
 10
201.5903926402016
 20
80.40245483899193
 10
201.5784701678661
 20
80.35485766137276
 10
201.56193976625565
 20
80.30865828381745
 10
201.54096063217418
 20
80.264301631587
 10
201.51573480615127
 20
80.2222148834902
 10
201.48650522668137
 20
80.18280335791817
 10
201.45355339059327
 20
80.14644660940672
 10
201.41719664208182
 20
80.11349477331864
 10
201.37778511650978
 20
80.08426519384872
 10
201.335698368413
 20
80.05903936782582
 10
201.29134171618253
 20
80.03806023374436
 10
201.24514233862723
 20
80.0215298321339
 10
201.19754516100807
 20
80.00960735979838
 10
201.14900857016477
 20
80.0024076366639
  0
LWPOLYLINE
  5
136
330
17
100
AcDbEntity
  8
CUT
100
AcDbPolyline
 90
68
 70
1
 10
257.09999999999997
 20
80.0
 10
255.7
 20
80.0
 10
255.65099142983522
 20
80.0024076366639
 10
255.60245483899192
 20
80.00960735979838
 10
255.55485766137275
 20
80.0215298321339
 10
255.50865828381745
 20
80.03806023374436
 10
255.46430163158698
 20
80.05903936782582
 10
255.4222148834902
 20
80.08426519384872
 10
255.38280335791816
 20
80.11349477331864
 10
255.3464466094067
 20
80.14644660940672
 10
255.3134947733186
 20
80.18280335791817
 10
255.2842651938487
 20
80.2222148834902
 10
255.2590393678258
 20
80.264301631587
 10
255.23806023374433
 20
80.30865828381745
 10
255.22152983213388
 20
80.35485766137276
 10
255.20960735979838
 20
80.40245483899193
 10
255.20240763666388
 20
80.45099142983521
 10
255.2
 20
80.5
 10
255.2
 20
81.9
 10
255.20240763666388
 20
81.94900857016479
 10
255.20960735979838
 20
81.99754516100808
 10
255.22152983213388
 20
82.04514233862724
 10
255.23806023374433
 20
82.09134171618255
 10
255.2590393678258
 20
82.135698368413
 10
255.2842651938487
 20
82.17778511650981
 10
255.3134947733186
 20
82.21719664208183
 10
255.3464466094067
 20
82.25355339059328
 10
255.38280335791816
 20
82.28650522668137
 10
255.4222148834902
 20
82.31573480615128
 10
255.46430163158698
 20
82.34096063217419
 10
255.50865828381745
 20
82.36193976625565
 10
255.55485766137275
 20
82.37847016786611
 10
255.60245483899192
 20
82.39039264020163
 10
255.65099142983522
 20
82.3975923633361
 10
255.7
 20
82.4
 10
257.09999999999997
 20
82.4
 10
257.14900857016477
 20
82.3975923633361
 10
257.197545161008
 20
82.39039264020163
 10
257.2451423386272
 20
82.37847016786611
 10
257.2913417161825
 20
82.36193976625565
 10
257.335698368413
 20
82.34096063217419
 10
257.37778511650976
 20
82.31573480615128
 10
257.41719664208176
 20
82.28650522668137
 10
257.45355339059324
 20
82.25355339059328
 10
257.48650522668134
 20
82.21719664208183
 10
257.5157348061512
 20
82.17778511650981
 10
257.5409606321741
 20
82.135698368413
 10
257.5619397662556
 20
82.09134171618255
 10
257.57847016786604
 20
82.04514233862724
 10
257.59039264020157
 20
81.99754516100808
 10
257.59759236333605
 20
81.94900857016479
 10
257.59999999999997
 20
81.9
 10
257.59999999999997
 20
80.5
 10
257.59759236333605
 20
80.45099142983521
 10
257.59039264020157
 20
80.40245483899193
 10
257.57847016786604
 20
80.35485766137276
 10
257.5619397662556
 20
80.30865828381745
 10
257.5409606321741
 20
80.264301631587
 10
257.5157348061512
 20
80.2222148834902
 10
257.48650522668134
 20
80.18280335791817
 10
257.45355339059324
 20
80.14644660940672
 10
257.41719664208176
 20
80.11349477331864
 10
257.37778511650976
 20
80.08426519384872
 10
257.335698368413
 20
80.05903936782582
 10
257.2913417161825
 20
80.03806023374436
 10
257.2451423386272
 20
80.0215298321339
 10
257.197545161008
 20
80.00960735979838
 10
257.14900857016477
 20
80.0024076366639
  0
LWPOLYLINE
  5
137
330
17
100
AcDbEntity
  8
CUT
100
AcDbPolyline
 90
68
 70
1
 10
217.1
 20
88.0
 10
215.70000000000002
 20
88.0
 10
215.65099142983524
 20
88.0024076366639
 10
215.60245483899195
 20
88.00960735979838
 10
215.55485766137278
 20
88.0215298321339
 10
215.50865828381748
 20
88.03806023374436
 10
215.464301631587
 20
88.05903936782582
 10
215.42221488349023
 20
88.08426519384872
 10
215.3828033579182
 20
88.11349477331864
 10
215.34644660940674
 20
88.14644660940672
 10
215.31349477331864
 20
88.18280335791817
 10
215.28426519384874
 20
88.2222148834902
 10
215.25903936782584
 20
88.264301631587
 10
215.23806023374436
 20
88.30865828381745
 10
215.2215298321339
 20
88.35485766137276
 10
215.2096073597984
 20
88.40245483899193
 10
215.2024076366639
 20
88.45099142983521
 10
215.20000000000002
 20
88.5
 10
215.20000000000002
 20
89.9
 10
215.2024076366639
 20
89.94900857016479
 10
215.2096073597984
 20
89.99754516100808
 10
215.2215298321339
 20
90.04514233862724
 10
215.23806023374436
 20
90.09134171618255
 10
215.25903936782584
 20
90.135698368413
 10
215.28426519384874
 20
90.17778511650981
 10
215.31349477331864
 20
90.21719664208183
 10
215.34644660940674
 20
90.25355339059328
 10
215.3828033579182
 20
90.28650522668137
 10
215.42221488349023
 20
90.31573480615128
 10
215.464301631587
 20
90.34096063217419
 10
215.50865828381748
 20
90.36193976625565
 10
215.55485766137278
 20
90.37847016786611
 10
215.60245483899195
 20
90.39039264020163
 10
215.65099142983524
 20
90.3975923633361
 10
215.70000000000002
 20
90.4
 10
217.1
 20
90.4
 10
217.14900857016477
 20
90.3975923633361
 10
217.19754516100807
 20
90.39039264020163
 10
217.24514233862723
 20
90.37847016786611
 10
217.29134171618253
 20
90.36193976625565
 10
217.335698368413
 20
90.34096063217419
 10
217.37778511650978
 20
90.31573480615128
 10
217.41719664208182
 20
90.28650522668137
 10
217.45355339059327
 20
90.25355339059328
 10
217.48650522668137
 20
90.21719664208183
 10
217.51573480615127
 20
90.17778511650981
 10
217.54096063217418
 20
90.135698368413
 10
217.56193976625565
 20
90.09134171618255
 10
217.5784701678661
 20
90.04514233862724
 10
217.5903926402016
 20
89.99754516100808
 10
217.5975923633361
 20
89.94900857016479
 10
217.6
 20
89.9
 10
217.6
 20
88.5
 10
217.5975923633361
 20
88.45099142983521
 10
217.5903926402016
 20
88.40245483899193
 10
217.5784701678661
 20
88.35485766137276
 10
217.56193976625565
 20
88.30865828381745
 10
217.54096063217418
 20
88.264301631587
 10
217.51573480615127
 20
88.2222148834902
 10
217.48650522668137
 20
88.18280335791817
 10
217.45355339059327
 20
88.14644660940672
 10
217.41719664208182
 20
88.11349477331864
 10
217.37778511650978
 20
88.08426519384872
 10
217.335698368413
 20
88.05903936782582
 10
217.29134171618253
 20
88.03806023374436
 10
217.24514233862723
 20
88.0215298321339
 10
217.19754516100807
 20
88.00960735979838
 10
217.14900857016477
 20
88.0024076366639
  0
LWPOLYLINE
  5
138
330
17
100
AcDbEntity
  8
CUT
100
AcDbPolyline
 90
68
 70
1
 10
225.1
 20
88.0
 10
223.70000000000002
 20
88.0
 10
223.65099142983524
 20
88.0024076366639
 10
223.60245483899195
 20
88.00960735979838
 10
223.55485766137278
 20
88.0215298321339
 10
223.50865828381748
 20
88.03806023374436
 10
223.464301631587
 20
88.05903936782582
 10
223.42221488349023
 20
88.08426519384872
 10
223.3828033579182
 20
88.11349477331864
 10
223.34644660940674
 20
88.14644660940672
 10
223.31349477331864
 20
88.18280335791817
 10
223.28426519384874
 20
88.2222148834902
 10
223.25903936782584
 20
88.264301631587
 10
223.23806023374436
 20
88.30865828381745
 10
223.2215298321339
 20
88.35485766137276
 10
223.2096073597984
 20
88.40245483899193
 10
223.2024076366639
 20
88.45099142983521
 10
223.20000000000002
 20
88.5
 10
223.20000000000002
 20
89.9
 10
223.2024076366639
 20
89.94900857016479
 10
223.2096073597984
 20
89.99754516100808
 10
223.2215298321339
 20
90.04514233862724
 10
223.23806023374436
 20
90.09134171618255
 10
223.25903936782584
 20
90.135698368413
 10
223.28426519384874
 20
90.17778511650981
 10
223.31349477331864
 20
90.21719664208183
 10
223.34644660940674
 20
90.25355339059328
 10
223.3828033579182
 20
90.28650522668137
 10
223.42221488349023
 20
90.31573480615128
 10
223.464301631587
 20
90.34096063217419
 10
223.50865828381748
 20
90.36193976625565
 10
223.55485766137278
 20
90.37847016786611
 10
223.60245483899195
 20
90.39039264020163
 10
223.65099142983524
 20
90.3975923633361
 10
223.70000000000002
 20
90.4
 10
225.1
 20
90.4
 10
225.14900857016477
 20
90.3975923633361
 10
225.19754516100807
 20
90.39039264020163
 10
225.24514233862723
 20
90.37847016786611
 10
225.29134171618253
 20
90.36193976625565
 10
225.335698368413
 20
90.34096063217419
 10
225.37778511650978
 20
90.31573480615128
 10
225.41719664208182
 20
90.28650522668137
 10
225.45355339059327
 20
90.25355339059328
 10
225.48650522668137
 20
90.21719664208183
 10
225.51573480615127
 20
90.17778511650981
 10
225.54096063217418
 20
90.135698368413
 10
225.56193976625565
 20
90.09134171618255
 10
225.5784701678661
 20
90.04514233862724
 10
225.5903926402016
 20
89.99754516100808
 10
225.5975923633361
 20
89.94900857016479
 10
225.6
 20
89.9
 10
225.6
 20
88.5
 10
225.5975923633361
 20
88.45099142983521
 10
225.5903926402016
 20
88.40245483899193
 10
225.5784701678661
 20
88.35485766137276
 10
225.56193976625565
 20
88.30865828381745
 10
225.54096063217418
 20
88.264301631587
 10
225.51573480615127
 20
88.2222148834902
 10
225.48650522668137
 20
88.18280335791817
 10
225.45355339059327
 20
88.14644660940672
 10
225.41719664208182
 20
88.11349477331864
 10
225.37778511650978
 20
88.08426519384872
 10
225.335698368413
 20
88.05903936782582
 10
225.29134171618253
 20
88.03806023374436
 10
225.24514233862723
 20
88.0215298321339
 10
225.19754516100807
 20
88.00960735979838
 10
225.14900857016477
 20
88.0024076366639
  0
LWPOLYLINE
  5
139
330
17
100
AcDbEntity
  8
CUT
100
AcDbPolyline
 90
68
 70
1
 10
233.1
 20
88.0
 10
231.70000000000002
 20
88.0
 10
231.65099142983524
 20
88.0024076366639
 10
231.60245483899195
 20
88.00960735979838
 10
231.55485766137278
 20
88.0215298321339
 10
231.50865828381748
 20
88.03806023374436
 10
231.464301631587
 20
88.05903936782582
 10
231.42221488349023
 20
88.08426519384872
 10
231.3828033579182
 20
88.11349477331864
 10
231.34644660940674
 20
88.14644660940672
 10
231.31349477331864
 20
88.18280335791817
 10
231.28426519384874
 20
88.2222148834902
 10
231.25903936782584
 20
88.264301631587
 10
231.23806023374436
 20
88.30865828381745
 10
231.2215298321339
 20
88.35485766137276
 10
231.2096073597984
 20
88.40245483899193
 10
231.2024076366639
 20
88.45099142983521
 10
231.20000000000002
 20
88.5
 10
231.20000000000002
 20
89.9
 10
231.2024076366639
 20
89.94900857016479
 10
231.2096073597984
 20
89.99754516100808
 10
231.2215298321339
 20
90.04514233862724
 10
231.23806023374436
 20
90.09134171618255
 10
231.25903936782584
 20
90.135698368413
 10
231.28426519384874
 20
90.17778511650981
 10
231.31349477331864
 20
90.21719664208183
 10
231.34644660940674
 20
90.25355339059328
 10
231.3828033579182
 20
90.28650522668137
 10
231.42221488349023
 20
90.31573480615128
 10
231.464301631587
 20
90.34096063217419
 10
231.50865828381748
 20
90.36193976625565
 10
231.55485766137278
 20
90.37847016786611
 10
231.60245483899195
 20
90.39039264020163
 10
231.65099142983524
 20
90.3975923633361
 10
231.70000000000002
 20
90.4
 10
233.1
 20
90.4
 10
233.14900857016477
 20
90.3975923633361
 10
233.19754516100807
 20
90.39039264020163
 10
233.24514233862723
 20
90.37847016786611
 10
233.29134171618253
 20
90.36193976625565
 10
233.335698368413
 20
90.34096063217419
 10
233.37778511650978
 20
90.31573480615128
 10
233.41719664208182
 20
90.28650522668137
 10
233.45355339059327
 20
90.25355339059328
 10
233.48650522668137
 20
90.21719664208183
 10
233.51573480615127
 20
90.17778511650981
 10
233.54096063217418
 20
90.135698368413
 10
233.56193976625565
 20
90.09134171618255
 10
233.5784701678661
 20
90.04514233862724
 10
233.5903926402016
 20
89.99754516100808
 10
233.5975923633361
 20
89.94900857016479
 10
233.6
 20
89.9
 10
233.6
 20
88.5
 10
233.5975923633361
 20
88.45099142983521
 10
233.5903926402016
 20
88.40245483899193
 10
233.5784701678661
 20
88.35485766137276
 10
233.56193976625565
 20
88.30865828381745
 10
233.54096063217418
 20
88.264301631587
 10
233.51573480615127
 20
88.2222148834902
 10
233.48650522668137
 20
88.18280335791817
 10
233.45355339059327
 20
88.14644660940672
 10
233.41719664208182
 20
88.11349477331864
 10
233.37778511650978
 20
88.08426519384872
 10
233.335698368413
 20
88.05903936782582
 10
233.29134171618253
 20
88.03806023374436
 10
233.24514233862723
 20
88.0215298321339
 10
233.19754516100807
 20
88.00960735979838
 10
233.14900857016477
 20
88.0024076366639
  0
LWPOLYLINE
  5
13A
330
17
100
AcDbEntity
  8
CUT
100
AcDbPolyline
 90
68
 70
1
 10
241.14900857016477
 20
88.0024076366639
 10
241.1
 20
88.0
 10
239.70000000000002
 20
88.0
 10
239.65099142983524
 20
88.0024076366639
 10
239.60245483899195
 20
88.00960735979838
 10
239.55485766137278
 20
88.0215298321339
 10
239.50865828381748
 20
88.03806023374436
 10
239.464301631587
 20
88.05903936782582
 10
239.42221488349023
 20
88.08426519384872
 10
239.3828033579182
 20
88.11349477331864
 10
239.34644660940674
 20
88.14644660940672
 10
239.31349477331864
 20
88.18280335791817
 10
239.28426519384874
 20
88.2222148834902
 10
239.25903936782584
 20
88.264301631587
 10
239.23806023374436
 20
88.30865828381745
 10
239.2215298321339
 20
88.35485766137276
 10
239.2096073597984
 20
88.40245483899193
 10
239.2024076366639
 20
88.45099142983521
 10
239.20000000000002
 20
88.5
 10
239.20000000000002
 20
89.9
 10
239.2024076366639
 20
89.94900857016479
 10
239.2096073597984
 20
89.99754516100808
 10
239.2215298321339
 20
90.04514233862724
 10
239.23806023374436
 20
90.09134171618255
 10
239.25903936782584
 20
90.135698368413
 10
239.28426519384874
 20
90.17778511650981
 10
239.31349477331864
 20
90.21719664208183
 10
239.34644660940674
 20
90.25355339059328
 10
239.3828033579182
 20
90.28650522668137
 10
239.42221488349023
 20
90.31573480615128
 10
239.464301631587
 20
90.34096063217419
 10
239.50865828381748
 20
90.36193976625565
 10
239.55485766137278
 20
90.37847016786611
 10
239.60245483899195
 20
90.39039264020163
 10
239.65099142983524
 20
90.3975923633361
 10
239.70000000000002
 20
90.4
 10
241.1
 20
90.4
 10
241.14900857016477
 20
90.3975923633361
 10
241.19754516100807
 20
90.39039264020163
 10
241.24514233862723
 20
90.37847016786611
 10
241.29134171618253
 20
90.36193976625565
 10
241.335698368413
 20
90.34096063217419
 10
241.37778511650978
 20
90.31573480615128
 10
241.41719664208182
 20
90.28650522668137
 10
241.45355339059327
 20
90.25355339059328
 10
241.48650522668137
 20
90.21719664208183
 10
241.51573480615127
 20
90.17778511650981
 10
241.54096063217418
 20
90.135698368413
 10
241.56193976625565
 20
90.09134171618255
 10
241.5784701678661
 20
90.04514233862724
 10
241.5903926402016
 20
89.99754516100808
 10
241.5975923633361
 20
89.94900857016479
 10
241.6
 20
89.9
 10
241.6
 20
88.5
 10
241.5975923633361
 20
88.45099142983521
 10
241.5903926402016
 20
88.40245483899193
 10
241.5784701678661
 20
88.35485766137276
 10
241.56193976625565
 20
88.30865828381745
 10
241.54096063217418
 20
88.264301631587
 10
241.51573480615127
 20
88.2222148834902
 10
241.48650522668137
 20
88.18280335791817
 10
241.45355339059327
 20
88.14644660940672
 10
241.41719664208182
 20
88.11349477331864
 10
241.37778511650978
 20
88.08426519384872
 10
241.335698368413
 20
88.05903936782582
 10
241.29134171618253
 20
88.03806023374436
 10
241.24514233862723
 20
88.0215298321339
 10
241.19754516100807
 20
88.00960735979838
  0
LWPOLYLINE
  5
13B
330
17
100
AcDbEntity
  8
CUT
100
AcDbPolyline
 90
68
 70
1
 10
249.1
 20
88.0
 10
247.70000000000002
 20
88.0
 10
247.65099142983524
 20
88.0024076366639
 10
247.60245483899195
 20
88.00960735979838
 10
247.55485766137278
 20
88.0215298321339
 10
247.50865828381748
 20
88.03806023374436
 10
247.464301631587
 20
88.05903936782582
 10
247.42221488349023
 20
88.08426519384872
 10
247.3828033579182
 20
88.11349477331864
 10
247.34644660940674
 20
88.14644660940672
 10
247.31349477331864
 20
88.18280335791817
 10
247.28426519384874
 20
88.2222148834902
 10
247.25903936782584
 20
88.264301631587
 10
247.23806023374436
 20
88.30865828381745
 10
247.2215298321339
 20
88.35485766137276
 10
247.2096073597984
 20
88.40245483899193
 10
247.2024076366639
 20
88.45099142983521
 10
247.20000000000002
 20
88.5
 10
247.20000000000002
 20
89.9
 10
247.2024076366639
 20
89.94900857016479
 10
247.2096073597984
 20
89.99754516100808
 10
247.2215298321339
 20
90.04514233862724
 10
247.23806023374436
 20
90.09134171618255
 10
247.25903936782584
 20
90.135698368413
 10
247.28426519384874
 20
90.17778511650981
 10
247.31349477331864
 20
90.21719664208183
 10
247.34644660940674
 20
90.25355339059328
 10
247.3828033579182
 20
90.28650522668137
 10
247.42221488349023
 20
90.31573480615128
 10
247.464301631587
 20
90.34096063217419
 10
247.50865828381748
 20
90.36193976625565
 10
247.55485766137278
 20
90.37847016786611
 10
247.60245483899195
 20
90.39039264020163
 10
247.65099142983524
 20
90.3975923633361
 10
247.70000000000002
 20
90.4
 10
249.1
 20
90.4
 10
249.14900857016477
 20
90.3975923633361
 10
249.19754516100807
 20
90.39039264020163
 10
249.24514233862723
 20
90.37847016786611
 10
249.29134171618253
 20
90.36193976625565
 10
249.335698368413
 20
90.34096063217419
 10
249.37778511650978
 20
90.31573480615128
 10
249.41719664208182
 20
90.28650522668137
 10
249.45355339059327
 20
90.25355339059328
 10
249.48650522668137
 20
90.21719664208183
 10
249.51573480615127
 20
90.17778511650981
 10
249.54096063217418
 20
90.135698368413
 10
249.56193976625565
 20
90.09134171618255
 10
249.5784701678661
 20
90.04514233862724
 10
249.5903926402016
 20
89.99754516100808
 10
249.5975923633361
 20
89.94900857016479
 10
249.6
 20
89.9
 10
249.6
 20
88.5
 10
249.5975923633361
 20
88.45099142983521
 10
249.5903926402016
 20
88.40245483899193
 10
249.5784701678661
 20
88.35485766137276
 10
249.56193976625565
 20
88.30865828381745
 10
249.54096063217418
 20
88.264301631587
 10
249.51573480615127
 20
88.2222148834902
 10
249.48650522668137
 20
88.18280335791817
 10
249.45355339059327
 20
88.14644660940672
 10
249.41719664208182
 20
88.11349477331864
 10
249.37778511650978
 20
88.08426519384872
 10
249.335698368413
 20
88.05903936782582
 10
249.29134171618253
 20
88.03806023374436
 10
249.24514233862723
 20
88.0215298321339
 10
249.19754516100807
 20
88.00960735979838
 10
249.14900857016477
 20
88.0024076366639
  0
LWPOLYLINE
  5
13C
330
17
100
AcDbEntity
  8
CUT
100
AcDbPolyline
 90
68
 70
1
 10
257.09999999999997
 20
88.0
 10
255.7
 20
88.0
 10
255.65099142983522
 20
88.0024076366639
 10
255.60245483899192
 20
88.00960735979838
 10
255.55485766137275
 20
88.0215298321339
 10
255.50865828381745
 20
88.03806023374436
 10
255.46430163158698
 20
88.05903936782582
 10
255.4222148834902
 20
88.08426519384872
 10
255.38280335791816
 20
88.11349477331864
 10
255.3464466094067
 20
88.14644660940672
 10
255.3134947733186
 20
88.18280335791817
 10
255.2842651938487
 20
88.2222148834902
 10
255.2590393678258
 20
88.264301631587
 10
255.23806023374433
 20
88.30865828381745
 10
255.22152983213388
 20
88.35485766137276
 10
255.20960735979838
 20
88.40245483899193
 10
255.20240763666388
 20
88.45099142983521
 10
255.2
 20
88.5
 10
255.2
 20
89.9
 10
255.20240763666388
 20
89.94900857016479
 10
255.20960735979838
 20
89.99754516100808
 10
255.22152983213388
 20
90.04514233862724
 10
255.23806023374433
 20
90.09134171618255
 10
255.2590393678258
 20
90.135698368413
 10
255.2842651938487
 20
90.17778511650981
 10
255.3134947733186
 20
90.21719664208183
 10
255.3464466094067
 20
90.25355339059328
 10
255.38280335791816
 20
90.28650522668137
 10
255.4222148834902
 20
90.31573480615128
 10
255.46430163158698
 20
90.34096063217419
 10
255.50865828381745
 20
90.36193976625565
 10
255.55485766137275
 20
90.37847016786611
 10
255.60245483899192
 20
90.39039264020163
 10
255.65099142983522
 20
90.3975923633361
 10
255.7
 20
90.4
 10
257.09999999999997
 20
90.4
 10
257.14900857016477
 20
90.3975923633361
 10
257.197545161008
 20
90.39039264020163
 10
257.2451423386272
 20
90.37847016786611
 10
257.2913417161825
 20
90.36193976625565
 10
257.335698368413
 20
90.34096063217419
 10
257.37778511650976
 20
90.31573480615128
 10
257.41719664208176
 20
90.28650522668137
 10
257.45355339059324
 20
90.25355339059328
 10
257.48650522668134
 20
90.21719664208183
 10
257.5157348061512
 20
90.17778511650981
 10
257.5409606321741
 20
90.135698368413
 10
257.5619397662556
 20
90.09134171618255
 10
257.57847016786604
 20
90.04514233862724
 10
257.59039264020157
 20
89.99754516100808
 10
257.59759236333605
 20
89.94900857016479
 10
257.59999999999997
 20
89.9
 10
257.59999999999997
 20
88.5
 10
257.59759236333605
 20
88.45099142983521
 10
257.59039264020157
 20
88.40245483899193
 10
257.57847016786604
 20
88.35485766137276
 10
257.5619397662556
 20
88.30865828381745
 10
257.5409606321741
 20
88.264301631587
 10
257.5157348061512
 20
88.2222148834902
 10
257.48650522668134
 20
88.18280335791817
 10
257.45355339059324
 20
88.14644660940672
 10
257.41719664208176
 20
88.11349477331864
 10
257.37778511650976
 20
88.08426519384872
 10
257.335698368413
 20
88.05903936782582
 10
257.2913417161825
 20
88.03806023374436
 10
257.2451423386272
 20
88.0215298321339
 10
257.197545161008
 20
88.00960735979838
 10
257.14900857016477
 20
88.0024076366639
  0
LWPOLYLINE
  5
13D
330
17
100
AcDbEntity
  8
CUT
100
AcDbPolyline
 90
68
 70
1
 10
201.75607225761289
 20
95.21537177567741
 10
201.67841371226365
 20
95.20385221866225
 10
201.6
 20
95.2
 10
199.20000000000002
 20
95.2
 10
199.12158628773636
 20
95.20385221866225
 10
199.04392774238713
 20
95.21537177567741
 10
198.96777225819645
 20
95.23444773141424
 10
198.89385325410794
 20
95.26089637399097
 10
198.8228826105392
 20
95.29446298852132
 10
198.75554381358432
 20
95.33482431015797
 10
198.6924853726691
 20
95.38159163730981
 10
198.63431457505078
 20
95.43431457505076
 10
198.58159163730983
 20
95.49248537266908
 10
198.53482431015797
 20
95.55554381358432
 10
198.49446298852132
 20
95.62288261053921
 10
198.46089637399098
 20
95.69385325410792
 10
198.43444773141425
 20
95.76777225819643
 10
198.41537177567744
 20
95.8439277423871
 10
198.40385221866225
 20
95.92158628773635
 10
198.4
 20
96.0
 10
198.4
 20
98.4
 10
198.40385221866225
 20
98.47841371226366
 10
198.41537177567744
 20
98.55607225761291
 10
198.43444773141425
 20
98.63222774180358
 10
198.46089637399098
 20
98.70614674589208
 10
198.49446298852132
 20
98.7771173894608
 10
198.53482431015797
 20
98.84445618641568
 10
198.58159163730983
 20
98.90751462733093
 10
198.63431457505078
 20
98.96568542494924
 10
198.6924853726691
 20
99.0184083626902
 10
198.75554381358432
 20
99.06517568984204
 10
198.8228826105392
 20
99.10553701147869
 10
198.89385325410794
 20
99.13910362600903
 10
198.96777225819645
 20
99.16555226858577
 10
199.04392774238713
 20
99.1846282243226
 10
199.12158628773636
 20
99.19614778133776
 10
199.20000000000002
 20
99.2
 10
201.6
 20
99.2
 10
201.67841371226365
 20
99.19614778133776
 10
201.75607225761289
 20
99.1846282243226
 10
201.83222774180356
 20
99.16555226858577
 10
201.90614674589207
 20
99.13910362600903
 10
201.9771173894608
 20
99.10553701147869
 10
202.0444561864157
 20
99.06517568984204
 10
202.10751462733091
 20
99.0184083626902
 10
202.16568542494923
 20
98.96568542494924
 10
202.21840836269018
 20
98.90751462733093
 10
202.26517568984204
 20
98.84445618641568
 10
202.3055370114787
 20
98.7771173894608
 10
202.33910362600903
 20
98.70614674589208
 10
202.36555226858576
 20
98.63222774180358
 10
202.38462822432257
 20
98.55607225761291
 10
202.39614778133776
 20
98.47841371226366
 10
202.4
 20
98.4
 10
202.4
 20
96.0
 10
202.39614778133776
 20
95.92158628773635
 10
202.38462822432257
 20
95.8439277423871
 10
202.36555226858576
 20
95.76777225819643
 10
202.33910362600903
 20
95.69385325410792
 10
202.3055370114787
 20
95.62288261053921
 10
202.26517568984204
 20
95.55554381358432
 10
202.21840836269018
 20
95.49248537266908
 10
202.16568542494923
 20
95.43431457505076
 10
202.10751462733091
 20
95.38159163730981
 10
202.0444561864157
 20
95.33482431015797
 10
201.9771173894608
 20
95.29446298852132
 10
201.90614674589207
 20
95.26089637399097
 10
201.83222774180356
 20
95.23444773141424
  0
LWPOLYLINE
  5
13E
330
17
100
AcDbEntity
  8
CUT
100
AcDbPolyline
 90
68
 70
1
 10
217.1
 20
96.0
 10
215.70000000000002
 20
96.0
 10
215.65099142983524
 20
96.0024076366639
 10
215.60245483899195
 20
96.00960735979838
 10
215.55485766137278
 20
96.0215298321339
 10
215.50865828381748
 20
96.03806023374436
 10
215.464301631587
 20
96.05903936782582
 10
215.42221488349023
 20
96.08426519384872
 10
215.3828033579182
 20
96.11349477331864
 10
215.34644660940674
 20
96.14644660940672
 10
215.31349477331864
 20
96.18280335791817
 10
215.28426519384874
 20
96.2222148834902
 10
215.25903936782584
 20
96.264301631587
 10
215.23806023374436
 20
96.30865828381745
 10
215.2215298321339
 20
96.35485766137276
 10
215.2096073597984
 20
96.40245483899193
 10
215.2024076366639
 20
96.45099142983521
 10
215.20000000000002
 20
96.5
 10
215.20000000000002
 20
97.9
 10
215.2024076366639
 20
97.94900857016479
 10
215.2096073597984
 20
97.99754516100808
 10
215.2215298321339
 20
98.04514233862724
 10
215.23806023374436
 20
98.09134171618255
 10
215.25903936782584
 20
98.135698368413
 10
215.28426519384874
 20
98.17778511650981
 10
215.31349477331864
 20
98.21719664208183
 10
215.34644660940674
 20
98.25355339059328
 10
215.3828033579182
 20
98.28650522668137
 10
215.42221488349023
 20
98.31573480615128
 10
215.464301631587
 20
98.34096063217419
 10
215.50865828381748
 20
98.36193976625565
 10
215.55485766137278
 20
98.37847016786611
 10
215.60245483899195
 20
98.39039264020163
 10
215.65099142983524
 20
98.3975923633361
 10
215.70000000000002
 20
98.4
 10
217.1
 20
98.4
 10
217.14900857016477
 20
98.3975923633361
 10
217.19754516100807
 20
98.39039264020163
 10
217.24514233862723
 20
98.37847016786611
 10
217.29134171618253
 20
98.36193976625565
 10
217.335698368413
 20
98.34096063217419
 10
217.37778511650978
 20
98.31573480615128
 10
217.41719664208182
 20
98.28650522668137
 10
217.45355339059327
 20
98.25355339059328
 10
217.48650522668137
 20
98.21719664208183
 10
217.51573480615127
 20
98.17778511650981
 10
217.54096063217418
 20
98.135698368413
 10
217.56193976625565
 20
98.09134171618255
 10
217.5784701678661
 20
98.04514233862724
 10
217.5903926402016
 20
97.99754516100808
 10
217.5975923633361
 20
97.94900857016479
 10
217.6
 20
97.9
 10
217.6
 20
96.5
 10
217.5975923633361
 20
96.45099142983521
 10
217.5903926402016
 20
96.40245483899193
 10
217.5784701678661
 20
96.35485766137276
 10
217.56193976625565
 20
96.30865828381745
 10
217.54096063217418
 20
96.264301631587
 10
217.51573480615127
 20
96.2222148834902
 10
217.48650522668137
 20
96.18280335791817
 10
217.45355339059327
 20
96.14644660940672
 10
217.41719664208182
 20
96.11349477331864
 10
217.37778511650978
 20
96.08426519384872
 10
217.335698368413
 20
96.05903936782582
 10
217.29134171618253
 20
96.03806023374436
 10
217.24514233862723
 20
96.0215298321339
 10
217.19754516100807
 20
96.00960735979838
 10
217.14900857016477
 20
96.0024076366639
  0
LWPOLYLINE
  5
13F
330
17
100
AcDbEntity
  8
CUT
100
AcDbPolyline
 90
68
 70
1
 10
209.1
 20
96.0
 10
207.70000000000002
 20
96.0
 10
207.65099142983524
 20
96.0024076366639
 10
207.60245483899195
 20
96.00960735979838
 10
207.55485766137278
 20
96.0215298321339
 10
207.50865828381748
 20
96.03806023374436
 10
207.464301631587
 20
96.05903936782582
 10
207.42221488349023
 20
96.08426519384872
 10
207.3828033579182
 20
96.11349477331864
 10
207.34644660940674
 20
96.14644660940672
 10
207.31349477331864
 20
96.18280335791817
 10
207.28426519384874
 20
96.2222148834902
 10
207.25903936782584
 20
96.264301631587
 10
207.23806023374436
 20
96.30865828381745
 10
207.2215298321339
 20
96.35485766137276
 10
207.2096073597984
 20
96.40245483899193
 10
207.2024076366639
 20
96.45099142983521
 10
207.20000000000002
 20
96.5
 10
207.20000000000002
 20
97.9
 10
207.2024076366639
 20
97.94900857016479
 10
207.2096073597984
 20
97.99754516100808
 10
207.2215298321339
 20
98.04514233862724
 10
207.23806023374436
 20
98.09134171618255
 10
207.25903936782584
 20
98.135698368413
 10
207.28426519384874
 20
98.17778511650981
 10
207.31349477331864
 20
98.21719664208183
 10
207.34644660940674
 20
98.25355339059328
 10
207.3828033579182
 20
98.28650522668137
 10
207.42221488349023
 20
98.31573480615128
 10
207.464301631587
 20
98.34096063217419
 10
207.50865828381748
 20
98.36193976625565
 10
207.55485766137278
 20
98.37847016786611
 10
207.60245483899195
 20
98.39039264020163
 10
207.65099142983524
 20
98.3975923633361
 10
207.70000000000002
 20
98.4
 10
209.1
 20
98.4
 10
209.14900857016477
 20
98.3975923633361
 10
209.19754516100807
 20
98.39039264020163
 10
209.24514233862723
 20
98.37847016786611
 10
209.29134171618253
 20
98.36193976625565
 10
209.335698368413
 20
98.34096063217419
 10
209.37778511650978
 20
98.31573480615128
 10
209.41719664208182
 20
98.28650522668137
 10
209.45355339059327
 20
98.25355339059328
 10
209.48650522668137
 20
98.21719664208183
 10
209.51573480615127
 20
98.17778511650981
 10
209.54096063217418
 20
98.135698368413
 10
209.56193976625565
 20
98.09134171618255
 10
209.5784701678661
 20
98.04514233862724
 10
209.5903926402016
 20
97.99754516100808
 10
209.5975923633361
 20
97.94900857016479
 10
209.6
 20
97.9
 10
209.6
 20
96.5
 10
209.5975923633361
 20
96.45099142983521
 10
209.5903926402016
 20
96.40245483899193
 10
209.5784701678661
 20
96.35485766137276
 10
209.56193976625565
 20
96.30865828381745
 10
209.54096063217418
 20
96.264301631587
 10
209.51573480615127
 20
96.2222148834902
 10
209.48650522668137
 20
96.18280335791817
 10
209.45355339059327
 20
96.14644660940672
 10
209.41719664208182
 20
96.11349477331864
 10
209.37778511650978
 20
96.08426519384872
 10
209.335698368413
 20
96.05903936782582
 10
209.29134171618253
 20
96.03806023374436
 10
209.24514233862723
 20
96.0215298321339
 10
209.19754516100807
 20
96.00960735979838
 10
209.14900857016477
 20
96.0024076366639
  0
LWPOLYLINE
  5
140
330
17
100
AcDbEntity
  8
CUT
100
AcDbPolyline
 90
68
 70
1
 10
225.19754516100807
 20
96.00960735979838
 10
225.14900857016477
 20
96.0024076366639
 10
225.1
 20
96.0
 10
223.70000000000002
 20
96.0
 10
223.65099142983524
 20
96.0024076366639
 10
223.60245483899195
 20
96.00960735979838
 10
223.55485766137278
 20
96.0215298321339
 10
223.50865828381748
 20
96.03806023374436
 10
223.464301631587
 20
96.05903936782582
 10
223.42221488349023
 20
96.08426519384872
 10
223.3828033579182
 20
96.11349477331864
 10
223.34644660940674
 20
96.14644660940672
 10
223.31349477331864
 20
96.18280335791817
 10
223.28426519384874
 20
96.2222148834902
 10
223.25903936782584
 20
96.264301631587
 10
223.23806023374436
 20
96.30865828381745
 10
223.2215298321339
 20
96.35485766137276
 10
223.2096073597984
 20
96.40245483899193
 10
223.2024076366639
 20
96.45099142983521
 10
223.20000000000002
 20
96.5
 10
223.20000000000002
 20
97.9
 10
223.2024076366639
 20
97.94900857016479
 10
223.2096073597984
 20
97.99754516100808
 10
223.2215298321339
 20
98.04514233862724
 10
223.23806023374436
 20
98.09134171618255
 10
223.25903936782584
 20
98.135698368413
 10
223.28426519384874
 20
98.17778511650981
 10
223.31349477331864
 20
98.21719664208183
 10
223.34644660940674
 20
98.25355339059328
 10
223.3828033579182
 20
98.28650522668137
 10
223.42221488349023
 20
98.31573480615128
 10
223.464301631587
 20
98.34096063217419
 10
223.50865828381748
 20
98.36193976625565
 10
223.55485766137278
 20
98.37847016786611
 10
223.60245483899195
 20
98.39039264020163
 10
223.65099142983524
 20
98.3975923633361
 10
223.70000000000002
 20
98.4
 10
225.1
 20
98.4
 10
225.14900857016477
 20
98.3975923633361
 10
225.19754516100807
 20
98.39039264020163
 10
225.24514233862723
 20
98.37847016786611
 10
225.29134171618253
 20
98.36193976625565
 10
225.335698368413
 20
98.34096063217419
 10
225.37778511650978
 20
98.31573480615128
 10
225.41719664208182
 20
98.28650522668137
 10
225.45355339059327
 20
98.25355339059328
 10
225.48650522668137
 20
98.21719664208183
 10
225.51573480615127
 20
98.17778511650981
 10
225.54096063217418
 20
98.135698368413
 10
225.56193976625565
 20
98.09134171618255
 10
225.5784701678661
 20
98.04514233862724
 10
225.5903926402016
 20
97.99754516100808
 10
225.5975923633361
 20
97.94900857016479
 10
225.6
 20
97.9
 10
225.6
 20
96.5
 10
225.5975923633361
 20
96.45099142983521
 10
225.5903926402016
 20
96.40245483899193
 10
225.5784701678661
 20
96.35485766137276
 10
225.56193976625565
 20
96.30865828381745
 10
225.54096063217418
 20
96.264301631587
 10
225.51573480615127
 20
96.2222148834902
 10
225.48650522668137
 20
96.18280335791817
 10
225.45355339059327
 20
96.14644660940672
 10
225.41719664208182
 20
96.11349477331864
 10
225.37778511650978
 20
96.08426519384872
 10
225.335698368413
 20
96.05903936782582
 10
225.29134171618253
 20
96.03806023374436
 10
225.24514233862723
 20
96.0215298321339
  0
LWPOLYLINE
  5
141
330
17
100
AcDbEntity
  8
CUT
100
AcDbPolyline
 90
68
 70
1
 10
249.67841371226365
 20
95.20385221866225
 10
249.6
 20
95.2
 10
247.20000000000002
 20
95.2
 10
247.12158628773636
 20
95.20385221866225
 10
247.04392774238713
 20
95.21537177567741
 10
246.96777225819645
 20
95.23444773141424
 10
246.89385325410794
 20
95.26089637399097
 10
246.8228826105392
 20
95.29446298852132
 10
246.75554381358432
 20
95.33482431015797
 10
246.6924853726691
 20
95.38159163730981
 10
246.63431457505078
 20
95.43431457505076
 10
246.58159163730983
 20
95.49248537266908
 10
246.53482431015797
 20
95.55554381358432
 10
246.49446298852132
 20
95.62288261053921
 10
246.46089637399098
 20
95.69385325410792
 10
246.43444773141425
 20
95.76777225819643
 10
246.41537177567744
 20
95.8439277423871
 10
246.40385221866225
 20
95.92158628773635
 10
246.4
 20
96.0
 10
246.4
 20
98.4
 10
246.40385221866225
 20
98.47841371226366
 10
246.41537177567744
 20
98.55607225761291
 10
246.43444773141425
 20
98.63222774180358
 10
246.46089637399098
 20
98.70614674589208
 10
246.49446298852132
 20
98.7771173894608
 10
246.53482431015797
 20
98.84445618641568
 10
246.58159163730983
 20
98.90751462733093
 10
246.63431457505078
 20
98.96568542494924
 10
246.6924853726691
 20
99.0184083626902
 10
246.75554381358432
 20
99.06517568984204
 10
246.8228826105392
 20
99.10553701147869
 10
246.89385325410794
 20
99.13910362600903
 10
246.96777225819645
 20
99.16555226858577
 10
247.04392774238713
 20
99.1846282243226
 10
247.12158628773636
 20
99.19614778133776
 10
247.20000000000002
 20
99.2
 10
249.6
 20
99.2
 10
249.67841371226365
 20
99.19614778133776
 10
249.75607225761289
 20
99.1846282243226
 10
249.83222774180356
 20
99.16555226858577
 10
249.90614674589207
 20
99.13910362600903
 10
249.9771173894608
 20
99.10553701147869
 10
250.0444561864157
 20
99.06517568984204
 10
250.10751462733091
 20
99.0184083626902
 10
250.16568542494923
 20
98.96568542494924
 10
250.21840836269018
 20
98.90751462733093
 10
250.26517568984204
 20
98.84445618641568
 10
250.3055370114787
 20
98.7771173894608
 10
250.33910362600903
 20
98.70614674589208
 10
250.36555226858576
 20
98.63222774180358
 10
250.38462822432257
 20
98.55607225761291
 10
250.39614778133776
 20
98.47841371226366
 10
250.4
 20
98.4
 10
250.4
 20
96.0
 10
250.39614778133776
 20
95.92158628773635
 10
250.38462822432257
 20
95.8439277423871
 10
250.36555226858576
 20
95.76777225819643
 10
250.33910362600903
 20
95.69385325410792
 10
250.3055370114787
 20
95.62288261053921
 10
250.26517568984204
 20
95.55554381358432
 10
250.21840836269018
 20
95.49248537266908
 10
250.16568542494923
 20
95.43431457505076
 10
250.10751462733091
 20
95.38159163730981
 10
250.0444561864157
 20
95.33482431015797
 10
249.9771173894608
 20
95.29446298852132
 10
249.90614674589207
 20
95.26089637399097
 10
249.83222774180356
 20
95.23444773141424
 10
249.75607225761289
 20
95.21537177567741
  0
LWPOLYLINE
  5
142
330
17
100
AcDbEntity
  8
CUT
100
AcDbPolyline
 90
68
 70
1
 10
233.6
 20
95.2
 10
231.20000000000002
 20
95.2
 10
231.12158628773636
 20
95.20385221866225
 10
231.04392774238713
 20
95.21537177567741
 10
230.96777225819645
 20
95.23444773141424
 10
230.89385325410794
 20
95.26089637399097
 10
230.8228826105392
 20
95.29446298852132
 10
230.75554381358432
 20
95.33482431015797
 10
230.6924853726691
 20
95.38159163730981
 10
230.63431457505078
 20
95.43431457505076
 10
230.58159163730983
 20
95.49248537266908
 10
230.53482431015797
 20
95.55554381358432
 10
230.49446298852132
 20
95.62288261053921
 10
230.46089637399098
 20
95.69385325410792
 10
230.43444773141425
 20
95.76777225819643
 10
230.41537177567744
 20
95.8439277423871
 10
230.40385221866225
 20
95.92158628773635
 10
230.4
 20
96.0
 10
230.4
 20
98.4
 10
230.40385221866225
 20
98.47841371226366
 10
230.41537177567744
 20
98.55607225761291
 10
230.43444773141425
 20
98.63222774180358
 10
230.46089637399098
 20
98.70614674589208
 10
230.49446298852132
 20
98.7771173894608
 10
230.53482431015797
 20
98.84445618641568
 10
230.58159163730983
 20
98.90751462733093
 10
230.63431457505078
 20
98.96568542494924
 10
230.6924853726691
 20
99.0184083626902
 10
230.75554381358432
 20
99.06517568984204
 10
230.8228826105392
 20
99.10553701147869
 10
230.89385325410794
 20
99.13910362600903
 10
230.96777225819645
 20
99.16555226858577
 10
231.04392774238713
 20
99.1846282243226
 10
231.12158628773636
 20
99.19614778133776
 10
231.20000000000002
 20
99.2
 10
233.6
 20
99.2
 10
233.67841371226365
 20
99.19614778133776
 10
233.75607225761289
 20
99.1846282243226
 10
233.83222774180356
 20
99.16555226858577
 10
233.90614674589207
 20
99.13910362600903
 10
233.9771173894608
 20
99.10553701147869
 10
234.0444561864157
 20
99.06517568984204
 10
234.10751462733091
 20
99.0184083626902
 10
234.16568542494923
 20
98.96568542494924
 10
234.21840836269018
 20
98.90751462733093
 10
234.26517568984204
 20
98.84445618641568
 10
234.3055370114787
 20
98.7771173894608
 10
234.33910362600903
 20
98.70614674589208
 10
234.36555226858576
 20
98.63222774180358
 10
234.38462822432257
 20
98.55607225761291
 10
234.39614778133776
 20
98.47841371226366
 10
234.4
 20
98.4
 10
234.4
 20
96.0
 10
234.39614778133776
 20
95.92158628773635
 10
234.38462822432257
 20
95.8439277423871
 10
234.36555226858576
 20
95.76777225819643
 10
234.33910362600903
 20
95.69385325410792
 10
234.3055370114787
 20
95.62288261053921
 10
234.26517568984204
 20
95.55554381358432
 10
234.21840836269018
 20
95.49248537266908
 10
234.16568542494923
 20
95.43431457505076
 10
234.10751462733091
 20
95.38159163730981
 10
234.0444561864157
 20
95.33482431015797
 10
233.9771173894608
 20
95.29446298852132
 10
233.90614674589207
 20
95.26089637399097
 10
233.83222774180356
 20
95.23444773141424
 10
233.75607225761289
 20
95.21537177567741
 10
233.67841371226365
 20
95.20385221866225
  0
LWPOLYLINE
  5
143
330
17
100
AcDbEntity
  8
CUT
100
AcDbPolyline
 90
68
 70
1
 10
265.59999999999997
 20
95.2
 10
263.2
 20
95.2
 10
263.12158628773636
 20
95.20385221866225
 10
263.0439277423871
 20
95.21537177567741
 10
262.9677722581964
 20
95.23444773141424
 10
262.8938532541079
 20
95.26089637399097
 10
262.8228826105392
 20
95.29446298852132
 10
262.7555438135843
 20
95.33482431015797
 10
262.69248537266907
 20
95.38159163730981
 10
262.6343145750507
 20
95.43431457505076
 10
262.58159163730977
 20
95.49248537266908
 10
262.53482431015794
 20
95.55554381358432
 10
262.4944629885213
 20
95.62288261053921
 10
262.460896373991
 20
95.69385325410792
 10
262.4344477314142
 20
95.76777225819643
 10
262.4153717756774
 20
95.8439277423871
 10
262.4038522186622
 20
95.92158628773635
 10
262.4
 20
96.0
 10
262.4
 20
98.4
 10
262.4038522186622
 20
98.47841371226366
 10
262.4153717756774
 20
98.55607225761291
 10
262.4344477314142
 20
98.63222774180358
 10
262.460896373991
 20
98.70614674589208
 10
262.4944629885213
 20
98.7771173894608
 10
262.53482431015794
 20
98.84445618641568
 10
262.58159163730977
 20
98.90751462733093
 10
262.6343145750507
 20
98.96568542494924
 10
262.69248537266907
 20
99.0184083626902
 10
262.7555438135843
 20
99.06517568984204
 10
262.8228826105392
 20
99.10553701147869
 10
262.8938532541079
 20
99.13910362600903
 10
262.9677722581964
 20
99.16555226858577
 10
263.0439277423871
 20
99.1846282243226
 10
263.12158628773636
 20
99.19614778133776
 10
263.2
 20
99.2
 10
265.59999999999997
 20
99.2
 10
265.6784137122636
 20
99.19614778133776
 10
265.75607225761286
 20
99.1846282243226
 10
265.83222774180354
 20
99.16555226858577
 10
265.90614674589204
 20
99.13910362600903
 10
265.9771173894608
 20
99.10553701147869
 10
266.04445618641563
 20
99.06517568984204
 10
266.1075146273309
 20
99.0184083626902
 10
266.16568542494923
 20
98.96568542494924
 10
266.2184083626902
 20
98.90751462733093
 10
266.265175689842
 20
98.84445618641568
 10
266.30553701147863
 20
98.7771173894608
 10
266.339103626009
 20
98.70614674589208
 10
266.36555226858576
 20
98.63222774180358
 10
266.38462822432257
 20
98.55607225761291
 10
266.39614778133773
 20
98.47841371226366
 10
266.4
 20
98.4
 10
266.4
 20
96.0
 10
266.39614778133773
 20
95.92158628773635
 10
266.38462822432257
 20
95.8439277423871
 10
266.36555226858576
 20
95.76777225819643
 10
266.339103626009
 20
95.69385325410792
 10
266.30553701147863
 20
95.62288261053921
 10
266.265175689842
 20
95.55554381358432
 10
266.2184083626902
 20
95.49248537266908
 10
266.16568542494923
 20
95.43431457505076
 10
266.1075146273309
 20
95.38159163730981
 10
266.04445618641563
 20
95.33482431015797
 10
265.9771173894608
 20
95.29446298852132
 10
265.90614674589204
 20
95.26089637399097
 10
265.83222774180354
 20
95.23444773141424
 10
265.75607225761286
 20
95.21537177567741
 10
265.6784137122636
 20
95.20385221866225
  0
LWPOLYLINE
  5
144
330
17
100
AcDbEntity
  8
CUT
100
AcDbPolyline
 90
68
 70
1
 10
209.1
 20
104.0
 10
207.70000000000002
 20
104.0
 10
207.65099142983524
 20
104.0024076366639
 10
207.60245483899195
 20
104.00960735979838
 10
207.55485766137278
 20
104.0215298321339
 10
207.50865828381748
 20
104.03806023374436
 10
207.464301631587
 20
104.05903936782582
 10
207.42221488349023
 20
104.08426519384872
 10
207.3828033579182
 20
104.11349477331864
 10
207.34644660940674
 20
104.14644660940672
 10
207.31349477331864
 20
104.18280335791817
 10
207.28426519384874
 20
104.2222148834902
 10
207.25903936782584
 20
104.264301631587
 10
207.23806023374436
 20
104.30865828381745
 10
207.2215298321339
 20
104.35485766137276
 10
207.2096073597984
 20
104.40245483899193
 10
207.2024076366639
 20
104.45099142983521
 10
207.20000000000002
 20
104.5
 10
207.20000000000002
 20
105.9
 10
207.2024076366639
 20
105.94900857016479
 10
207.2096073597984
 20
105.99754516100808
 10
207.2215298321339
 20
106.04514233862724
 10
207.23806023374436
 20
106.09134171618255
 10
207.25903936782584
 20
106.135698368413
 10
207.28426519384874
 20
106.17778511650981
 10
207.31349477331864
 20
106.21719664208183
 10
207.34644660940674
 20
106.25355339059328
 10
207.3828033579182
 20
106.28650522668137
 10
207.42221488349023
 20
106.31573480615128
 10
207.464301631587
 20
106.34096063217419
 10
207.50865828381748
 20
106.36193976625565
 10
207.55485766137278
 20
106.37847016786611
 10
207.60245483899195
 20
106.39039264020163
 10
207.65099142983524
 20
106.3975923633361
 10
207.70000000000002
 20
106.4
 10
209.1
 20
106.4
 10
209.14900857016477
 20
106.3975923633361
 10
209.19754516100807
 20
106.39039264020163
 10
209.24514233862723
 20
106.37847016786611
 10
209.29134171618253
 20
106.36193976625565
 10
209.335698368413
 20
106.34096063217419
 10
209.37778511650978
 20
106.31573480615128
 10
209.41719664208182
 20
106.28650522668137
 10
209.45355339059327
 20
106.25355339059328
 10
209.48650522668137
 20
106.21719664208183
 10
209.51573480615127
 20
106.17778511650981
 10
209.54096063217418
 20
106.135698368413
 10
209.56193976625565
 20
106.09134171618255
 10
209.5784701678661
 20
106.04514233862724
 10
209.5903926402016
 20
105.99754516100808
 10
209.5975923633361
 20
105.94900857016479
 10
209.6
 20
105.9
 10
209.6
 20
104.5
 10
209.5975923633361
 20
104.45099142983521
 10
209.5903926402016
 20
104.40245483899193
 10
209.5784701678661
 20
104.35485766137276
 10
209.56193976625565
 20
104.30865828381745
 10
209.54096063217418
 20
104.264301631587
 10
209.51573480615127
 20
104.2222148834902
 10
209.48650522668137
 20
104.18280335791817
 10
209.45355339059327
 20
104.14644660940672
 10
209.41719664208182
 20
104.11349477331864
 10
209.37778511650978
 20
104.08426519384872
 10
209.335698368413
 20
104.05903936782582
 10
209.29134171618253
 20
104.03806023374436
 10
209.24514233862723
 20
104.0215298321339
 10
209.19754516100807
 20
104.00960735979838
 10
209.14900857016477
 20
104.0024076366639
  0
LWPOLYLINE
  5
145
330
17
100
AcDbEntity
  8
CUT
100
AcDbPolyline
 90
68
 70
1
 10
217.1
 20
104.0
 10
215.70000000000002
 20
104.0
 10
215.65099142983524
 20
104.0024076366639
 10
215.60245483899195
 20
104.00960735979838
 10
215.55485766137278
 20
104.0215298321339
 10
215.50865828381748
 20
104.03806023374436
 10
215.464301631587
 20
104.05903936782582
 10
215.42221488349023
 20
104.08426519384872
 10
215.3828033579182
 20
104.11349477331864
 10
215.34644660940674
 20
104.14644660940672
 10
215.31349477331864
 20
104.18280335791817
 10
215.28426519384874
 20
104.2222148834902
 10
215.25903936782584
 20
104.264301631587
 10
215.23806023374436
 20
104.30865828381745
 10
215.2215298321339
 20
104.35485766137276
 10
215.2096073597984
 20
104.40245483899193
 10
215.2024076366639
 20
104.45099142983521
 10
215.20000000000002
 20
104.5
 10
215.20000000000002
 20
105.9
 10
215.2024076366639
 20
105.94900857016479
 10
215.2096073597984
 20
105.99754516100808
 10
215.2215298321339
 20
106.04514233862724
 10
215.23806023374436
 20
106.09134171618255
 10
215.25903936782584
 20
106.135698368413
 10
215.28426519384874
 20
106.17778511650981
 10
215.31349477331864
 20
106.21719664208183
 10
215.34644660940674
 20
106.25355339059328
 10
215.3828033579182
 20
106.28650522668137
 10
215.42221488349023
 20
106.31573480615128
 10
215.464301631587
 20
106.34096063217419
 10
215.50865828381748
 20
106.36193976625565
 10
215.55485766137278
 20
106.37847016786611
 10
215.60245483899195
 20
106.39039264020163
 10
215.65099142983524
 20
106.3975923633361
 10
215.70000000000002
 20
106.4
 10
217.1
 20
106.4
 10
217.14900857016477
 20
106.3975923633361
 10
217.19754516100807
 20
106.39039264020163
 10
217.24514233862723
 20
106.37847016786611
 10
217.29134171618253
 20
106.36193976625565
 10
217.335698368413
 20
106.34096063217419
 10
217.37778511650978
 20
106.31573480615128
 10
217.41719664208182
 20
106.28650522668137
 10
217.45355339059327
 20
106.25355339059328
 10
217.48650522668137
 20
106.21719664208183
 10
217.51573480615127
 20
106.17778511650981
 10
217.54096063217418
 20
106.135698368413
 10
217.56193976625565
 20
106.09134171618255
 10
217.5784701678661
 20
106.04514233862724
 10
217.5903926402016
 20
105.99754516100808
 10
217.5975923633361
 20
105.94900857016479
 10
217.6
 20
105.9
 10
217.6
 20
104.5
 10
217.5975923633361
 20
104.45099142983521
 10
217.5903926402016
 20
104.40245483899193
 10
217.5784701678661
 20
104.35485766137276
 10
217.56193976625565
 20
104.30865828381745
 10
217.54096063217418
 20
104.264301631587
 10
217.51573480615127
 20
104.2222148834902
 10
217.48650522668137
 20
104.18280335791817
 10
217.45355339059327
 20
104.14644660940672
 10
217.41719664208182
 20
104.11349477331864
 10
217.37778511650978
 20
104.08426519384872
 10
217.335698368413
 20
104.05903936782582
 10
217.29134171618253
 20
104.03806023374436
 10
217.24514233862723
 20
104.0215298321339
 10
217.19754516100807
 20
104.00960735979838
 10
217.14900857016477
 20
104.0024076366639
  0
LWPOLYLINE
  5
146
330
17
100
AcDbEntity
  8
CUT
100
AcDbPolyline
 90
68
 70
1
 10
225.6
 20
103.2
 10
223.20000000000002
 20
103.2
 10
223.12158628773636
 20
103.20385221866225
 10
223.04392774238713
 20
103.21537177567741
 10
222.96777225819645
 20
103.23444773141424
 10
222.89385325410794
 20
103.26089637399097
 10
222.8228826105392
 20
103.29446298852132
 10
222.75554381358432
 20
103.33482431015797
 10
222.6924853726691
 20
103.38159163730981
 10
222.63431457505078
 20
103.43431457505076
 10
222.58159163730983
 20
103.49248537266908
 10
222.53482431015797
 20
103.55554381358432
 10
222.49446298852132
 20
103.62288261053921
 10
222.46089637399098
 20
103.69385325410792
 10
222.43444773141425
 20
103.76777225819643
 10
222.41537177567744
 20
103.8439277423871
 10
222.40385221866225
 20
103.92158628773635
 10
222.4
 20
104.0
 10
222.4
 20
106.4
 10
222.40385221866225
 20
106.47841371226366
 10
222.41537177567744
 20
106.55607225761291
 10
222.43444773141425
 20
106.63222774180358
 10
222.46089637399098
 20
106.70614674589208
 10
222.49446298852132
 20
106.7771173894608
 10
222.53482431015797
 20
106.84445618641568
 10
222.58159163730983
 20
106.90751462733093
 10
222.63431457505078
 20
106.96568542494924
 10
222.6924853726691
 20
107.0184083626902
 10
222.75554381358432
 20
107.06517568984204
 10
222.8228826105392
 20
107.10553701147869
 10
222.89385325410794
 20
107.13910362600903
 10
222.96777225819645
 20
107.16555226858577
 10
223.04392774238713
 20
107.1846282243226
 10
223.12158628773636
 20
107.19614778133776
 10
223.20000000000002
 20
107.2
 10
225.6
 20
107.2
 10
225.67841371226365
 20
107.19614778133776
 10
225.75607225761289
 20
107.1846282243226
 10
225.83222774180356
 20
107.16555226858577
 10
225.90614674589207
 20
107.13910362600903
 10
225.9771173894608
 20
107.10553701147869
 10
226.0444561864157
 20
107.06517568984204
 10
226.10751462733091
 20
107.0184083626902
 10
226.16568542494923
 20
106.96568542494924
 10
226.21840836269018
 20
106.90751462733093
 10
226.26517568984204
 20
106.84445618641568
 10
226.3055370114787
 20
106.7771173894608
 10
226.33910362600903
 20
106.70614674589208
 10
226.36555226858576
 20
106.63222774180358
 10
226.38462822432257
 20
106.55607225761291
 10
226.39614778133776
 20
106.47841371226366
 10
226.4
 20
106.4
 10
226.4
 20
104.0
 10
226.39614778133776
 20
103.92158628773635
 10
226.38462822432257
 20
103.8439277423871
 10
226.36555226858576
 20
103.76777225819643
 10
226.33910362600903
 20
103.69385325410792
 10
226.3055370114787
 20
103.62288261053921
 10
226.26517568984204
 20
103.55554381358432
 10
226.21840836269018
 20
103.49248537266908
 10
226.16568542494923
 20
103.43431457505076
 10
226.10751462733091
 20
103.38159163730981
 10
226.0444561864157
 20
103.33482431015797
 10
225.9771173894608
 20
103.29446298852132
 10
225.90614674589207
 20
103.26089637399097
 10
225.83222774180356
 20
103.23444773141424
 10
225.75607225761289
 20
103.21537177567741
 10
225.67841371226365
 20
103.20385221866225
  0
LWPOLYLINE
  5
147
330
17
100
AcDbEntity
  8
CUT
100
AcDbPolyline
 90
68
 70
1
 10
250.30781885436252
 20
102.30529680066057
 10
250.20000000000002
 20
102.3
 10
246.6
 20
102.3
 10
246.4921811456375
 20
102.30529680066057
 10
246.38540064578225
 20
102.32113619155643
 10
246.2806868550201
 20
102.34736563069457
 10
246.1790482243984
 20
102.38373251423758
 10
246.0814635894914
 20
102.4298866092168
 10
245.98887274367843
 20
102.4853834264672
 10
245.90216738741998
 20
102.54968850130098
 10
245.8221825406948
 20
102.6221825406948
 10
245.749688501301
 20
102.70216738741998
 10
245.68538342646718
 20
102.78887274367843
 10
245.6298866092168
 20
102.88146358949139
 10
245.58373251423757
 20
102.9790482243984
 10
245.54736563069457
 20
103.08068685502008
 10
245.52113619155645
 20
103.18540064578225
 10
245.50529680066057
 20
103.29218114563747
 10
245.5
 20
103.39999999999999
 10
245.5
 20
107.00000000000001
 10
245.50529680066057
 20
107.10781885436253
 10
245.52113619155645
 20
107.21459935421775
 10
245.54736563069457
 20
107.31931314497993
 10
245.58373251423757
 20
107.42095177560161
 10
245.6298866092168
 20
107.51853641050862
 10
245.68538342646718
 20
107.61112725632158
 10
245.749688501301
 20
107.69783261258003
 10
245.8221825406948
 20
107.77781745930521
 10
245.90216738741998
 20
107.85031149869903
 10
245.98887274367843
 20
107.91461657353281
 10
246.0814635894914
 20
107.97011339078321
 10
246.1790482243984
 20
108.01626748576243
 10
246.2806868550201
 20
108.05263436930544
 10
246.38540064578225
 20
108.07886380844357
 10
246.4921811456375
 20
108.09470319933943
 10
246.6
 20
108.10000000000001
 10
250.20000000000002
 20
108.10000000000001
 10
250.30781885436252
 20
108.09470319933943
 10
250.41459935421776
 20
108.07886380844357
 10
250.51931314497992
 20
108.05263436930544
 10
250.6209517756016
 20
108.01626748576243
 10
250.71853641050862
 20
107.97011339078321
 10
250.81112725632158
 20
107.91461657353281
 10
250.89783261258003
 20
107.85031149869903
 10
250.97781745930521
 20
107.77781745930521
 10
251.05031149869902
 20
107.69783261258003
 10
251.11461657353283
 20
107.61112725632158
 10
251.1701133907832
 20
107.51853641050862
 10
251.21626748576244
 20
107.42095177560161
 10
251.25263436930544
 20
107.31931314497993
 10
251.27886380844356
 20
107.21459935421775
 10
251.29470319933944
 20
107.10781885436253
 10
251.3
 20
107.00000000000001
 10
251.3
 20
103.39999999999999
 10
251.29470319933944
 20
103.29218114563747
 10
251.27886380844356
 20
103.18540064578225
 10
251.25263436930544
 20
103.08068685502008
 10
251.21626748576244
 20
102.9790482243984
 10
251.1701133907832
 20
102.88146358949139
 10
251.11461657353283
 20
102.78887274367843
 10
251.05031149869902
 20
102.70216738741998
 10
250.97781745930521
 20
102.6221825406948
 10
250.89783261258003
 20
102.54968850130098
 10
250.81112725632158
 20
102.4853834264672
 10
250.71853641050862
 20
102.4298866092168
 10
250.6209517756016
 20
102.38373251423758
 10
250.51931314497992
 20
102.34736563069457
 10
250.41459935421776
 20
102.32113619155643
  0
LWPOLYLINE
  5
148
330
17
100
AcDbEntity
  8
CUT
100
AcDbPolyline
 90
68
 70
1
 10
273.14900857016477
 20
16.002407636663904
 10
273.09999999999997
 20
16.000000000000004
 10
271.7
 20
16.000000000000004
 10
271.6509914298352
 20
16.002407636663904
 10
271.60245483899195
 20
16.009607359798387
 10
271.55485766137275
 20
16.0215298321339
 10
271.50865828381745
 20
16.03806023374436
 10
271.464301631587
 20
16.059039367825825
 10
271.4222148834902
 20
16.08426519384873
 10
271.3828033579182
 20
16.113494773318635
 10
271.3464466094067
 20
16.14644660940673
 10
271.3134947733186
 20
16.182803357918182
 10
271.28426519384874
 20
16.222214883490203
 10
271.25903936782584
 20
16.264301631587006
 10
271.23806023374436
 20
16.308658283817458
 10
271.2215298321339
 20
16.354857661372773
 10
271.2096073597984
 20
16.40245483899194
 10
271.2024076366639
 20
16.450991429835224
 10
271.2
 20
16.500000000000004
 10
271.2
 20
17.900000000000002
 10
271.2024076366639
 20
17.949008570164782
 10
271.2096073597984
 20
17.997545161008066
 10
271.2215298321339
 20
18.045142338627233
 10
271.23806023374436
 20
18.091341716182548
 10
271.25903936782584
 20
18.135698368413
 10
271.28426519384874
 20
18.177785116509803
 10
271.3134947733186
 20
18.217196642081824
 10
271.3464466094067
 20
18.253553390593275
 10
271.3828033579182
 20
18.28650522668137
 10
271.4222148834902
 20
18.315734806151276
 10
271.464301631587
 20
18.34096063217418
 10
271.50865828381745
 20
18.361939766255645
 10
271.55485766137275
 20
18.378470167866105
 10
271.60245483899195
 20
18.39039264020162
 10
271.6509914298352
 20
18.397592363336102
 10
271.7
 20
18.400000000000002
 10
273.09999999999997
 20
18.400000000000002
 10
273.14900857016477
 20
18.397592363336102
 10
273.197545161008
 20
18.39039264020162
 10
273.2451423386272
 20
18.378470167866105
 10
273.2913417161825
 20
18.361939766255645
 10
273.335698368413
 20
18.34096063217418
 10
273.37778511650976
 20
18.315734806151276
 10
273.41719664208176
 20
18.28650522668137
 10
273.45355339059324
 20
18.253553390593275
 10
273.48650522668134
 20
18.217196642081824
 10
273.5157348061512
 20
18.177785116509803
 10
273.5409606321741
 20
18.135698368413
 10
273.5619397662556
 20
18.091341716182548
 10
273.57847016786604
 20
18.045142338627233
 10
273.59039264020157
 20
17.997545161008066
 10
273.59759236333605
 20
17.949008570164782
 10
273.59999999999997
 20
17.900000000000002
 10
273.59999999999997
 20
16.500000000000004
 10
273.59759236333605
 20
16.450991429835224
 10
273.59039264020157
 20
16.40245483899194
 10
273.57847016786604
 20
16.354857661372773
 10
273.5619397662556
 20
16.308658283817458
 10
273.5409606321741
 20
16.264301631587006
 10
273.5157348061512
 20
16.222214883490203
 10
273.48650522668134
 20
16.182803357918182
 10
273.45355339059324
 20
16.14644660940673
 10
273.41719664208176
 20
16.113494773318635
 10
273.37778511650976
 20
16.08426519384873
 10
273.335698368413
 20
16.059039367825825
 10
273.2913417161825
 20
16.03806023374436
 10
273.2451423386272
 20
16.0215298321339
 10
273.197545161008
 20
16.009607359798387
  0
LWPOLYLINE
  5
149
330
17
100
AcDbEntity
  8
CUT
100
AcDbPolyline
 90
68
 70
1
 10
281.09999999999997
 20
16.000000000000004
 10
279.7
 20
16.000000000000004
 10
279.6509914298352
 20
16.002407636663904
 10
279.60245483899195
 20
16.009607359798387
 10
279.55485766137275
 20
16.0215298321339
 10
279.50865828381745
 20
16.03806023374436
 10
279.464301631587
 20
16.059039367825825
 10
279.4222148834902
 20
16.08426519384873
 10
279.3828033579182
 20
16.113494773318635
 10
279.3464466094067
 20
16.14644660940673
 10
279.3134947733186
 20
16.182803357918182
 10
279.28426519384874
 20
16.222214883490203
 10
279.25903936782584
 20
16.264301631587006
 10
279.23806023374436
 20
16.308658283817458
 10
279.2215298321339
 20
16.354857661372773
 10
279.2096073597984
 20
16.40245483899194
 10
279.2024076366639
 20
16.450991429835224
 10
279.2
 20
16.500000000000004
 10
279.2
 20
17.900000000000002
 10
279.2024076366639
 20
17.949008570164782
 10
279.2096073597984
 20
17.997545161008066
 10
279.2215298321339
 20
18.045142338627233
 10
279.23806023374436
 20
18.091341716182548
 10
279.25903936782584
 20
18.135698368413
 10
279.28426519384874
 20
18.177785116509803
 10
279.3134947733186
 20
18.217196642081824
 10
279.3464466094067
 20
18.253553390593275
 10
279.3828033579182
 20
18.28650522668137
 10
279.4222148834902
 20
18.315734806151276
 10
279.464301631587
 20
18.34096063217418
 10
279.50865828381745
 20
18.361939766255645
 10
279.55485766137275
 20
18.378470167866105
 10
279.60245483899195
 20
18.39039264020162
 10
279.6509914298352
 20
18.397592363336102
 10
279.7
 20
18.400000000000002
 10
281.09999999999997
 20
18.400000000000002
 10
281.14900857016477
 20
18.397592363336102
 10
281.197545161008
 20
18.39039264020162
 10
281.2451423386272
 20
18.378470167866105
 10
281.2913417161825
 20
18.361939766255645
 10
281.335698368413
 20
18.34096063217418
 10
281.37778511650976
 20
18.315734806151276
 10
281.41719664208176
 20
18.28650522668137
 10
281.45355339059324
 20
18.253553390593275
 10
281.48650522668134
 20
18.217196642081824
 10
281.5157348061512
 20
18.177785116509803
 10
281.5409606321741
 20
18.135698368413
 10
281.5619397662556
 20
18.091341716182548
 10
281.57847016786604
 20
18.045142338627233
 10
281.59039264020157
 20
17.997545161008066
 10
281.59759236333605
 20
17.949008570164782
 10
281.59999999999997
 20
17.900000000000002
 10
281.59999999999997
 20
16.500000000000004
 10
281.59759236333605
 20
16.450991429835224
 10
281.59039264020157
 20
16.40245483899194
 10
281.57847016786604
 20
16.354857661372773
 10
281.5619397662556
 20
16.308658283817458
 10
281.5409606321741
 20
16.264301631587006
 10
281.5157348061512
 20
16.222214883490203
 10
281.48650522668134
 20
16.182803357918182
 10
281.45355339059324
 20
16.14644660940673
 10
281.41719664208176
 20
16.113494773318635
 10
281.37778511650976
 20
16.08426519384873
 10
281.335698368413
 20
16.059039367825825
 10
281.2913417161825
 20
16.03806023374436
 10
281.2451423386272
 20
16.0215298321339
 10
281.197545161008
 20
16.009607359798387
 10
281.14900857016477
 20
16.002407636663904
  0
LWPOLYLINE
  5
14A
330
17
100
AcDbEntity
  8
CUT
100
AcDbPolyline
 90
68
 70
1
 10
305.14900857016477
 20
24.002407636663904
 10
305.09999999999997
 20
24.000000000000004
 10
303.7
 20
24.000000000000004
 10
303.6509914298352
 20
24.002407636663904
 10
303.60245483899195
 20
24.009607359798387
 10
303.55485766137275
 20
24.0215298321339
 10
303.50865828381745
 20
24.03806023374436
 10
303.464301631587
 20
24.059039367825825
 10
303.4222148834902
 20
24.08426519384873
 10
303.3828033579182
 20
24.113494773318635
 10
303.3464466094067
 20
24.14644660940673
 10
303.3134947733186
 20
24.182803357918182
 10
303.28426519384874
 20
24.222214883490203
 10
303.25903936782584
 20
24.264301631587006
 10
303.23806023374436
 20
24.308658283817458
 10
303.2215298321339
 20
24.354857661372773
 10
303.2096073597984
 20
24.40245483899194
 10
303.2024076366639
 20
24.450991429835224
 10
303.2
 20
24.500000000000004
 10
303.2
 20
25.900000000000002
 10
303.2024076366639
 20
25.949008570164782
 10
303.2096073597984
 20
25.997545161008066
 10
303.2215298321339
 20
26.045142338627233
 10
303.23806023374436
 20
26.091341716182548
 10
303.25903936782584
 20
26.135698368413
 10
303.28426519384874
 20
26.177785116509803
 10
303.3134947733186
 20
26.217196642081824
 10
303.3464466094067
 20
26.253553390593275
 10
303.3828033579182
 20
26.28650522668137
 10
303.4222148834902
 20
26.315734806151276
 10
303.464301631587
 20
26.34096063217418
 10
303.50865828381745
 20
26.361939766255645
 10
303.55485766137275
 20
26.378470167866105
 10
303.60245483899195
 20
26.39039264020162
 10
303.6509914298352
 20
26.397592363336102
 10
303.7
 20
26.400000000000002
 10
305.09999999999997
 20
26.400000000000002
 10
305.14900857016477
 20
26.397592363336102
 10
305.197545161008
 20
26.39039264020162
 10
305.2451423386272
 20
26.378470167866105
 10
305.2913417161825
 20
26.361939766255645
 10
305.335698368413
 20
26.34096063217418
 10
305.37778511650976
 20
26.315734806151276
 10
305.41719664208176
 20
26.28650522668137
 10
305.45355339059324
 20
26.253553390593275
 10
305.48650522668134
 20
26.217196642081824
 10
305.5157348061512
 20
26.177785116509803
 10
305.5409606321741
 20
26.135698368413
 10
305.5619397662556
 20
26.091341716182548
 10
305.57847016786604
 20
26.045142338627233
 10
305.59039264020157
 20
25.997545161008066
 10
305.59759236333605
 20
25.949008570164782
 10
305.59999999999997
 20
25.900000000000002
 10
305.59999999999997
 20
24.500000000000004
 10
305.59759236333605
 20
24.450991429835224
 10
305.59039264020157
 20
24.40245483899194
 10
305.57847016786604
 20
24.354857661372773
 10
305.5619397662556
 20
24.308658283817458
 10
305.5409606321741
 20
24.264301631587006
 10
305.5157348061512
 20
24.222214883490203
 10
305.48650522668134
 20
24.182803357918182
 10
305.45355339059324
 20
24.14644660940673
 10
305.41719664208176
 20
24.113494773318635
 10
305.37778511650976
 20
24.08426519384873
 10
305.335698368413
 20
24.059039367825825
 10
305.2913417161825
 20
24.03806023374436
 10
305.2451423386272
 20
24.0215298321339
 10
305.197545161008
 20
24.009607359798387
  0
LWPOLYLINE
  5
14B
330
17
100
AcDbEntity
  8
CUT
100
AcDbPolyline
 90
95
 70
1
 10
274.45180353425917
 20
27.20758102991667
 10
274.4146137286613
 20
27.78379898171014
 10
274.11956452264815
 20
28.718713935703605
 10
273.9046806716267
 20
29.021252645059146
 10
273.64553289037934
 20
29.252672680164814
 10
272.84891071094984
 20
29.569278930963733
 10
272.36471347393956
 20
29.60867555654724
 10
270.5496388396884
 20
29.60867555654724
 10
270.5496388396884
 20
33.13019763045065
 10
272.36548291592715
 20
33.13019763045065
 10
272.78690821672694
 20
33.16323837148968
 10
273.47555008530526
 20
33.427716770291504
 10
273.6881989710781
 20
33.612045594174056
 10
273.8632662041635
 20
33.854207559939404
 10
274.11406200251656
 20
34.63253934793177
 10
274.14567136679807
 20
35.11125772008521
 10
274.14567136679807
 20
35.64960689821339
 10
274.11329367359576
 20
36.072188016589394
 10
273.8540551413828
 20
36.766278280256394
 10
273.6728080020458
 20
36.98293960718729
 10
273.4407444491642
 20
37.158265154849
 10
272.691013462505
 20
37.409887198316795
 10
272.24836320065447
 20
37.4402651574634
 10
271.87736310196794
 20
37.4130504792426
 10
271.1743235079149
 20
37.17870394789159
 10
270.9165391906886
 20
37.00465382732461
 10
270.6917198569754
 20
36.777462211681005
 10
270.2854405991479
 20
36.01966307425486
 10
270.0396046941082
 20
35.13538161977828
 10
266.36228919603417
 20
35.13538161977828
 10
266.61035271359424
 20
36.34564349383741
 10
266.9506184864397
 20
37.42776462789445
 10
267.4314855582532
 20
38.393940961561356
 10
268.045101216753
 20
39.21912907787872
 10
268.4164605144704
 20
39.593741474369196
 10
268.8199846531697
 20
39.92928530460509
 10
269.6751565319582
 20
40.44777534135088
 10
270.6388579211283
 20
40.79615565574571
 10
271.6798137002021
 20
40.96633313979811
 10
272.2460443523131
 20
40.98792786996778
 10
272.87665827468334
 20
40.96650896825476
 10
274.0156809901582
 20
40.79699526599973
 10
275.04036075225434
 20
40.44754452205055
 10
275.91823567750436
 20
39.921837065204116
 10
276.31976676901024
 20
39.57715927759059
 10
276.6787610431628
 20
39.19081305874067
 10
277.227900297426
 20
38.34379702473226
 10
277.5941731949698
 20
37.35190271834048
 10
277.7716573449044
 20
36.25061907992608
 10
277.79372806991876
 20
35.650596947084196
 10
277.79372806991876
 20
35.316547729457675
 10
277.74097055865224
 20
34.56596519079066
 10
277.32573920518087
 20
33.23722485968231
 10
276.93893214908337
 20
32.60877540328915
 10
276.45551055919304
 20
32.050683770898836
 10
275.65733372216243
 20
31.483840335771532
 10
276.3333387352578
 20
31.101110529362387
 10
276.909357458484
 20
30.553190280439935
 10
277.1733476529015
 20
30.217202760272208
 10
277.5913423160446
 20
29.505592333750677
 10
278.0431980415867
 20
27.903157638779103
 10
278.0998602373798
 20
26.97085721726669
 10
278.0998602373798
 20
26.639295265591343
 10
278.076582008143
 20
26.005594966456417
 10
277.8894431596983
 20
24.842699893569794
 10
277.5038975732137
 20
23.796865091522083
 10
276.9258344190457
 20
22.903494762353386
 10
276.54871278354886
 20
22.496734241720674
 10
276.12761064462217
 20
22.13465410828491
 10
275.2041406286294
 20
21.58124698542443
 10
274.1252627194413
 20
21.213396721169044
 10
272.92348747743506
 20
21.034710284460957
 10
272.25607603436856
 20
21.012072130032227
 10
271.43287374816316
 20
21.050418349128257
 10
269.97085827304045
 20
21.35193192634199
 10
269.281736710169
 20
21.630385115990627
 10
268.6460290250939
 20
21.987573010015993
 10
267.6189442812048
 20
22.87520443738574
 10
267.1791832425181
 20
23.448288010258114
 10
266.8127674672799
 20
24.085132996868186
 10
266.32378647972234
 20
25.471665752698005
 10
266.07055272056357
 20
26.864692603080165
 10
269.76609392957687
 20
26.864692603080165
 10
269.96870091481844
 20
25.96953810464902
 10
270.3647763658084
 20
25.233969409953467
 10
270.6049439320151
 20
25.012972647257712
 10
270.9098492472002
 20
24.832680808713462
 10
271.77404718897816
 20
24.588840725556203
 10
272.25676433047397
 20
24.559611192500356
 10
272.7617657605665
 20
24.595258352271593
 10
273.6171387693124
 20
24.888529098127336
 10
273.89470768026536
 20
25.10049081194595
 10
274.112736917744
 20
25.36550757488933
 10
274.41415122675795
 20
26.18363212792722
 10
274.45180353425917
 20
26.680857742986586
  0
LWPOLYLINE
  5
14C
330
17
100
AcDbEntity
  8
CUT
100
AcDbPolyline
 90
12
 70
1
 10
282.68934161175184
 20
21.72627331847434
 10
288.4474199569421
 20
31.18467272546927
 10
282.840366814366
 20
40.2738009043841
 10
285.7629085730613
 20
40.2738009043841
 10
289.804776396329
 20
33.457524265327336
 10
293.7958166472405
 20
40.2738009043841
 10
296.71835840593576
 20
40.2738009043841
 10
291.17384038701164
 20
31.198941073011177
 10
297.0
 20
21.72627331847434
 10
294.0774582413047
 20
21.72627331847434
 10
289.819394171245
 20
28.926403672334835
 10
285.60780160821434
 20
21.72627331847434
  0
LWPOLYLINE
  5
14D
330
17
100
AcDbEntity
  8
CUT
100
AcDbPolyline
 90
68
 70
1
 10
305.14900857016477
 20
32.002407636663904
 10
305.09999999999997
 20
32.0
 10
303.7
 20
32.0
 10
303.6509914298352
 20
32.002407636663904
 10
303.60245483899195
 20
32.00960735979839
 10
303.55485766137275
 20
32.02152983213389
 10
303.50865828381745
 20
32.03806023374435
 10
303.464301631587
 20
32.059039367825825
 10
303.4222148834902
 20
32.08426519384873
 10
303.3828033579182
 20
32.113494773318635
 10
303.3464466094067
 20
32.14644660940672
 10
303.3134947733186
 20
32.182803357918175
 10
303.28426519384874
 20
32.222214883490196
 10
303.25903936782584
 20
32.264301631587
 10
303.23806023374436
 20
32.30865828381746
 10
303.2215298321339
 20
32.35485766137277
 10
303.2096073597984
 20
32.402454838991936
 10
303.2024076366639
 20
32.45099142983522
 10
303.2
 20
32.5
 10
303.2
 20
33.900000000000006
 10
303.2024076366639
 20
33.949008570164786
 10
303.2096073597984
 20
33.99754516100807
 10
303.2215298321339
 20
34.04514233862724
 10
303.23806023374436
 20
34.09134171618255
 10
303.25903936782584
 20
34.135698368413
 10
303.28426519384874
 20
34.17778511650981
 10
303.3134947733186
 20
34.21719664208183
 10
303.3464466094067
 20
34.25355339059328
 10
303.3828033579182
 20
34.28650522668138
 10
303.4222148834902
 20
34.315734806151276
 10
303.464301631587
 20
34.34096063217418
 10
303.50865828381745
 20
34.36193976625565
 10
303.55485766137275
 20
34.37847016786611
 10
303.60245483899195
 20
34.39039264020162
 10
303.6509914298352
 20
34.3975923633361
 10
303.7
 20
34.400000000000006
 10
305.09999999999997
 20
34.400000000000006
 10
305.14900857016477
 20
34.3975923633361
 10
305.197545161008
 20
34.39039264020162
 10
305.2451423386272
 20
34.37847016786611
 10
305.2913417161825
 20
34.36193976625565
 10
305.335698368413
 20
34.34096063217418
 10
305.37778511650976
 20
34.315734806151276
 10
305.41719664208176
 20
34.28650522668137
 10
305.45355339059324
 20
34.25355339059328
 10
305.48650522668134
 20
34.21719664208183
 10
305.5157348061512
 20
34.17778511650981
 10
305.5409606321741
 20
34.135698368413
 10
305.5619397662556
 20
34.09134171618255
 10
305.57847016786604
 20
34.04514233862724
 10
305.59039264020157
 20
33.99754516100807
 10
305.59759236333605
 20
33.949008570164786
 10
305.59999999999997
 20
33.900000000000006
 10
305.59999999999997
 20
32.5
 10
305.59759236333605
 20
32.45099142983522
 10
305.59039264020157
 20
32.402454838991936
 10
305.57847016786604
 20
32.35485766137277
 10
305.5619397662556
 20
32.30865828381746
 10
305.5409606321741
 20
32.264301631587
 10
305.5157348061512
 20
32.222214883490196
 10
305.48650522668134
 20
32.182803357918175
 10
305.45355339059324
 20
32.14644660940672
 10
305.41719664208176
 20
32.113494773318635
 10
305.37778511650976
 20
32.08426519384873
 10
305.335698368413
 20
32.059039367825825
 10
305.2913417161825
 20
32.03806023374435
 10
305.2451423386272
 20
32.02152983213389
 10
305.197545161008
 20
32.00960735979839
  0
LWPOLYLINE
  5
14E
330
17
100
AcDbEntity
  8
CUT
100
AcDbPolyline
 90
68
 70
1
 10
305.09999999999997
 20
40.0
 10
303.7
 20
40.0
 10
303.6509914298352
 20
40.002407636663904
 10
303.60245483899195
 20
40.00960735979839
 10
303.55485766137275
 20
40.02152983213389
 10
303.50865828381745
 20
40.03806023374435
 10
303.464301631587
 20
40.059039367825825
 10
303.4222148834902
 20
40.08426519384873
 10
303.3828033579182
 20
40.113494773318635
 10
303.3464466094067
 20
40.14644660940672
 10
303.3134947733186
 20
40.182803357918175
 10
303.28426519384874
 20
40.222214883490196
 10
303.25903936782584
 20
40.264301631587
 10
303.23806023374436
 20
40.30865828381746
 10
303.2215298321339
 20
40.35485766137277
 10
303.2096073597984
 20
40.402454838991936
 10
303.2024076366639
 20
40.45099142983522
 10
303.2
 20
40.5
 10
303.2
 20
41.900000000000006
 10
303.2024076366639
 20
41.949008570164786
 10
303.2096073597984
 20
41.99754516100807
 10
303.2215298321339
 20
42.04514233862724
 10
303.23806023374436
 20
42.09134171618255
 10
303.25903936782584
 20
42.135698368413
 10
303.28426519384874
 20
42.17778511650981
 10
303.3134947733186
 20
42.21719664208183
 10
303.3464466094067
 20
42.25355339059328
 10
303.3828033579182
 20
42.28650522668138
 10
303.4222148834902
 20
42.315734806151276
 10
303.464301631587
 20
42.34096063217418
 10
303.50865828381745
 20
42.36193976625565
 10
303.55485766137275
 20
42.37847016786611
 10
303.60245483899195
 20
42.39039264020162
 10
303.6509914298352
 20
42.3975923633361
 10
303.7
 20
42.400000000000006
 10
305.09999999999997
 20
42.400000000000006
 10
305.14900857016477
 20
42.3975923633361
 10
305.197545161008
 20
42.39039264020162
 10
305.2451423386272
 20
42.37847016786611
 10
305.2913417161825
 20
42.36193976625565
 10
305.335698368413
 20
42.34096063217418
 10
305.37778511650976
 20
42.315734806151276
 10
305.41719664208176
 20
42.28650522668137
 10
305.45355339059324
 20
42.25355339059328
 10
305.48650522668134
 20
42.21719664208183
 10
305.5157348061512
 20
42.17778511650981
 10
305.5409606321741
 20
42.135698368413
 10
305.5619397662556
 20
42.09134171618255
 10
305.57847016786604
 20
42.04514233862724
 10
305.59039264020157
 20
41.99754516100807
 10
305.59759236333605
 20
41.949008570164786
 10
305.59999999999997
 20
41.900000000000006
 10
305.59999999999997
 20
40.5
 10
305.59759236333605
 20
40.45099142983522
 10
305.59039264020157
 20
40.402454838991936
 10
305.57847016786604
 20
40.35485766137277
 10
305.5619397662556
 20
40.30865828381746
 10
305.5409606321741
 20
40.264301631587
 10
305.5157348061512
 20
40.222214883490196
 10
305.48650522668134
 20
40.182803357918175
 10
305.45355339059324
 20
40.14644660940672
 10
305.41719664208176
 20
40.113494773318635
 10
305.37778511650976
 20
40.08426519384873
 10
305.335698368413
 20
40.059039367825825
 10
305.2913417161825
 20
40.03806023374435
 10
305.2451423386272
 20
40.02152983213389
 10
305.197545161008
 20
40.00960735979839
 10
305.14900857016477
 20
40.002407636663904
  0
LWPOLYLINE
  5
14F
330
17
100
AcDbEntity
  8
CUT
100
AcDbPolyline
 90
68
 70
1
 10
274.30781885436244
 20
46.30529680066059
 10
274.19999999999993
 20
46.300000000000004
 10
270.6
 20
46.300000000000004
 10
270.4921811456375
 20
46.30529680066059
 10
270.3854006457823
 20
46.321136191556455
 10
270.2806868550201
 20
46.347365630694576
 10
270.1790482243984
 20
46.38373251423759
 10
270.0814635894914
 20
46.429886609216815
 10
269.9888727436785
 20
46.48538342646721
 10
269.90216738742004
 20
46.549688501301
 10
269.8221825406948
 20
46.6221825406948
 10
269.749688501301
 20
46.70216738742
 10
269.68538342646724
 20
46.788872743678446
 10
269.62988660921684
 20
46.88146358949141
 10
269.5837325142376
 20
46.979048224398404
 10
269.54736563069457
 20
47.0806868550201
 10
269.5211361915565
 20
47.185400645782266
 10
269.50529680066063
 20
47.29218114563749
 10
269.5
 20
47.400000000000006
 10
269.5
 20
51.0
 10
269.50529680066063
 20
51.10781885436252
 10
269.5211361915565
 20
51.21459935421774
 10
269.54736563069457
 20
51.31931314497991
 10
269.5837325142376
 20
51.4209517756016
 10
269.62988660921684
 20
51.518536410508595
 10
269.68538342646724
 20
51.61112725632156
 10
269.749688501301
 20
51.69783261258001
 10
269.8221825406948
 20
51.777817459305204
 10
269.90216738742004
 20
51.850311498699014
 10
269.9888727436785
 20
51.9146165735328
 10
270.0814635894914
 20
51.97011339078319
 10
270.1790482243984
 20
52.01626748576241
 10
270.2806868550201
 20
52.05263436930543
 10
270.3854006457823
 20
52.07886380844355
 10
270.4921811456375
 20
52.09470319933941
 10
270.6
 20
52.1
 10
274.19999999999993
 20
52.1
 10
274.30781885436244
 20
52.09470319933941
 10
274.41459935421767
 20
52.07886380844355
 10
274.51931314497983
 20
52.05263436930543
 10
274.62095177560155
 20
52.01626748576241
 10
274.71853641050853
 20
51.97011339078319
 10
274.81112725632147
 20
51.9146165735328
 10
274.8978326125799
 20
51.850311498699014
 10
274.97781745930513
 20
51.777817459305204
 10
275.05031149869893
 20
51.69783261258001
 10
275.1146165735327
 20
51.61112725632156
 10
275.1701133907831
 20
51.518536410508595
 10
275.21626748576233
 20
51.4209517756016
 10
275.2526343693054
 20
51.31931314497991
 10
275.2788638084435
 20
51.21459935421774
 10
275.2947031993393
 20
51.10781885436252
 10
275.29999999999995
 20
51.0
 10
275.29999999999995
 20
47.400000000000006
 10
275.2947031993393
 20
47.29218114563749
 10
275.2788638084435
 20
47.185400645782266
 10
275.2526343693054
 20
47.0806868550201
 10
275.21626748576233
 20
46.979048224398404
 10
275.1701133907831
 20
46.88146358949141
 10
275.1146165735327
 20
46.788872743678446
 10
275.05031149869893
 20
46.70216738742
 10
274.97781745930513
 20
46.6221825406948
 10
274.8978326125799
 20
46.54968850130099
 10
274.81112725632147
 20
46.48538342646721
 10
274.71853641050853
 20
46.429886609216815
 10
274.62095177560155
 20
46.38373251423759
 10
274.51931314497983
 20
46.347365630694576
 10
274.41459935421767
 20
46.321136191556455
  0
LWPOLYLINE
  5
150
330
17
100
AcDbEntity
  8
CUT
100
AcDbPolyline
 90
68
 70
1
 10
282.19999999999993
 20
46.300000000000004
 10
278.6
 20
46.300000000000004
 10
278.4921811456375
 20
46.30529680066059
 10
278.3854006457823
 20
46.321136191556455
 10
278.2806868550201
 20
46.347365630694576
 10
278.1790482243984
 20
46.38373251423759
 10
278.0814635894914
 20
46.429886609216815
 10
277.9888727436785
 20
46.48538342646721
 10
277.90216738742004
 20
46.549688501301
 10
277.8221825406948
 20
46.6221825406948
 10
277.749688501301
 20
46.70216738742
 10
277.68538342646724
 20
46.788872743678446
 10
277.62988660921684
 20
46.88146358949141
 10
277.5837325142376
 20
46.979048224398404
 10
277.54736563069457
 20
47.0806868550201
 10
277.5211361915565
 20
47.185400645782266
 10
277.50529680066063
 20
47.29218114563749
 10
277.5
 20
47.400000000000006
 10
277.5
 20
51.0
 10
277.50529680066063
 20
51.10781885436252
 10
277.5211361915565
 20
51.21459935421774
 10
277.54736563069457
 20
51.31931314497991
 10
277.5837325142376
 20
51.4209517756016
 10
277.62988660921684
 20
51.518536410508595
 10
277.68538342646724
 20
51.61112725632156
 10
277.749688501301
 20
51.69783261258001
 10
277.8221825406948
 20
51.777817459305204
 10
277.90216738742004
 20
51.850311498699014
 10
277.9888727436785
 20
51.9146165735328
 10
278.0814635894914
 20
51.97011339078319
 10
278.1790482243984
 20
52.01626748576241
 10
278.2806868550201
 20
52.05263436930543
 10
278.3854006457823
 20
52.07886380844355
 10
278.4921811456375
 20
52.09470319933941
 10
278.6
 20
52.1
 10
282.19999999999993
 20
52.1
 10
282.30781885436244
 20
52.09470319933941
 10
282.41459935421767
 20
52.07886380844355
 10
282.51931314497983
 20
52.05263436930543
 10
282.62095177560155
 20
52.01626748576241
 10
282.71853641050853
 20
51.97011339078319
 10
282.81112725632147
 20
51.9146165735328
 10
282.8978326125799
 20
51.850311498699014
 10
282.97781745930513
 20
51.777817459305204
 10
283.05031149869893
 20
51.69783261258001
 10
283.1146165735327
 20
51.61112725632156
 10
283.1701133907831
 20
51.518536410508595
 10
283.21626748576233
 20
51.4209517756016
 10
283.2526343693054
 20
51.31931314497991
 10
283.2788638084435
 20
51.21459935421774
 10
283.2947031993393
 20
51.10781885436252
 10
283.29999999999995
 20
51.0
 10
283.29999999999995
 20
47.400000000000006
 10
283.2947031993393
 20
47.29218114563749
 10
283.2788638084435
 20
47.185400645782266
 10
283.2526343693054
 20
47.0806868550201
 10
283.21626748576233
 20
46.979048224398404
 10
283.1701133907831
 20
46.88146358949141
 10
283.1146165735327
 20
46.788872743678446
 10
283.05031149869893
 20
46.70216738742
 10
282.97781745930513
 20
46.6221825406948
 10
282.8978326125799
 20
46.54968850130099
 10
282.81112725632147
 20
46.48538342646721
 10
282.71853641050853
 20
46.429886609216815
 10
282.62095177560155
 20
46.38373251423759
 10
282.51931314497983
 20
46.347365630694576
 10
282.41459935421767
 20
46.321136191556455
 10
282.30781885436244
 20
46.30529680066059
  0
LWPOLYLINE
  5
151
330
17
100
AcDbEntity
  8
CUT
100
AcDbPolyline
 90
68
 70
1
 10
297.59999999999997
 20
47.2
 10
295.2
 20
47.2
 10
295.12158628773636
 20
47.20385221866224
 10
295.0439277423871
 20
47.21537177567742
 10
294.9677722581964
 20
47.234447731414235
 10
294.8938532541079
 20
47.260896373990974
 10
294.8228826105392
 20
47.29446298852132
 10
294.7555438135843
 20
47.33482431015796
 10
294.69248537266907
 20
47.38159163730981
 10
294.6343145750507
 20
47.43431457505076
 10
294.58159163730977
 20
47.49248537266909
 10
294.53482431015794
 20
47.55554381358432
 10
294.4944629885213
 20
47.6228826105392
 10
294.460896373991
 20
47.69385325410793
 10
294.4344477314142
 20
47.76777225819643
 10
294.4153717756774
 20
47.843927742387095
 10
294.4038522186622
 20
47.92158628773635
 10
294.4
 20
48.0
 10
294.4
 20
50.400000000000006
 10
294.4038522186622
 20
50.47841371226365
 10
294.4153717756774
 20
50.55607225761291
 10
294.4344477314142
 20
50.632227741803575
 10
294.460896373991
 20
50.70614674589208
 10
294.4944629885213
 20
50.777117389460805
 10
294.53482431015794
 20
50.844456186415684
 10
294.58159163730977
 20
50.90751462733092
 10
294.6343145750507
 20
50.96568542494924
 10
294.69248537266907
 20
51.018408362690195
 10
294.7555438135843
 20
51.06517568984204
 10
294.8228826105392
 20
51.10553701147869
 10
294.8938532541079
 20
51.13910362600903
 10
294.9677722581964
 20
51.16555226858577
 10
295.0439277423871
 20
51.18462822432259
 10
295.12158628773636
 20
51.196147781337764
 10
295.2
 20
51.2
 10
297.59999999999997
 20
51.2
 10
297.6784137122636
 20
51.196147781337764
 10
297.75607225761286
 20
51.18462822432259
 10
297.83222774180354
 20
51.16555226858577
 10
297.90614674589204
 20
51.13910362600903
 10
297.9771173894608
 20
51.10553701147869
 10
298.04445618641563
 20
51.06517568984204
 10
298.1075146273309
 20
51.018408362690195
 10
298.16568542494923
 20
50.96568542494924
 10
298.2184083626902
 20
50.90751462733092
 10
298.265175689842
 20
50.844456186415684
 10
298.30553701147863
 20
50.777117389460805
 10
298.339103626009
 20
50.70614674589208
 10
298.36555226858576
 20
50.632227741803575
 10
298.38462822432257
 20
50.55607225761291
 10
298.39614778133773
 20
50.47841371226365
 10
298.4
 20
50.400000000000006
 10
298.4
 20
48.0
 10
298.39614778133773
 20
47.92158628773635
 10
298.38462822432257
 20
47.843927742387095
 10
298.36555226858576
 20
47.76777225819643
 10
298.339103626009
 20
47.69385325410793
 10
298.30553701147863
 20
47.6228826105392
 10
298.265175689842
 20
47.55554381358432
 10
298.2184083626902
 20
47.49248537266909
 10
298.16568542494923
 20
47.43431457505076
 10
298.1075146273309
 20
47.38159163730981
 10
298.04445618641563
 20
47.33482431015796
 10
297.9771173894608
 20
47.29446298852132
 10
297.90614674589204
 20
47.260896373990974
 10
297.83222774180354
 20
47.234447731414235
 10
297.75607225761286
 20
47.21537177567742
 10
297.6784137122636
 20
47.20385221866224
  0
LWPOLYLINE
  5
152
330
17
100
AcDbEntity
  8
CUT
100
AcDbPolyline
 90
68
 70
1
 10
290.19999999999993
 20
46.300000000000004
 10
286.6
 20
46.300000000000004
 10
286.4921811456375
 20
46.30529680066059
 10
286.3854006457823
 20
46.321136191556455
 10
286.2806868550201
 20
46.347365630694576
 10
286.1790482243984
 20
46.38373251423759
 10
286.0814635894914
 20
46.429886609216815
 10
285.9888727436785
 20
46.48538342646721
 10
285.90216738742004
 20
46.549688501301
 10
285.8221825406948
 20
46.6221825406948
 10
285.749688501301
 20
46.70216738742
 10
285.68538342646724
 20
46.788872743678446
 10
285.62988660921684
 20
46.88146358949141
 10
285.5837325142376
 20
46.979048224398404
 10
285.54736563069457
 20
47.0806868550201
 10
285.5211361915565
 20
47.185400645782266
 10
285.50529680066063
 20
47.29218114563749
 10
285.5
 20
47.400000000000006
 10
285.5
 20
51.0
 10
285.50529680066063
 20
51.10781885436252
 10
285.5211361915565
 20
51.21459935421774
 10
285.54736563069457
 20
51.31931314497991
 10
285.5837325142376
 20
51.4209517756016
 10
285.62988660921684
 20
51.518536410508595
 10
285.68538342646724
 20
51.61112725632156
 10
285.749688501301
 20
51.69783261258001
 10
285.8221825406948
 20
51.777817459305204
 10
285.90216738742004
 20
51.850311498699014
 10
285.9888727436785
 20
51.9146165735328
 10
286.0814635894914
 20
51.97011339078319
 10
286.1790482243984
 20
52.01626748576241
 10
286.2806868550201
 20
52.05263436930543
 10
286.3854006457823
 20
52.07886380844355
 10
286.4921811456375
 20
52.09470319933941
 10
286.6
 20
52.1
 10
290.19999999999993
 20
52.1
 10
290.30781885436244
 20
52.09470319933941
 10
290.41459935421767
 20
52.07886380844355
 10
290.51931314497983
 20
52.05263436930543
 10
290.62095177560155
 20
52.01626748576241
 10
290.71853641050853
 20
51.97011339078319
 10
290.81112725632147
 20
51.9146165735328
 10
290.8978326125799
 20
51.850311498699014
 10
290.97781745930513
 20
51.777817459305204
 10
291.05031149869893
 20
51.69783261258001
 10
291.1146165735327
 20
51.61112725632156
 10
291.1701133907831
 20
51.518536410508595
 10
291.21626748576233
 20
51.4209517756016
 10
291.2526343693054
 20
51.31931314497991
 10
291.2788638084435
 20
51.21459935421774
 10
291.2947031993393
 20
51.10781885436252
 10
291.29999999999995
 20
51.0
 10
291.29999999999995
 20
47.400000000000006
 10
291.2947031993393
 20
47.29218114563749
 10
291.2788638084435
 20
47.185400645782266
 10
291.2526343693054
 20
47.0806868550201
 10
291.21626748576233
 20
46.979048224398404
 10
291.1701133907831
 20
46.88146358949141
 10
291.1146165735327
 20
46.788872743678446
 10
291.05031149869893
 20
46.70216738742
 10
290.97781745930513
 20
46.6221825406948
 10
290.8978326125799
 20
46.54968850130099
 10
290.81112725632147
 20
46.48538342646721
 10
290.71853641050853
 20
46.429886609216815
 10
290.62095177560155
 20
46.38373251423759
 10
290.51931314497983
 20
46.347365630694576
 10
290.41459935421767
 20
46.321136191556455
 10
290.30781885436244
 20
46.30529680066059
  0
LWPOLYLINE
  5
153
330
17
100
AcDbEntity
  8
CUT
100
AcDbPolyline
 90
68
 70
1
 10
298.19999999999993
 20
54.300000000000004
 10
294.6
 20
54.300000000000004
 10
294.4921811456375
 20
54.30529680066059
 10
294.3854006457823
 20
54.321136191556455
 10
294.2806868550201
 20
54.347365630694576
 10
294.1790482243984
 20
54.38373251423759
 10
294.0814635894914
 20
54.429886609216815
 10
293.9888727436785
 20
54.48538342646721
 10
293.90216738742004
 20
54.549688501301
 10
293.8221825406948
 20
54.6221825406948
 10
293.749688501301
 20
54.70216738742
 10
293.68538342646724
 20
54.788872743678446
 10
293.62988660921684
 20
54.88146358949141
 10
293.5837325142376
 20
54.979048224398404
 10
293.54736563069457
 20
55.0806868550201
 10
293.5211361915565
 20
55.185400645782266
 10
293.50529680066063
 20
55.29218114563749
 10
293.5
 20
55.400000000000006
 10
293.5
 20
59.0
 10
293.50529680066063
 20
59.10781885436252
 10
293.5211361915565
 20
59.21459935421774
 10
293.54736563069457
 20
59.31931314497991
 10
293.5837325142376
 20
59.4209517756016
 10
293.62988660921684
 20
59.518536410508595
 10
293.68538342646724
 20
59.61112725632156
 10
293.749688501301
 20
59.69783261258001
 10
293.8221825406948
 20
59.777817459305204
 10
293.90216738742004
 20
59.850311498699014
 10
293.9888727436785
 20
59.9146165735328
 10
294.0814635894914
 20
59.97011339078319
 10
294.1790482243984
 20
60.01626748576241
 10
294.2806868550201
 20
60.05263436930543
 10
294.3854006457823
 20
60.07886380844355
 10
294.4921811456375
 20
60.09470319933941
 10
294.6
 20
60.1
 10
298.19999999999993
 20
60.1
 10
298.30781885436244
 20
60.09470319933941
 10
298.41459935421767
 20
60.07886380844355
 10
298.51931314497983
 20
60.05263436930543
 10
298.62095177560155
 20
60.01626748576241
 10
298.71853641050853
 20
59.97011339078319
 10
298.81112725632147
 20
59.9146165735328
 10
298.8978326125799
 20
59.850311498699014
 10
298.97781745930513
 20
59.777817459305204
 10
299.05031149869893
 20
59.69783261258001
 10
299.1146165735327
 20
59.61112725632156
 10
299.1701133907831
 20
59.518536410508595
 10
299.21626748576233
 20
59.4209517756016
 10
299.2526343693054
 20
59.31931314497991
 10
299.2788638084435
 20
59.21459935421774
 10
299.2947031993393
 20
59.10781885436252
 10
299.29999999999995
 20
59.0
 10
299.29999999999995
 20
55.400000000000006
 10
299.2947031993393
 20
55.29218114563749
 10
299.2788638084435
 20
55.185400645782266
 10
299.2526343693054
 20
55.0806868550201
 10
299.21626748576233
 20
54.979048224398404
 10
299.1701133907831
 20
54.88146358949141
 10
299.1146165735327
 20
54.788872743678446
 10
299.05031149869893
 20
54.70216738742
 10
298.97781745930513
 20
54.6221825406948
 10
298.8978326125799
 20
54.54968850130099
 10
298.81112725632147
 20
54.48538342646721
 10
298.71853641050853
 20
54.429886609216815
 10
298.62095177560155
 20
54.38373251423759
 10
298.51931314497983
 20
54.347365630694576
 10
298.41459935421767
 20
54.321136191556455
 10
298.30781885436244
 20
54.30529680066059
  0
LWPOLYLINE
  5
154
330
17
100
AcDbEntity
  8
CUT
100
AcDbPolyline
 90
68
 70
1
 10
274.30781885436244
 20
54.30529680066059
 10
274.19999999999993
 20
54.300000000000004
 10
270.6
 20
54.300000000000004
 10
270.4921811456375
 20
54.30529680066059
 10
270.3854006457823
 20
54.321136191556455
 10
270.2806868550201
 20
54.347365630694576
 10
270.1790482243984
 20
54.38373251423759
 10
270.0814635894914
 20
54.429886609216815
 10
269.9888727436785
 20
54.48538342646721
 10
269.90216738742004
 20
54.549688501301
 10
269.8221825406948
 20
54.6221825406948
 10
269.749688501301
 20
54.70216738742
 10
269.68538342646724
 20
54.788872743678446
 10
269.62988660921684
 20
54.88146358949141
 10
269.5837325142376
 20
54.979048224398404
 10
269.54736563069457
 20
55.0806868550201
 10
269.5211361915565
 20
55.185400645782266
 10
269.50529680066063
 20
55.29218114563749
 10
269.5
 20
55.400000000000006
 10
269.5
 20
59.0
 10
269.50529680066063
 20
59.10781885436252
 10
269.5211361915565
 20
59.21459935421774
 10
269.54736563069457
 20
59.31931314497991
 10
269.5837325142376
 20
59.4209517756016
 10
269.62988660921684
 20
59.518536410508595
 10
269.68538342646724
 20
59.61112725632156
 10
269.749688501301
 20
59.69783261258001
 10
269.8221825406948
 20
59.777817459305204
 10
269.90216738742004
 20
59.850311498699014
 10
269.9888727436785
 20
59.9146165735328
 10
270.0814635894914
 20
59.97011339078319
 10
270.1790482243984
 20
60.01626748576241
 10
270.2806868550201
 20
60.05263436930543
 10
270.3854006457823
 20
60.07886380844355
 10
270.4921811456375
 20
60.09470319933941
 10
270.6
 20
60.1
 10
274.19999999999993
 20
60.1
 10
274.30781885436244
 20
60.09470319933941
 10
274.41459935421767
 20
60.07886380844355
 10
274.51931314497983
 20
60.05263436930543
 10
274.62095177560155
 20
60.01626748576241
 10
274.71853641050853
 20
59.97011339078319
 10
274.81112725632147
 20
59.9146165735328
 10
274.8978326125799
 20
59.850311498699014
 10
274.97781745930513
 20
59.777817459305204
 10
275.05031149869893
 20
59.69783261258001
 10
275.1146165735327
 20
59.61112725632156
 10
275.1701133907831
 20
59.518536410508595
 10
275.21626748576233
 20
59.4209517756016
 10
275.2526343693054
 20
59.31931314497991
 10
275.2788638084435
 20
59.21459935421774
 10
275.2947031993393
 20
59.10781885436252
 10
275.29999999999995
 20
59.0
 10
275.29999999999995
 20
55.400000000000006
 10
275.2947031993393
 20
55.29218114563749
 10
275.2788638084435
 20
55.185400645782266
 10
275.2526343693054
 20
55.0806868550201
 10
275.21626748576233
 20
54.979048224398404
 10
275.1701133907831
 20
54.88146358949141
 10
275.1146165735327
 20
54.788872743678446
 10
275.05031149869893
 20
54.70216738742
 10
274.97781745930513
 20
54.6221825406948
 10
274.8978326125799
 20
54.54968850130099
 10
274.81112725632147
 20
54.48538342646721
 10
274.71853641050853
 20
54.429886609216815
 10
274.62095177560155
 20
54.38373251423759
 10
274.51931314497983
 20
54.347365630694576
 10
274.41459935421767
 20
54.321136191556455
  0
LWPOLYLINE
  5
155
330
17
100
AcDbEntity
  8
CUT
100
AcDbPolyline
 90
68
 70
1
 10
282.19999999999993
 20
54.300000000000004
 10
278.6
 20
54.300000000000004
 10
278.4921811456375
 20
54.30529680066059
 10
278.3854006457823
 20
54.321136191556455
 10
278.2806868550201
 20
54.347365630694576
 10
278.1790482243984
 20
54.38373251423759
 10
278.0814635894914
 20
54.429886609216815
 10
277.9888727436785
 20
54.48538342646721
 10
277.90216738742004
 20
54.549688501301
 10
277.8221825406948
 20
54.6221825406948
 10
277.749688501301
 20
54.70216738742
 10
277.68538342646724
 20
54.788872743678446
 10
277.62988660921684
 20
54.88146358949141
 10
277.5837325142376
 20
54.979048224398404
 10
277.54736563069457
 20
55.0806868550201
 10
277.5211361915565
 20
55.185400645782266
 10
277.50529680066063
 20
55.29218114563749
 10
277.5
 20
55.400000000000006
 10
277.5
 20
59.0
 10
277.50529680066063
 20
59.10781885436252
 10
277.5211361915565
 20
59.21459935421774
 10
277.54736563069457
 20
59.31931314497991
 10
277.5837325142376
 20
59.4209517756016
 10
277.62988660921684
 20
59.518536410508595
 10
277.68538342646724
 20
59.61112725632156
 10
277.749688501301
 20
59.69783261258001
 10
277.8221825406948
 20
59.777817459305204
 10
277.90216738742004
 20
59.850311498699014
 10
277.9888727436785
 20
59.9146165735328
 10
278.0814635894914
 20
59.97011339078319
 10
278.1790482243984
 20
60.01626748576241
 10
278.2806868550201
 20
60.05263436930543
 10
278.3854006457823
 20
60.07886380844355
 10
278.4921811456375
 20
60.09470319933941
 10
278.6
 20
60.1
 10
282.19999999999993
 20
60.1
 10
282.30781885436244
 20
60.09470319933941
 10
282.41459935421767
 20
60.07886380844355
 10
282.51931314497983
 20
60.05263436930543
 10
282.62095177560155
 20
60.01626748576241
 10
282.71853641050853
 20
59.97011339078319
 10
282.81112725632147
 20
59.9146165735328
 10
282.8978326125799
 20
59.850311498699014
 10
282.97781745930513
 20
59.777817459305204
 10
283.05031149869893
 20
59.69783261258001
 10
283.1146165735327
 20
59.61112725632156
 10
283.1701133907831
 20
59.518536410508595
 10
283.21626748576233
 20
59.4209517756016
 10
283.2526343693054
 20
59.31931314497991
 10
283.2788638084435
 20
59.21459935421774
 10
283.2947031993393
 20
59.10781885436252
 10
283.29999999999995
 20
59.0
 10
283.29999999999995
 20
55.400000000000006
 10
283.2947031993393
 20
55.29218114563749
 10
283.2788638084435
 20
55.185400645782266
 10
283.2526343693054
 20
55.0806868550201
 10
283.21626748576233
 20
54.979048224398404
 10
283.1701133907831
 20
54.88146358949141
 10
283.1146165735327
 20
54.788872743678446
 10
283.05031149869893
 20
54.70216738742
 10
282.97781745930513
 20
54.6221825406948
 10
282.8978326125799
 20
54.54968850130099
 10
282.81112725632147
 20
54.48538342646721
 10
282.71853641050853
 20
54.429886609216815
 10
282.62095177560155
 20
54.38373251423759
 10
282.51931314497983
 20
54.347365630694576
 10
282.41459935421767
 20
54.321136191556455
 10
282.30781885436244
 20
54.30529680066059
  0
LWPOLYLINE
  5
156
330
17
100
AcDbEntity
  8
CUT
100
AcDbPolyline
 90
68
 70
1
 10
290.30781885436244
 20
54.30529680066059
 10
290.19999999999993
 20
54.300000000000004
 10
286.6
 20
54.300000000000004
 10
286.4921811456375
 20
54.30529680066059
 10
286.3854006457823
 20
54.321136191556455
 10
286.2806868550201
 20
54.347365630694576
 10
286.1790482243984
 20
54.38373251423759
 10
286.0814635894914
 20
54.429886609216815
 10
285.9888727436785
 20
54.48538342646721
 10
285.90216738742004
 20
54.549688501301
 10
285.8221825406948
 20
54.6221825406948
 10
285.749688501301
 20
54.70216738742
 10
285.68538342646724
 20
54.788872743678446
 10
285.62988660921684
 20
54.88146358949141
 10
285.5837325142376
 20
54.979048224398404
 10
285.54736563069457
 20
55.0806868550201
 10
285.5211361915565
 20
55.185400645782266
 10
285.50529680066063
 20
55.29218114563749
 10
285.5
 20
55.400000000000006
 10
285.5
 20
59.0
 10
285.50529680066063
 20
59.10781885436252
 10
285.5211361915565
 20
59.21459935421774
 10
285.54736563069457
 20
59.31931314497991
 10
285.5837325142376
 20
59.4209517756016
 10
285.62988660921684
 20
59.518536410508595
 10
285.68538342646724
 20
59.61112725632156
 10
285.749688501301
 20
59.69783261258001
 10
285.8221825406948
 20
59.777817459305204
 10
285.90216738742004
 20
59.850311498699014
 10
285.9888727436785
 20
59.9146165735328
 10
286.0814635894914
 20
59.97011339078319
 10
286.1790482243984
 20
60.01626748576241
 10
286.2806868550201
 20
60.05263436930543
 10
286.3854006457823
 20
60.07886380844355
 10
286.4921811456375
 20
60.09470319933941
 10
286.6
 20
60.1
 10
290.19999999999993
 20
60.1
 10
290.30781885436244
 20
60.09470319933941
 10
290.41459935421767
 20
60.07886380844355
 10
290.51931314497983
 20
60.05263436930543
 10
290.62095177560155
 20
60.01626748576241
 10
290.71853641050853
 20
59.97011339078319
 10
290.81112725632147
 20
59.9146165735328
 10
290.8978326125799
 20
59.850311498699014
 10
290.97781745930513
 20
59.777817459305204
 10
291.05031149869893
 20
59.69783261258001
 10
291.1146165735327
 20
59.61112725632156
 10
291.1701133907831
 20
59.518536410508595
 10
291.21626748576233
 20
59.4209517756016
 10
291.2526343693054
 20
59.31931314497991
 10
291.2788638084435
 20
59.21459935421774
 10
291.2947031993393
 20
59.10781885436252
 10
291.29999999999995
 20
59.0
 10
291.29999999999995
 20
55.400000000000006
 10
291.2947031993393
 20
55.29218114563749
 10
291.2788638084435
 20
55.185400645782266
 10
291.2526343693054
 20
55.0806868550201
 10
291.21626748576233
 20
54.979048224398404
 10
291.1701133907831
 20
54.88146358949141
 10
291.1146165735327
 20
54.788872743678446
 10
291.05031149869893
 20
54.70216738742
 10
290.97781745930513
 20
54.6221825406948
 10
290.8978326125799
 20
54.54968850130099
 10
290.81112725632147
 20
54.48538342646721
 10
290.71853641050853
 20
54.429886609216815
 10
290.62095177560155
 20
54.38373251423759
 10
290.51931314497983
 20
54.347365630694576
 10
290.41459935421767
 20
54.321136191556455
  0
LWPOLYLINE
  5
157
330
17
100
AcDbEntity
  8
CUT
100
AcDbPolyline
 90
68
 70
1
 10
274.30781885436244
 20
62.30529680066059
 10
274.19999999999993
 20
62.300000000000004
 10
270.6
 20
62.300000000000004
 10
270.4921811456375
 20
62.30529680066059
 10
270.3854006457823
 20
62.321136191556455
 10
270.2806868550201
 20
62.347365630694576
 10
270.1790482243984
 20
62.38373251423759
 10
270.0814635894914
 20
62.429886609216815
 10
269.9888727436785
 20
62.48538342646721
 10
269.90216738742004
 20
62.549688501301
 10
269.8221825406948
 20
62.6221825406948
 10
269.749688501301
 20
62.70216738742
 10
269.68538342646724
 20
62.788872743678446
 10
269.62988660921684
 20
62.88146358949141
 10
269.5837325142376
 20
62.979048224398404
 10
269.54736563069457
 20
63.0806868550201
 10
269.5211361915565
 20
63.185400645782266
 10
269.50529680066063
 20
63.29218114563749
 10
269.5
 20
63.400000000000006
 10
269.5
 20
67.00000000000001
 10
269.50529680066063
 20
67.10781885436253
 10
269.5211361915565
 20
67.21459935421775
 10
269.54736563069457
 20
67.31931314497993
 10
269.5837325142376
 20
67.42095177560161
 10
269.62988660921684
 20
67.51853641050862
 10
269.68538342646724
 20
67.61112725632158
 10
269.749688501301
 20
67.69783261258003
 10
269.8221825406948
 20
67.77781745930521
 10
269.90216738742004
 20
67.85031149869903
 10
269.9888727436785
 20
67.91461657353281
 10
270.0814635894914
 20
67.97011339078321
 10
270.1790482243984
 20
68.01626748576243
 10
270.2806868550201
 20
68.05263436930544
 10
270.3854006457823
 20
68.07886380844357
 10
270.4921811456375
 20
68.09470319933943
 10
270.6
 20
68.10000000000001
 10
274.19999999999993
 20
68.10000000000001
 10
274.30781885436244
 20
68.09470319933943
 10
274.41459935421767
 20
68.07886380844357
 10
274.51931314497983
 20
68.05263436930544
 10
274.62095177560155
 20
68.01626748576243
 10
274.71853641050853
 20
67.97011339078321
 10
274.81112725632147
 20
67.91461657353281
 10
274.8978326125799
 20
67.85031149869903
 10
274.97781745930513
 20
67.77781745930521
 10
275.05031149869893
 20
67.69783261258003
 10
275.1146165735327
 20
67.61112725632158
 10
275.1701133907831
 20
67.51853641050862
 10
275.21626748576233
 20
67.42095177560161
 10
275.2526343693054
 20
67.31931314497993
 10
275.2788638084435
 20
67.21459935421775
 10
275.2947031993393
 20
67.10781885436253
 10
275.29999999999995
 20
67.00000000000001
 10
275.29999999999995
 20
63.400000000000006
 10
275.2947031993393
 20
63.29218114563749
 10
275.2788638084435
 20
63.185400645782266
 10
275.2526343693054
 20
63.0806868550201
 10
275.21626748576233
 20
62.979048224398404
 10
275.1701133907831
 20
62.88146358949141
 10
275.1146165735327
 20
62.788872743678446
 10
275.05031149869893
 20
62.70216738742
 10
274.97781745930513
 20
62.6221825406948
 10
274.8978326125799
 20
62.54968850130099
 10
274.81112725632147
 20
62.48538342646721
 10
274.71853641050853
 20
62.429886609216815
 10
274.62095177560155
 20
62.38373251423759
 10
274.51931314497983
 20
62.347365630694576
 10
274.41459935421767
 20
62.321136191556455
  0
LWPOLYLINE
  5
158
330
17
100
AcDbEntity
  8
CUT
100
AcDbPolyline
 90
68
 70
1
 10
298.19999999999993
 20
62.300000000000004
 10
294.6
 20
62.300000000000004
 10
294.4921811456375
 20
62.30529680066059
 10
294.3854006457823
 20
62.321136191556455
 10
294.2806868550201
 20
62.347365630694576
 10
294.1790482243984
 20
62.38373251423759
 10
294.0814635894914
 20
62.429886609216815
 10
293.9888727436785
 20
62.48538342646721
 10
293.90216738742004
 20
62.549688501301
 10
293.8221825406948
 20
62.6221825406948
 10
293.749688501301
 20
62.70216738742
 10
293.68538342646724
 20
62.788872743678446
 10
293.62988660921684
 20
62.88146358949141
 10
293.5837325142376
 20
62.979048224398404
 10
293.54736563069457
 20
63.0806868550201
 10
293.5211361915565
 20
63.185400645782266
 10
293.50529680066063
 20
63.29218114563749
 10
293.5
 20
63.400000000000006
 10
293.5
 20
67.00000000000001
 10
293.50529680066063
 20
67.10781885436253
 10
293.5211361915565
 20
67.21459935421775
 10
293.54736563069457
 20
67.31931314497993
 10
293.5837325142376
 20
67.42095177560161
 10
293.62988660921684
 20
67.51853641050862
 10
293.68538342646724
 20
67.61112725632158
 10
293.749688501301
 20
67.69783261258003
 10
293.8221825406948
 20
67.77781745930521
 10
293.90216738742004
 20
67.85031149869903
 10
293.9888727436785
 20
67.91461657353281
 10
294.0814635894914
 20
67.97011339078321
 10
294.1790482243984
 20
68.01626748576243
 10
294.2806868550201
 20
68.05263436930544
 10
294.3854006457823
 20
68.07886380844357
 10
294.4921811456375
 20
68.09470319933943
 10
294.6
 20
68.10000000000001
 10
298.19999999999993
 20
68.10000000000001
 10
298.30781885436244
 20
68.09470319933943
 10
298.41459935421767
 20
68.07886380844357
 10
298.51931314497983
 20
68.05263436930544
 10
298.62095177560155
 20
68.01626748576243
 10
298.71853641050853
 20
67.97011339078321
 10
298.81112725632147
 20
67.91461657353281
 10
298.8978326125799
 20
67.85031149869903
 10
298.97781745930513
 20
67.77781745930521
 10
299.05031149869893
 20
67.69783261258003
 10
299.1146165735327
 20
67.61112725632158
 10
299.1701133907831
 20
67.51853641050862
 10
299.21626748576233
 20
67.42095177560161
 10
299.2526343693054
 20
67.31931314497993
 10
299.2788638084435
 20
67.21459935421775
 10
299.2947031993393
 20
67.10781885436253
 10
299.29999999999995
 20
67.00000000000001
 10
299.29999999999995
 20
63.400000000000006
 10
299.2947031993393
 20
63.29218114563749
 10
299.2788638084435
 20
63.185400645782266
 10
299.2526343693054
 20
63.0806868550201
 10
299.21626748576233
 20
62.979048224398404
 10
299.1701133907831
 20
62.88146358949141
 10
299.1146165735327
 20
62.788872743678446
 10
299.05031149869893
 20
62.70216738742
 10
298.97781745930513
 20
62.6221825406948
 10
298.8978326125799
 20
62.54968850130099
 10
298.81112725632147
 20
62.48538342646721
 10
298.71853641050853
 20
62.429886609216815
 10
298.62095177560155
 20
62.38373251423759
 10
298.51931314497983
 20
62.347365630694576
 10
298.41459935421767
 20
62.321136191556455
 10
298.30781885436244
 20
62.30529680066059
  0
LWPOLYLINE
  5
159
330
17
100
AcDbEntity
  8
CUT
100
AcDbPolyline
 90
68
 70
1
 10
290.19999999999993
 20
62.300000000000004
 10
286.6
 20
62.300000000000004
 10
286.4921811456375
 20
62.30529680066059
 10
286.3854006457823
 20
62.321136191556455
 10
286.2806868550201
 20
62.347365630694576
 10
286.1790482243984
 20
62.38373251423759
 10
286.0814635894914
 20
62.429886609216815
 10
285.9888727436785
 20
62.48538342646721
 10
285.90216738742004
 20
62.549688501301
 10
285.8221825406948
 20
62.6221825406948
 10
285.749688501301
 20
62.70216738742
 10
285.68538342646724
 20
62.788872743678446
 10
285.62988660921684
 20
62.88146358949141
 10
285.5837325142376
 20
62.979048224398404
 10
285.54736563069457
 20
63.0806868550201
 10
285.5211361915565
 20
63.185400645782266
 10
285.50529680066063
 20
63.29218114563749
 10
285.5
 20
63.400000000000006
 10
285.5
 20
67.00000000000001
 10
285.50529680066063
 20
67.10781885436253
 10
285.5211361915565
 20
67.21459935421775
 10
285.54736563069457
 20
67.31931314497993
 10
285.5837325142376
 20
67.42095177560161
 10
285.62988660921684
 20
67.51853641050862
 10
285.68538342646724
 20
67.61112725632158
 10
285.749688501301
 20
67.69783261258003
 10
285.8221825406948
 20
67.77781745930521
 10
285.90216738742004
 20
67.85031149869903
 10
285.9888727436785
 20
67.91461657353281
 10
286.0814635894914
 20
67.97011339078321
 10
286.1790482243984
 20
68.01626748576243
 10
286.2806868550201
 20
68.05263436930544
 10
286.3854006457823
 20
68.07886380844357
 10
286.4921811456375
 20
68.09470319933943
 10
286.6
 20
68.10000000000001
 10
290.19999999999993
 20
68.10000000000001
 10
290.30781885436244
 20
68.09470319933943
 10
290.41459935421767
 20
68.07886380844357
 10
290.51931314497983
 20
68.05263436930544
 10
290.62095177560155
 20
68.01626748576243
 10
290.71853641050853
 20
67.97011339078321
 10
290.81112725632147
 20
67.91461657353281
 10
290.8978326125799
 20
67.85031149869903
 10
290.97781745930513
 20
67.77781745930521
 10
291.05031149869893
 20
67.69783261258003
 10
291.1146165735327
 20
67.61112725632158
 10
291.1701133907831
 20
67.51853641050862
 10
291.21626748576233
 20
67.42095177560161
 10
291.2526343693054
 20
67.31931314497993
 10
291.2788638084435
 20
67.21459935421775
 10
291.2947031993393
 20
67.10781885436253
 10
291.29999999999995
 20
67.00000000000001
 10
291.29999999999995
 20
63.400000000000006
 10
291.2947031993393
 20
63.29218114563749
 10
291.2788638084435
 20
63.185400645782266
 10
291.2526343693054
 20
63.0806868550201
 10
291.21626748576233
 20
62.979048224398404
 10
291.1701133907831
 20
62.88146358949141
 10
291.1146165735327
 20
62.788872743678446
 10
291.05031149869893
 20
62.70216738742
 10
290.97781745930513
 20
62.6221825406948
 10
290.8978326125799
 20
62.54968850130099
 10
290.81112725632147
 20
62.48538342646721
 10
290.71853641050853
 20
62.429886609216815
 10
290.62095177560155
 20
62.38373251423759
 10
290.51931314497983
 20
62.347365630694576
 10
290.41459935421767
 20
62.321136191556455
 10
290.30781885436244
 20
62.30529680066059
  0
LWPOLYLINE
  5
15A
330
17
100
AcDbEntity
  8
CUT
100
AcDbPolyline
 90
68
 70
1
 10
282.30781885436244
 20
62.30529680066059
 10
282.19999999999993
 20
62.300000000000004
 10
278.6
 20
62.300000000000004
 10
278.4921811456375
 20
62.30529680066059
 10
278.3854006457823
 20
62.321136191556455
 10
278.2806868550201
 20
62.347365630694576
 10
278.1790482243984
 20
62.38373251423759
 10
278.0814635894914
 20
62.429886609216815
 10
277.9888727436785
 20
62.48538342646721
 10
277.90216738742004
 20
62.549688501301
 10
277.8221825406948
 20
62.6221825406948
 10
277.749688501301
 20
62.70216738742
 10
277.68538342646724
 20
62.788872743678446
 10
277.62988660921684
 20
62.88146358949141
 10
277.5837325142376
 20
62.979048224398404
 10
277.54736563069457
 20
63.0806868550201
 10
277.5211361915565
 20
63.185400645782266
 10
277.50529680066063
 20
63.29218114563749
 10
277.5
 20
63.400000000000006
 10
277.5
 20
67.00000000000001
 10
277.50529680066063
 20
67.10781885436253
 10
277.5211361915565
 20
67.21459935421775
 10
277.54736563069457
 20
67.31931314497993
 10
277.5837325142376
 20
67.42095177560161
 10
277.62988660921684
 20
67.51853641050862
 10
277.68538342646724
 20
67.61112725632158
 10
277.749688501301
 20
67.69783261258003
 10
277.8221825406948
 20
67.77781745930521
 10
277.90216738742004
 20
67.85031149869903
 10
277.9888727436785
 20
67.91461657353281
 10
278.0814635894914
 20
67.97011339078321
 10
278.1790482243984
 20
68.01626748576243
 10
278.2806868550201
 20
68.05263436930544
 10
278.3854006457823
 20
68.07886380844357
 10
278.4921811456375
 20
68.09470319933943
 10
278.6
 20
68.10000000000001
 10
282.19999999999993
 20
68.10000000000001
 10
282.30781885436244
 20
68.09470319933943
 10
282.41459935421767
 20
68.07886380844357
 10
282.51931314497983
 20
68.05263436930544
 10
282.62095177560155
 20
68.01626748576243
 10
282.71853641050853
 20
67.97011339078321
 10
282.81112725632147
 20
67.91461657353281
 10
282.8978326125799
 20
67.85031149869903
 10
282.97781745930513
 20
67.77781745930521
 10
283.05031149869893
 20
67.69783261258003
 10
283.1146165735327
 20
67.61112725632158
 10
283.1701133907831
 20
67.51853641050862
 10
283.21626748576233
 20
67.42095177560161
 10
283.2526343693054
 20
67.31931314497993
 10
283.2788638084435
 20
67.21459935421775
 10
283.2947031993393
 20
67.10781885436253
 10
283.29999999999995
 20
67.00000000000001
 10
283.29999999999995
 20
63.400000000000006
 10
283.2947031993393
 20
63.29218114563749
 10
283.2788638084435
 20
63.185400645782266
 10
283.2526343693054
 20
63.0806868550201
 10
283.21626748576233
 20
62.979048224398404
 10
283.1701133907831
 20
62.88146358949141
 10
283.1146165735327
 20
62.788872743678446
 10
283.05031149869893
 20
62.70216738742
 10
282.97781745930513
 20
62.6221825406948
 10
282.8978326125799
 20
62.54968850130099
 10
282.81112725632147
 20
62.48538342646721
 10
282.71853641050853
 20
62.429886609216815
 10
282.62095177560155
 20
62.38373251423759
 10
282.51931314497983
 20
62.347365630694576
 10
282.41459935421767
 20
62.321136191556455
  0
LWPOLYLINE
  5
15B
330
17
100
AcDbEntity
  8
CUT
100
AcDbPolyline
 90
68
 70
1
 10
273.59999999999997
 20
71.2
 10
271.2
 20
71.2
 10
271.12158628773636
 20
71.20385221866225
 10
271.0439277423871
 20
71.21537177567741
 10
270.9677722581964
 20
71.23444773141424
 10
270.8938532541079
 20
71.26089637399097
 10
270.8228826105392
 20
71.29446298852132
 10
270.7555438135843
 20
71.33482431015797
 10
270.69248537266907
 20
71.38159163730981
 10
270.6343145750507
 20
71.43431457505076
 10
270.58159163730977
 20
71.49248537266908
 10
270.53482431015794
 20
71.55554381358432
 10
270.4944629885213
 20
71.62288261053921
 10
270.460896373991
 20
71.69385325410792
 10
270.4344477314142
 20
71.76777225819643
 10
270.4153717756774
 20
71.8439277423871
 10
270.4038522186622
 20
71.92158628773635
 10
270.4
 20
72.0
 10
270.4
 20
74.4
 10
270.4038522186622
 20
74.47841371226366
 10
270.4153717756774
 20
74.55607225761291
 10
270.4344477314142
 20
74.63222774180358
 10
270.460896373991
 20
74.70614674589208
 10
270.4944629885213
 20
74.7771173894608
 10
270.53482431015794
 20
74.84445618641568
 10
270.58159163730977
 20
74.90751462733093
 10
270.6343145750507
 20
74.96568542494924
 10
270.69248537266907
 20
75.0184083626902
 10
270.7555438135843
 20
75.06517568984204
 10
270.8228826105392
 20
75.10553701147869
 10
270.8938532541079
 20
75.13910362600903
 10
270.9677722581964
 20
75.16555226858577
 10
271.0439277423871
 20
75.1846282243226
 10
271.12158628773636
 20
75.19614778133776
 10
271.2
 20
75.2
 10
273.59999999999997
 20
75.2
 10
273.6784137122636
 20
75.19614778133776
 10
273.75607225761286
 20
75.1846282243226
 10
273.83222774180354
 20
75.16555226858577
 10
273.90614674589204
 20
75.13910362600903
 10
273.9771173894608
 20
75.10553701147869
 10
274.04445618641563
 20
75.06517568984204
 10
274.1075146273309
 20
75.0184083626902
 10
274.16568542494923
 20
74.96568542494924
 10
274.2184083626902
 20
74.90751462733093
 10
274.265175689842
 20
74.84445618641568
 10
274.30553701147863
 20
74.7771173894608
 10
274.339103626009
 20
74.70614674589208
 10
274.36555226858576
 20
74.63222774180358
 10
274.38462822432257
 20
74.55607225761291
 10
274.39614778133773
 20
74.47841371226366
 10
274.4
 20
74.4
 10
274.4
 20
72.0
 10
274.39614778133773
 20
71.92158628773635
 10
274.38462822432257
 20
71.8439277423871
 10
274.36555226858576
 20
71.76777225819643
 10
274.339103626009
 20
71.69385325410792
 10
274.30553701147863
 20
71.62288261053921
 10
274.265175689842
 20
71.55554381358432
 10
274.2184083626902
 20
71.49248537266908
 10
274.16568542494923
 20
71.43431457505076
 10
274.1075146273309
 20
71.38159163730981
 10
274.04445618641563
 20
71.33482431015797
 10
273.9771173894608
 20
71.29446298852132
 10
273.90614674589204
 20
71.26089637399097
 10
273.83222774180354
 20
71.23444773141424
 10
273.75607225761286
 20
71.21537177567741
 10
273.6784137122636
 20
71.20385221866225
  0
LWPOLYLINE
  5
15C
330
17
100
AcDbEntity
  8
CUT
100
AcDbPolyline
 90
68
 70
1
 10
289.59999999999997
 20
71.2
 10
287.2
 20
71.2
 10
287.12158628773636
 20
71.20385221866225
 10
287.0439277423871
 20
71.21537177567741
 10
286.9677722581964
 20
71.23444773141424
 10
286.8938532541079
 20
71.26089637399097
 10
286.8228826105392
 20
71.29446298852132
 10
286.7555438135843
 20
71.33482431015797
 10
286.69248537266907
 20
71.38159163730981
 10
286.6343145750507
 20
71.43431457505076
 10
286.58159163730977
 20
71.49248537266908
 10
286.53482431015794
 20
71.55554381358432
 10
286.4944629885213
 20
71.62288261053921
 10
286.460896373991
 20
71.69385325410792
 10
286.4344477314142
 20
71.76777225819643
 10
286.4153717756774
 20
71.8439277423871
 10
286.4038522186622
 20
71.92158628773635
 10
286.4
 20
72.0
 10
286.4
 20
74.4
 10
286.4038522186622
 20
74.47841371226366
 10
286.4153717756774
 20
74.55607225761291
 10
286.4344477314142
 20
74.63222774180358
 10
286.460896373991
 20
74.70614674589208
 10
286.4944629885213
 20
74.7771173894608
 10
286.53482431015794
 20
74.84445618641568
 10
286.58159163730977
 20
74.90751462733093
 10
286.6343145750507
 20
74.96568542494924
 10
286.69248537266907
 20
75.0184083626902
 10
286.7555438135843
 20
75.06517568984204
 10
286.8228826105392
 20
75.10553701147869
 10
286.8938532541079
 20
75.13910362600903
 10
286.9677722581964
 20
75.16555226858577
 10
287.0439277423871
 20
75.1846282243226
 10
287.12158628773636
 20
75.19614778133776
 10
287.2
 20
75.2
 10
289.59999999999997
 20
75.2
 10
289.6784137122636
 20
75.19614778133776
 10
289.75607225761286
 20
75.1846282243226
 10
289.83222774180354
 20
75.16555226858577
 10
289.90614674589204
 20
75.13910362600903
 10
289.9771173894608
 20
75.10553701147869
 10
290.04445618641563
 20
75.06517568984204
 10
290.1075146273309
 20
75.0184083626902
 10
290.16568542494923
 20
74.96568542494924
 10
290.2184083626902
 20
74.90751462733093
 10
290.265175689842
 20
74.84445618641568
 10
290.30553701147863
 20
74.7771173894608
 10
290.339103626009
 20
74.70614674589208
 10
290.36555226858576
 20
74.63222774180358
 10
290.38462822432257
 20
74.55607225761291
 10
290.39614778133773
 20
74.47841371226366
 10
290.4
 20
74.4
 10
290.4
 20
72.0
 10
290.39614778133773
 20
71.92158628773635
 10
290.38462822432257
 20
71.8439277423871
 10
290.36555226858576
 20
71.76777225819643
 10
290.339103626009
 20
71.69385325410792
 10
290.30553701147863
 20
71.62288261053921
 10
290.265175689842
 20
71.55554381358432
 10
290.2184083626902
 20
71.49248537266908
 10
290.16568542494923
 20
71.43431457505076
 10
290.1075146273309
 20
71.38159163730981
 10
290.04445618641563
 20
71.33482431015797
 10
289.9771173894608
 20
71.29446298852132
 10
289.90614674589204
 20
71.26089637399097
 10
289.83222774180354
 20
71.23444773141424
 10
289.75607225761286
 20
71.21537177567741
 10
289.6784137122636
 20
71.20385221866225
  0
LWPOLYLINE
  5
15D
330
17
100
AcDbEntity
  8
CUT
100
AcDbPolyline
 90
68
 70
1
 10
297.59999999999997
 20
71.2
 10
295.2
 20
71.2
 10
295.12158628773636
 20
71.20385221866225
 10
295.0439277423871
 20
71.21537177567741
 10
294.9677722581964
 20
71.23444773141424
 10
294.8938532541079
 20
71.26089637399097
 10
294.8228826105392
 20
71.29446298852132
 10
294.7555438135843
 20
71.33482431015797
 10
294.69248537266907
 20
71.38159163730981
 10
294.6343145750507
 20
71.43431457505076
 10
294.58159163730977
 20
71.49248537266908
 10
294.53482431015794
 20
71.55554381358432
 10
294.4944629885213
 20
71.62288261053921
 10
294.460896373991
 20
71.69385325410792
 10
294.4344477314142
 20
71.76777225819643
 10
294.4153717756774
 20
71.8439277423871
 10
294.4038522186622
 20
71.92158628773635
 10
294.4
 20
72.0
 10
294.4
 20
74.4
 10
294.4038522186622
 20
74.47841371226366
 10
294.4153717756774
 20
74.55607225761291
 10
294.4344477314142
 20
74.63222774180358
 10
294.460896373991
 20
74.70614674589208
 10
294.4944629885213
 20
74.7771173894608
 10
294.53482431015794
 20
74.84445618641568
 10
294.58159163730977
 20
74.90751462733093
 10
294.6343145750507
 20
74.96568542494924
 10
294.69248537266907
 20
75.0184083626902
 10
294.7555438135843
 20
75.06517568984204
 10
294.8228826105392
 20
75.10553701147869
 10
294.8938532541079
 20
75.13910362600903
 10
294.9677722581964
 20
75.16555226858577
 10
295.0439277423871
 20
75.1846282243226
 10
295.12158628773636
 20
75.19614778133776
 10
295.2
 20
75.2
 10
297.59999999999997
 20
75.2
 10
297.6784137122636
 20
75.19614778133776
 10
297.75607225761286
 20
75.1846282243226
 10
297.83222774180354
 20
75.16555226858577
 10
297.90614674589204
 20
75.13910362600903
 10
297.9771173894608
 20
75.10553701147869
 10
298.04445618641563
 20
75.06517568984204
 10
298.1075146273309
 20
75.0184083626902
 10
298.16568542494923
 20
74.96568542494924
 10
298.2184083626902
 20
74.90751462733093
 10
298.265175689842
 20
74.84445618641568
 10
298.30553701147863
 20
74.7771173894608
 10
298.339103626009
 20
74.70614674589208
 10
298.36555226858576
 20
74.63222774180358
 10
298.38462822432257
 20
74.55607225761291
 10
298.39614778133773
 20
74.47841371226366
 10
298.4
 20
74.4
 10
298.4
 20
72.0
 10
298.39614778133773
 20
71.92158628773635
 10
298.38462822432257
 20
71.8439277423871
 10
298.36555226858576
 20
71.76777225819643
 10
298.339103626009
 20
71.69385325410792
 10
298.30553701147863
 20
71.62288261053921
 10
298.265175689842
 20
71.55554381358432
 10
298.2184083626902
 20
71.49248537266908
 10
298.16568542494923
 20
71.43431457505076
 10
298.1075146273309
 20
71.38159163730981
 10
298.04445618641563
 20
71.33482431015797
 10
297.9771173894608
 20
71.29446298852132
 10
297.90614674589204
 20
71.26089637399097
 10
297.83222774180354
 20
71.23444773141424
 10
297.75607225761286
 20
71.21537177567741
 10
297.6784137122636
 20
71.20385221866225
  0
LWPOLYLINE
  5
15E
330
17
100
AcDbEntity
  8
CUT
100
AcDbPolyline
 90
68
 70
1
 10
281.59999999999997
 20
71.2
 10
279.2
 20
71.2
 10
279.12158628773636
 20
71.20385221866225
 10
279.0439277423871
 20
71.21537177567741
 10
278.9677722581964
 20
71.23444773141424
 10
278.8938532541079
 20
71.26089637399097
 10
278.8228826105392
 20
71.29446298852132
 10
278.7555438135843
 20
71.33482431015797
 10
278.69248537266907
 20
71.38159163730981
 10
278.6343145750507
 20
71.43431457505076
 10
278.58159163730977
 20
71.49248537266908
 10
278.53482431015794
 20
71.55554381358432
 10
278.4944629885213
 20
71.62288261053921
 10
278.460896373991
 20
71.69385325410792
 10
278.4344477314142
 20
71.76777225819643
 10
278.4153717756774
 20
71.8439277423871
 10
278.4038522186622
 20
71.92158628773635
 10
278.4
 20
72.0
 10
278.4
 20
74.4
 10
278.4038522186622
 20
74.47841371226366
 10
278.4153717756774
 20
74.55607225761291
 10
278.4344477314142
 20
74.63222774180358
 10
278.460896373991
 20
74.70614674589208
 10
278.4944629885213
 20
74.7771173894608
 10
278.53482431015794
 20
74.84445618641568
 10
278.58159163730977
 20
74.90751462733093
 10
278.6343145750507
 20
74.96568542494924
 10
278.69248537266907
 20
75.0184083626902
 10
278.7555438135843
 20
75.06517568984204
 10
278.8228826105392
 20
75.10553701147869
 10
278.8938532541079
 20
75.13910362600903
 10
278.9677722581964
 20
75.16555226858577
 10
279.0439277423871
 20
75.1846282243226
 10
279.12158628773636
 20
75.19614778133776
 10
279.2
 20
75.2
 10
281.59999999999997
 20
75.2
 10
281.6784137122636
 20
75.19614778133776
 10
281.75607225761286
 20
75.1846282243226
 10
281.83222774180354
 20
75.16555226858577
 10
281.90614674589204
 20
75.13910362600903
 10
281.9771173894608
 20
75.10553701147869
 10
282.04445618641563
 20
75.06517568984204
 10
282.1075146273309
 20
75.0184083626902
 10
282.16568542494923
 20
74.96568542494924
 10
282.2184083626902
 20
74.90751462733093
 10
282.265175689842
 20
74.84445618641568
 10
282.30553701147863
 20
74.7771173894608
 10
282.339103626009
 20
74.70614674589208
 10
282.36555226858576
 20
74.63222774180358
 10
282.38462822432257
 20
74.55607225761291
 10
282.39614778133773
 20
74.47841371226366
 10
282.4
 20
74.4
 10
282.4
 20
72.0
 10
282.39614778133773
 20
71.92158628773635
 10
282.38462822432257
 20
71.8439277423871
 10
282.36555226858576
 20
71.76777225819643
 10
282.339103626009
 20
71.69385325410792
 10
282.30553701147863
 20
71.62288261053921
 10
282.265175689842
 20
71.55554381358432
 10
282.2184083626902
 20
71.49248537266908
 10
282.16568542494923
 20
71.43431457505076
 10
282.1075146273309
 20
71.38159163730981
 10
282.04445618641563
 20
71.33482431015797
 10
281.9771173894608
 20
71.29446298852132
 10
281.90614674589204
 20
71.26089637399097
 10
281.83222774180354
 20
71.23444773141424
 10
281.75607225761286
 20
71.21537177567741
 10
281.6784137122636
 20
71.20385221866225
  0
LWPOLYLINE
  5
15F
330
17
100
AcDbEntity
  8
CUT
100
AcDbPolyline
 90
68
 70
1
 10
273.59999999999997
 20
79.2
 10
271.2
 20
79.2
 10
271.12158628773636
 20
79.20385221866225
 10
271.0439277423871
 20
79.21537177567741
 10
270.9677722581964
 20
79.23444773141424
 10
270.8938532541079
 20
79.26089637399097
 10
270.8228826105392
 20
79.29446298852132
 10
270.7555438135843
 20
79.33482431015797
 10
270.69248537266907
 20
79.38159163730981
 10
270.6343145750507
 20
79.43431457505076
 10
270.58159163730977
 20
79.49248537266908
 10
270.53482431015794
 20
79.55554381358432
 10
270.4944629885213
 20
79.62288261053921
 10
270.460896373991
 20
79.69385325410792
 10
270.4344477314142
 20
79.76777225819643
 10
270.4153717756774
 20
79.8439277423871
 10
270.4038522186622
 20
79.92158628773635
 10
270.4
 20
80.0
 10
270.4
 20
82.4
 10
270.4038522186622
 20
82.47841371226366
 10
270.4153717756774
 20
82.55607225761291
 10
270.4344477314142
 20
82.63222774180358
 10
270.460896373991
 20
82.70614674589208
 10
270.4944629885213
 20
82.7771173894608
 10
270.53482431015794
 20
82.84445618641568
 10
270.58159163730977
 20
82.90751462733093
 10
270.6343145750507
 20
82.96568542494924
 10
270.69248537266907
 20
83.0184083626902
 10
270.7555438135843
 20
83.06517568984204
 10
270.8228826105392
 20
83.10553701147869
 10
270.8938532541079
 20
83.13910362600903
 10
270.9677722581964
 20
83.16555226858577
 10
271.0439277423871
 20
83.1846282243226
 10
271.12158628773636
 20
83.19614778133776
 10
271.2
 20
83.2
 10
273.59999999999997
 20
83.2
 10
273.6784137122636
 20
83.19614778133776
 10
273.75607225761286
 20
83.1846282243226
 10
273.83222774180354
 20
83.16555226858577
 10
273.90614674589204
 20
83.13910362600903
 10
273.9771173894608
 20
83.10553701147869
 10
274.04445618641563
 20
83.06517568984204
 10
274.1075146273309
 20
83.0184083626902
 10
274.16568542494923
 20
82.96568542494924
 10
274.2184083626902
 20
82.90751462733093
 10
274.265175689842
 20
82.84445618641568
 10
274.30553701147863
 20
82.7771173894608
 10
274.339103626009
 20
82.70614674589208
 10
274.36555226858576
 20
82.63222774180358
 10
274.38462822432257
 20
82.55607225761291
 10
274.39614778133773
 20
82.47841371226366
 10
274.4
 20
82.4
 10
274.4
 20
80.0
 10
274.39614778133773
 20
79.92158628773635
 10
274.38462822432257
 20
79.8439277423871
 10
274.36555226858576
 20
79.76777225819643
 10
274.339103626009
 20
79.69385325410792
 10
274.30553701147863
 20
79.62288261053921
 10
274.265175689842
 20
79.55554381358432
 10
274.2184083626902
 20
79.49248537266908
 10
274.16568542494923
 20
79.43431457505076
 10
274.1075146273309
 20
79.38159163730981
 10
274.04445618641563
 20
79.33482431015797
 10
273.9771173894608
 20
79.29446298852132
 10
273.90614674589204
 20
79.26089637399097
 10
273.83222774180354
 20
79.23444773141424
 10
273.75607225761286
 20
79.21537177567741
 10
273.6784137122636
 20
79.20385221866225
  0
LWPOLYLINE
  5
160
330
17
100
AcDbEntity
  8
CUT
100
AcDbPolyline
 90
68
 70
1
 10
289.09999999999997
 20
80.0
 10
287.7
 20
80.0
 10
287.6509914298352
 20
80.0024076366639
 10
287.60245483899195
 20
80.00960735979838
 10
287.55485766137275
 20
80.0215298321339
 10
287.50865828381745
 20
80.03806023374436
 10
287.464301631587
 20
80.05903936782582
 10
287.4222148834902
 20
80.08426519384872
 10
287.3828033579182
 20
80.11349477331864
 10
287.3464466094067
 20
80.14644660940672
 10
287.3134947733186
 20
80.18280335791817
 10
287.28426519384874
 20
80.2222148834902
 10
287.25903936782584
 20
80.264301631587
 10
287.23806023374436
 20
80.30865828381745
 10
287.2215298321339
 20
80.35485766137276
 10
287.2096073597984
 20
80.40245483899193
 10
287.2024076366639
 20
80.45099142983521
 10
287.2
 20
80.5
 10
287.2
 20
81.9
 10
287.2024076366639
 20
81.94900857016479
 10
287.2096073597984
 20
81.99754516100808
 10
287.2215298321339
 20
82.04514233862724
 10
287.23806023374436
 20
82.09134171618255
 10
287.25903936782584
 20
82.135698368413
 10
287.28426519384874
 20
82.17778511650981
 10
287.3134947733186
 20
82.21719664208183
 10
287.3464466094067
 20
82.25355339059328
 10
287.3828033579182
 20
82.28650522668137
 10
287.4222148834902
 20
82.31573480615128
 10
287.464301631587
 20
82.34096063217419
 10
287.50865828381745
 20
82.36193976625565
 10
287.55485766137275
 20
82.37847016786611
 10
287.60245483899195
 20
82.39039264020163
 10
287.6509914298352
 20
82.3975923633361
 10
287.7
 20
82.4
 10
289.09999999999997
 20
82.4
 10
289.14900857016477
 20
82.3975923633361
 10
289.197545161008
 20
82.39039264020163
 10
289.2451423386272
 20
82.37847016786611
 10
289.2913417161825
 20
82.36193976625565
 10
289.335698368413
 20
82.34096063217419
 10
289.37778511650976
 20
82.31573480615128
 10
289.41719664208176
 20
82.28650522668137
 10
289.45355339059324
 20
82.25355339059328
 10
289.48650522668134
 20
82.21719664208183
 10
289.5157348061512
 20
82.17778511650981
 10
289.5409606321741
 20
82.135698368413
 10
289.5619397662556
 20
82.09134171618255
 10
289.57847016786604
 20
82.04514233862724
 10
289.59039264020157
 20
81.99754516100808
 10
289.59759236333605
 20
81.94900857016479
 10
289.59999999999997
 20
81.9
 10
289.59999999999997
 20
80.5
 10
289.59759236333605
 20
80.45099142983521
 10
289.59039264020157
 20
80.40245483899193
 10
289.57847016786604
 20
80.35485766137276
 10
289.5619397662556
 20
80.30865828381745
 10
289.5409606321741
 20
80.264301631587
 10
289.5157348061512
 20
80.2222148834902
 10
289.48650522668134
 20
80.18280335791817
 10
289.45355339059324
 20
80.14644660940672
 10
289.41719664208176
 20
80.11349477331864
 10
289.37778511650976
 20
80.08426519384872
 10
289.335698368413
 20
80.05903936782582
 10
289.2913417161825
 20
80.03806023374436
 10
289.2451423386272
 20
80.0215298321339
 10
289.197545161008
 20
80.00960735979838
 10
289.14900857016477
 20
80.0024076366639
  0
LWPOLYLINE
  5
161
330
17
100
AcDbEntity
  8
CUT
100
AcDbPolyline
 90
68
 70
1
 10
281.6784137122636
 20
79.20385221866225
 10
281.59999999999997
 20
79.2
 10
279.2
 20
79.2
 10
279.12158628773636
 20
79.20385221866225
 10
279.0439277423871
 20
79.21537177567741
 10
278.9677722581964
 20
79.23444773141424
 10
278.8938532541079
 20
79.26089637399097
 10
278.8228826105392
 20
79.29446298852132
 10
278.7555438135843
 20
79.33482431015797
 10
278.69248537266907
 20
79.38159163730981
 10
278.6343145750507
 20
79.43431457505076
 10
278.58159163730977
 20
79.49248537266908
 10
278.53482431015794
 20
79.55554381358432
 10
278.4944629885213
 20
79.62288261053921
 10
278.460896373991
 20
79.69385325410792
 10
278.4344477314142
 20
79.76777225819643
 10
278.4153717756774
 20
79.8439277423871
 10
278.4038522186622
 20
79.92158628773635
 10
278.4
 20
80.0
 10
278.4
 20
82.4
 10
278.4038522186622
 20
82.47841371226366
 10
278.4153717756774
 20
82.55607225761291
 10
278.4344477314142
 20
82.63222774180358
 10
278.460896373991
 20
82.70614674589208
 10
278.4944629885213
 20
82.7771173894608
 10
278.53482431015794
 20
82.84445618641568
 10
278.58159163730977
 20
82.90751462733093
 10
278.6343145750507
 20
82.96568542494924
 10
278.69248537266907
 20
83.0184083626902
 10
278.7555438135843
 20
83.06517568984204
 10
278.8228826105392
 20
83.10553701147869
 10
278.8938532541079
 20
83.13910362600903
 10
278.9677722581964
 20
83.16555226858577
 10
279.0439277423871
 20
83.1846282243226
 10
279.12158628773636
 20
83.19614778133776
 10
279.2
 20
83.2
 10
281.59999999999997
 20
83.2
 10
281.6784137122636
 20
83.19614778133776
 10
281.75607225761286
 20
83.1846282243226
 10
281.83222774180354
 20
83.16555226858577
 10
281.90614674589204
 20
83.13910362600903
 10
281.9771173894608
 20
83.10553701147869
 10
282.04445618641563
 20
83.06517568984204
 10
282.1075146273309
 20
83.0184083626902
 10
282.16568542494923
 20
82.96568542494924
 10
282.2184083626902
 20
82.90751462733093
 10
282.265175689842
 20
82.84445618641568
 10
282.30553701147863
 20
82.7771173894608
 10
282.339103626009
 20
82.70614674589208
 10
282.36555226858576
 20
82.63222774180358
 10
282.38462822432257
 20
82.55607225761291
 10
282.39614778133773
 20
82.47841371226366
 10
282.4
 20
82.4
 10
282.4
 20
80.0
 10
282.39614778133773
 20
79.92158628773635
 10
282.38462822432257
 20
79.8439277423871
 10
282.36555226858576
 20
79.76777225819643
 10
282.339103626009
 20
79.69385325410792
 10
282.30553701147863
 20
79.62288261053921
 10
282.265175689842
 20
79.55554381358432
 10
282.2184083626902
 20
79.49248537266908
 10
282.16568542494923
 20
79.43431457505076
 10
282.1075146273309
 20
79.38159163730981
 10
282.04445618641563
 20
79.33482431015797
 10
281.9771173894608
 20
79.29446298852132
 10
281.90614674589204
 20
79.26089637399097
 10
281.83222774180354
 20
79.23444773141424
 10
281.75607225761286
 20
79.21537177567741
  0
LWPOLYLINE
  5
162
330
17
100
AcDbEntity
  8
CUT
100
AcDbPolyline
 90
68
 70
1
 10
297.09999999999997
 20
80.0
 10
295.7
 20
80.0
 10
295.6509914298352
 20
80.0024076366639
 10
295.60245483899195
 20
80.00960735979838
 10
295.55485766137275
 20
80.0215298321339
 10
295.50865828381745
 20
80.03806023374436
 10
295.464301631587
 20
80.05903936782582
 10
295.4222148834902
 20
80.08426519384872
 10
295.3828033579182
 20
80.11349477331864
 10
295.3464466094067
 20
80.14644660940672
 10
295.3134947733186
 20
80.18280335791817
 10
295.28426519384874
 20
80.2222148834902
 10
295.25903936782584
 20
80.264301631587
 10
295.23806023374436
 20
80.30865828381745
 10
295.2215298321339
 20
80.35485766137276
 10
295.2096073597984
 20
80.40245483899193
 10
295.2024076366639
 20
80.45099142983521
 10
295.2
 20
80.5
 10
295.2
 20
81.9
 10
295.2024076366639
 20
81.94900857016479
 10
295.2096073597984
 20
81.99754516100808
 10
295.2215298321339
 20
82.04514233862724
 10
295.23806023374436
 20
82.09134171618255
 10
295.25903936782584
 20
82.135698368413
 10
295.28426519384874
 20
82.17778511650981
 10
295.3134947733186
 20
82.21719664208183
 10
295.3464466094067
 20
82.25355339059328
 10
295.3828033579182
 20
82.28650522668137
 10
295.4222148834902
 20
82.31573480615128
 10
295.464301631587
 20
82.34096063217419
 10
295.50865828381745
 20
82.36193976625565
 10
295.55485766137275
 20
82.37847016786611
 10
295.60245483899195
 20
82.39039264020163
 10
295.6509914298352
 20
82.3975923633361
 10
295.7
 20
82.4
 10
297.09999999999997
 20
82.4
 10
297.14900857016477
 20
82.3975923633361
 10
297.197545161008
 20
82.39039264020163
 10
297.2451423386272
 20
82.37847016786611
 10
297.2913417161825
 20
82.36193976625565
 10
297.335698368413
 20
82.34096063217419
 10
297.37778511650976
 20
82.31573480615128
 10
297.41719664208176
 20
82.28650522668137
 10
297.45355339059324
 20
82.25355339059328
 10
297.48650522668134
 20
82.21719664208183
 10
297.5157348061512
 20
82.17778511650981
 10
297.5409606321741
 20
82.135698368413
 10
297.5619397662556
 20
82.09134171618255
 10
297.57847016786604
 20
82.04514233862724
 10
297.59039264020157
 20
81.99754516100808
 10
297.59759236333605
 20
81.94900857016479
 10
297.59999999999997
 20
81.9
 10
297.59999999999997
 20
80.5
 10
297.59759236333605
 20
80.45099142983521
 10
297.59039264020157
 20
80.40245483899193
 10
297.57847016786604
 20
80.35485766137276
 10
297.5619397662556
 20
80.30865828381745
 10
297.5409606321741
 20
80.264301631587
 10
297.5157348061512
 20
80.2222148834902
 10
297.48650522668134
 20
80.18280335791817
 10
297.45355339059324
 20
80.14644660940672
 10
297.41719664208176
 20
80.11349477331864
 10
297.37778511650976
 20
80.08426519384872
 10
297.335698368413
 20
80.05903936782582
 10
297.2913417161825
 20
80.03806023374436
 10
297.2451423386272
 20
80.0215298321339
 10
297.197545161008
 20
80.00960735979838
 10
297.14900857016477
 20
80.0024076366639
  0
LWPOLYLINE
  5
163
330
17
100
AcDbEntity
  8
CUT
100
AcDbPolyline
 90
68
 70
1
 10
305.09999999999997
 20
80.0
 10
303.7
 20
80.0
 10
303.6509914298352
 20
80.0024076366639
 10
303.60245483899195
 20
80.00960735979838
 10
303.55485766137275
 20
80.0215298321339
 10
303.50865828381745
 20
80.03806023374436
 10
303.464301631587
 20
80.05903936782582
 10
303.4222148834902
 20
80.08426519384872
 10
303.3828033579182
 20
80.11349477331864
 10
303.3464466094067
 20
80.14644660940672
 10
303.3134947733186
 20
80.18280335791817
 10
303.28426519384874
 20
80.2222148834902
 10
303.25903936782584
 20
80.264301631587
 10
303.23806023374436
 20
80.30865828381745
 10
303.2215298321339
 20
80.35485766137276
 10
303.2096073597984
 20
80.40245483899193
 10
303.2024076366639
 20
80.45099142983521
 10
303.2
 20
80.5
 10
303.2
 20
81.9
 10
303.2024076366639
 20
81.94900857016479
 10
303.2096073597984
 20
81.99754516100808
 10
303.2215298321339
 20
82.04514233862724
 10
303.23806023374436
 20
82.09134171618255
 10
303.25903936782584
 20
82.135698368413
 10
303.28426519384874
 20
82.17778511650981
 10
303.3134947733186
 20
82.21719664208183
 10
303.3464466094067
 20
82.25355339059328
 10
303.3828033579182
 20
82.28650522668137
 10
303.4222148834902
 20
82.31573480615128
 10
303.464301631587
 20
82.34096063217419
 10
303.50865828381745
 20
82.36193976625565
 10
303.55485766137275
 20
82.37847016786611
 10
303.60245483899195
 20
82.39039264020163
 10
303.6509914298352
 20
82.3975923633361
 10
303.7
 20
82.4
 10
305.09999999999997
 20
82.4
 10
305.14900857016477
 20
82.3975923633361
 10
305.197545161008
 20
82.39039264020163
 10
305.2451423386272
 20
82.37847016786611
 10
305.2913417161825
 20
82.36193976625565
 10
305.335698368413
 20
82.34096063217419
 10
305.37778511650976
 20
82.31573480615128
 10
305.41719664208176
 20
82.28650522668137
 10
305.45355339059324
 20
82.25355339059328
 10
305.48650522668134
 20
82.21719664208183
 10
305.5157348061512
 20
82.17778511650981
 10
305.5409606321741
 20
82.135698368413
 10
305.5619397662556
 20
82.09134171618255
 10
305.57847016786604
 20
82.04514233862724
 10
305.59039264020157
 20
81.99754516100808
 10
305.59759236333605
 20
81.94900857016479
 10
305.59999999999997
 20
81.9
 10
305.59999999999997
 20
80.5
 10
305.59759236333605
 20
80.45099142983521
 10
305.59039264020157
 20
80.40245483899193
 10
305.57847016786604
 20
80.35485766137276
 10
305.5619397662556
 20
80.30865828381745
 10
305.5409606321741
 20
80.264301631587
 10
305.5157348061512
 20
80.2222148834902
 10
305.48650522668134
 20
80.18280335791817
 10
305.45355339059324
 20
80.14644660940672
 10
305.41719664208176
 20
80.11349477331864
 10
305.37778511650976
 20
80.08426519384872
 10
305.335698368413
 20
80.05903936782582
 10
305.2913417161825
 20
80.03806023374436
 10
305.2451423386272
 20
80.0215298321339
 10
305.197545161008
 20
80.00960735979838
 10
305.14900857016477
 20
80.0024076366639
  0
LWPOLYLINE
  5
164
330
17
100
AcDbEntity
  8
CUT
100
AcDbPolyline
 90
68
 70
1
 10
265.197545161008
 20
80.00960735979838
 10
265.14900857016477
 20
80.0024076366639
 10
265.09999999999997
 20
80.0
 10
263.7
 20
80.0
 10
263.6509914298352
 20
80.0024076366639
 10
263.60245483899195
 20
80.00960735979838
 10
263.55485766137275
 20
80.0215298321339
 10
263.50865828381745
 20
80.03806023374436
 10
263.464301631587
 20
80.05903936782582
 10
263.4222148834902
 20
80.08426519384872
 10
263.3828033579182
 20
80.11349477331864
 10
263.3464466094067
 20
80.14644660940672
 10
263.3134947733186
 20
80.18280335791817
 10
263.28426519384874
 20
80.2222148834902
 10
263.25903936782584
 20
80.264301631587
 10
263.23806023374436
 20
80.30865828381745
 10
263.2215298321339
 20
80.35485766137276
 10
263.2096073597984
 20
80.40245483899193
 10
263.2024076366639
 20
80.45099142983521
 10
263.2
 20
80.5
 10
263.2
 20
81.9
 10
263.2024076366639
 20
81.94900857016479
 10
263.2096073597984
 20
81.99754516100808
 10
263.2215298321339
 20
82.04514233862724
 10
263.23806023374436
 20
82.09134171618255
 10
263.25903936782584
 20
82.135698368413
 10
263.28426519384874
 20
82.17778511650981
 10
263.3134947733186
 20
82.21719664208183
 10
263.3464466094067
 20
82.25355339059328
 10
263.3828033579182
 20
82.28650522668137
 10
263.4222148834902
 20
82.31573480615128
 10
263.464301631587
 20
82.34096063217419
 10
263.50865828381745
 20
82.36193976625565
 10
263.55485766137275
 20
82.37847016786611
 10
263.60245483899195
 20
82.39039264020163
 10
263.6509914298352
 20
82.3975923633361
 10
263.7
 20
82.4
 10
265.09999999999997
 20
82.4
 10
265.14900857016477
 20
82.3975923633361
 10
265.197545161008
 20
82.39039264020163
 10
265.2451423386272
 20
82.37847016786611
 10
265.2913417161825
 20
82.36193976625565
 10
265.335698368413
 20
82.34096063217419
 10
265.37778511650976
 20
82.31573480615128
 10
265.41719664208176
 20
82.28650522668137
 10
265.45355339059324
 20
82.25355339059328
 10
265.48650522668134
 20
82.21719664208183
 10
265.5157348061512
 20
82.17778511650981
 10
265.5409606321741
 20
82.135698368413
 10
265.5619397662556
 20
82.09134171618255
 10
265.57847016786604
 20
82.04514233862724
 10
265.59039264020157
 20
81.99754516100808
 10
265.59759236333605
 20
81.94900857016479
 10
265.59999999999997
 20
81.9
 10
265.59999999999997
 20
80.5
 10
265.59759236333605
 20
80.45099142983521
 10
265.59039264020157
 20
80.40245483899193
 10
265.57847016786604
 20
80.35485766137276
 10
265.5619397662556
 20
80.30865828381745
 10
265.5409606321741
 20
80.264301631587
 10
265.5157348061512
 20
80.2222148834902
 10
265.48650522668134
 20
80.18280335791817
 10
265.45355339059324
 20
80.14644660940672
 10
265.41719664208176
 20
80.11349477331864
 10
265.37778511650976
 20
80.08426519384872
 10
265.335698368413
 20
80.05903936782582
 10
265.2913417161825
 20
80.03806023374436
 10
265.2451423386272
 20
80.0215298321339
  0
LWPOLYLINE
  5
165
330
17
100
AcDbEntity
  8
CUT
100
AcDbPolyline
 90
68
 70
1
 10
265.09999999999997
 20
88.0
 10
263.7
 20
88.0
 10
263.6509914298352
 20
88.0024076366639
 10
263.60245483899195
 20
88.00960735979838
 10
263.55485766137275
 20
88.0215298321339
 10
263.50865828381745
 20
88.03806023374436
 10
263.464301631587
 20
88.05903936782582
 10
263.4222148834902
 20
88.08426519384872
 10
263.3828033579182
 20
88.11349477331864
 10
263.3464466094067
 20
88.14644660940672
 10
263.3134947733186
 20
88.18280335791817
 10
263.28426519384874
 20
88.2222148834902
 10
263.25903936782584
 20
88.264301631587
 10
263.23806023374436
 20
88.30865828381745
 10
263.2215298321339
 20
88.35485766137276
 10
263.2096073597984
 20
88.40245483899193
 10
263.2024076366639
 20
88.45099142983521
 10
263.2
 20
88.5
 10
263.2
 20
89.9
 10
263.2024076366639
 20
89.94900857016479
 10
263.2096073597984
 20
89.99754516100808
 10
263.2215298321339
 20
90.04514233862724
 10
263.23806023374436
 20
90.09134171618255
 10
263.25903936782584
 20
90.135698368413
 10
263.28426519384874
 20
90.17778511650981
 10
263.3134947733186
 20
90.21719664208183
 10
263.3464466094067
 20
90.25355339059328
 10
263.3828033579182
 20
90.28650522668137
 10
263.4222148834902
 20
90.31573480615128
 10
263.464301631587
 20
90.34096063217419
 10
263.50865828381745
 20
90.36193976625565
 10
263.55485766137275
 20
90.37847016786611
 10
263.60245483899195
 20
90.39039264020163
 10
263.6509914298352
 20
90.3975923633361
 10
263.7
 20
90.4
 10
265.09999999999997
 20
90.4
 10
265.14900857016477
 20
90.3975923633361
 10
265.197545161008
 20
90.39039264020163
 10
265.2451423386272
 20
90.37847016786611
 10
265.2913417161825
 20
90.36193976625565
 10
265.335698368413
 20
90.34096063217419
 10
265.37778511650976
 20
90.31573480615128
 10
265.41719664208176
 20
90.28650522668137
 10
265.45355339059324
 20
90.25355339059328
 10
265.48650522668134
 20
90.21719664208183
 10
265.5157348061512
 20
90.17778511650981
 10
265.5409606321741
 20
90.135698368413
 10
265.5619397662556
 20
90.09134171618255
 10
265.57847016786604
 20
90.04514233862724
 10
265.59039264020157
 20
89.99754516100808
 10
265.59759236333605
 20
89.94900857016479
 10
265.59999999999997
 20
89.9
 10
265.59999999999997
 20
88.5
 10
265.59759236333605
 20
88.45099142983521
 10
265.59039264020157
 20
88.40245483899193
 10
265.57847016786604
 20
88.35485766137276
 10
265.5619397662556
 20
88.30865828381745
 10
265.5409606321741
 20
88.264301631587
 10
265.5157348061512
 20
88.2222148834902
 10
265.48650522668134
 20
88.18280335791817
 10
265.45355339059324
 20
88.14644660940672
 10
265.41719664208176
 20
88.11349477331864
 10
265.37778511650976
 20
88.08426519384872
 10
265.335698368413
 20
88.05903936782582
 10
265.2913417161825
 20
88.03806023374436
 10
265.2451423386272
 20
88.0215298321339
 10
265.197545161008
 20
88.00960735979838
 10
265.14900857016477
 20
88.0024076366639
  0
LWPOLYLINE
  5
166
330
17
100
AcDbEntity
  8
CUT
100
AcDbPolyline
 90
68
 70
1
 10
273.14900857016477
 20
88.0024076366639
 10
273.09999999999997
 20
88.0
 10
271.7
 20
88.0
 10
271.6509914298352
 20
88.0024076366639
 10
271.60245483899195
 20
88.00960735979838
 10
271.55485766137275
 20
88.0215298321339
 10
271.50865828381745
 20
88.03806023374436
 10
271.464301631587
 20
88.05903936782582
 10
271.4222148834902
 20
88.08426519384872
 10
271.3828033579182
 20
88.11349477331864
 10
271.3464466094067
 20
88.14644660940672
 10
271.3134947733186
 20
88.18280335791817
 10
271.28426519384874
 20
88.2222148834902
 10
271.25903936782584
 20
88.264301631587
 10
271.23806023374436
 20
88.30865828381745
 10
271.2215298321339
 20
88.35485766137276
 10
271.2096073597984
 20
88.40245483899193
 10
271.2024076366639
 20
88.45099142983521
 10
271.2
 20
88.5
 10
271.2
 20
89.9
 10
271.2024076366639
 20
89.94900857016479
 10
271.2096073597984
 20
89.99754516100808
 10
271.2215298321339
 20
90.04514233862724
 10
271.23806023374436
 20
90.09134171618255
 10
271.25903936782584
 20
90.135698368413
 10
271.28426519384874
 20
90.17778511650981
 10
271.3134947733186
 20
90.21719664208183
 10
271.3464466094067
 20
90.25355339059328
 10
271.3828033579182
 20
90.28650522668137
 10
271.4222148834902
 20
90.31573480615128
 10
271.464301631587
 20
90.34096063217419
 10
271.50865828381745
 20
90.36193976625565
 10
271.55485766137275
 20
90.37847016786611
 10
271.60245483899195
 20
90.39039264020163
 10
271.6509914298352
 20
90.3975923633361
 10
271.7
 20
90.4
 10
273.09999999999997
 20
90.4
 10
273.14900857016477
 20
90.3975923633361
 10
273.197545161008
 20
90.39039264020163
 10
273.2451423386272
 20
90.37847016786611
 10
273.2913417161825
 20
90.36193976625565
 10
273.335698368413
 20
90.34096063217419
 10
273.37778511650976
 20
90.31573480615128
 10
273.41719664208176
 20
90.28650522668137
 10
273.45355339059324
 20
90.25355339059328
 10
273.48650522668134
 20
90.21719664208183
 10
273.5157348061512
 20
90.17778511650981
 10
273.5409606321741
 20
90.135698368413
 10
273.5619397662556
 20
90.09134171618255
 10
273.57847016786604
 20
90.04514233862724
 10
273.59039264020157
 20
89.99754516100808
 10
273.59759236333605
 20
89.94900857016479
 10
273.59999999999997
 20
89.9
 10
273.59999999999997
 20
88.5
 10
273.59759236333605
 20
88.45099142983521
 10
273.59039264020157
 20
88.40245483899193
 10
273.57847016786604
 20
88.35485766137276
 10
273.5619397662556
 20
88.30865828381745
 10
273.5409606321741
 20
88.264301631587
 10
273.5157348061512
 20
88.2222148834902
 10
273.48650522668134
 20
88.18280335791817
 10
273.45355339059324
 20
88.14644660940672
 10
273.41719664208176
 20
88.11349477331864
 10
273.37778511650976
 20
88.08426519384872
 10
273.335698368413
 20
88.05903936782582
 10
273.2913417161825
 20
88.03806023374436
 10
273.2451423386272
 20
88.0215298321339
 10
273.197545161008
 20
88.00960735979838
  0
LWPOLYLINE
  5
167
330
17
100
AcDbEntity
  8
CUT
100
AcDbPolyline
 90
68
 70
1
 10
289.14900857016477
 20
88.0024076366639
 10
289.09999999999997
 20
88.0
 10
287.7
 20
88.0
 10
287.6509914298352
 20
88.0024076366639
 10
287.60245483899195
 20
88.00960735979838
 10
287.55485766137275
 20
88.0215298321339
 10
287.50865828381745
 20
88.03806023374436
 10
287.464301631587
 20
88.05903936782582
 10
287.4222148834902
 20
88.08426519384872
 10
287.3828033579182
 20
88.11349477331864
 10
287.3464466094067
 20
88.14644660940672
 10
287.3134947733186
 20
88.18280335791817
 10
287.28426519384874
 20
88.2222148834902
 10
287.25903936782584
 20
88.264301631587
 10
287.23806023374436
 20
88.30865828381745
 10
287.2215298321339
 20
88.35485766137276
 10
287.2096073597984
 20
88.40245483899193
 10
287.2024076366639
 20
88.45099142983521
 10
287.2
 20
88.5
 10
287.2
 20
89.9
 10
287.2024076366639
 20
89.94900857016479
 10
287.2096073597984
 20
89.99754516100808
 10
287.2215298321339
 20
90.04514233862724
 10
287.23806023374436
 20
90.09134171618255
 10
287.25903936782584
 20
90.135698368413
 10
287.28426519384874
 20
90.17778511650981
 10
287.3134947733186
 20
90.21719664208183
 10
287.3464466094067
 20
90.25355339059328
 10
287.3828033579182
 20
90.28650522668137
 10
287.4222148834902
 20
90.31573480615128
 10
287.464301631587
 20
90.34096063217419
 10
287.50865828381745
 20
90.36193976625565
 10
287.55485766137275
 20
90.37847016786611
 10
287.60245483899195
 20
90.39039264020163
 10
287.6509914298352
 20
90.3975923633361
 10
287.7
 20
90.4
 10
289.09999999999997
 20
90.4
 10
289.14900857016477
 20
90.3975923633361
 10
289.197545161008
 20
90.39039264020163
 10
289.2451423386272
 20
90.37847016786611
 10
289.2913417161825
 20
90.36193976625565
 10
289.335698368413
 20
90.34096063217419
 10
289.37778511650976
 20
90.31573480615128
 10
289.41719664208176
 20
90.28650522668137
 10
289.45355339059324
 20
90.25355339059328
 10
289.48650522668134
 20
90.21719664208183
 10
289.5157348061512
 20
90.17778511650981
 10
289.5409606321741
 20
90.135698368413
 10
289.5619397662556
 20
90.09134171618255
 10
289.57847016786604
 20
90.04514233862724
 10
289.59039264020157
 20
89.99754516100808
 10
289.59759236333605
 20
89.94900857016479
 10
289.59999999999997
 20
89.9
 10
289.59999999999997
 20
88.5
 10
289.59759236333605
 20
88.45099142983521
 10
289.59039264020157
 20
88.40245483899193
 10
289.57847016786604
 20
88.35485766137276
 10
289.5619397662556
 20
88.30865828381745
 10
289.5409606321741
 20
88.264301631587
 10
289.5157348061512
 20
88.2222148834902
 10
289.48650522668134
 20
88.18280335791817
 10
289.45355339059324
 20
88.14644660940672
 10
289.41719664208176
 20
88.11349477331864
 10
289.37778511650976
 20
88.08426519384872
 10
289.335698368413
 20
88.05903936782582
 10
289.2913417161825
 20
88.03806023374436
 10
289.2451423386272
 20
88.0215298321339
 10
289.197545161008
 20
88.00960735979838
  0
LWPOLYLINE
  5
168
330
17
100
AcDbEntity
  8
CUT
100
AcDbPolyline
 90
68
 70
1
 10
281.09999999999997
 20
88.0
 10
279.7
 20
88.0
 10
279.6509914298352
 20
88.0024076366639
 10
279.60245483899195
 20
88.00960735979838
 10
279.55485766137275
 20
88.0215298321339
 10
279.50865828381745
 20
88.03806023374436
 10
279.464301631587
 20
88.05903936782582
 10
279.4222148834902
 20
88.08426519384872
 10
279.3828033579182
 20
88.11349477331864
 10
279.3464466094067
 20
88.14644660940672
 10
279.3134947733186
 20
88.18280335791817
 10
279.28426519384874
 20
88.2222148834902
 10
279.25903936782584
 20
88.264301631587
 10
279.23806023374436
 20
88.30865828381745
 10
279.2215298321339
 20
88.35485766137276
 10
279.2096073597984
 20
88.40245483899193
 10
279.2024076366639
 20
88.45099142983521
 10
279.2
 20
88.5
 10
279.2
 20
89.9
 10
279.2024076366639
 20
89.94900857016479
 10
279.2096073597984
 20
89.99754516100808
 10
279.2215298321339
 20
90.04514233862724
 10
279.23806023374436
 20
90.09134171618255
 10
279.25903936782584
 20
90.135698368413
 10
279.28426519384874
 20
90.17778511650981
 10
279.3134947733186
 20
90.21719664208183
 10
279.3464466094067
 20
90.25355339059328
 10
279.3828033579182
 20
90.28650522668137
 10
279.4222148834902
 20
90.31573480615128
 10
279.464301631587
 20
90.34096063217419
 10
279.50865828381745
 20
90.36193976625565
 10
279.55485766137275
 20
90.37847016786611
 10
279.60245483899195
 20
90.39039264020163
 10
279.6509914298352
 20
90.3975923633361
 10
279.7
 20
90.4
 10
281.09999999999997
 20
90.4
 10
281.14900857016477
 20
90.3975923633361
 10
281.197545161008
 20
90.39039264020163
 10
281.2451423386272
 20
90.37847016786611
 10
281.2913417161825
 20
90.36193976625565
 10
281.335698368413
 20
90.34096063217419
 10
281.37778511650976
 20
90.31573480615128
 10
281.41719664208176
 20
90.28650522668137
 10
281.45355339059324
 20
90.25355339059328
 10
281.48650522668134
 20
90.21719664208183
 10
281.5157348061512
 20
90.17778511650981
 10
281.5409606321741
 20
90.135698368413
 10
281.5619397662556
 20
90.09134171618255
 10
281.57847016786604
 20
90.04514233862724
 10
281.59039264020157
 20
89.99754516100808
 10
281.59759236333605
 20
89.94900857016479
 10
281.59999999999997
 20
89.9
 10
281.59999999999997
 20
88.5
 10
281.59759236333605
 20
88.45099142983521
 10
281.59039264020157
 20
88.40245483899193
 10
281.57847016786604
 20
88.35485766137276
 10
281.5619397662556
 20
88.30865828381745
 10
281.5409606321741
 20
88.264301631587
 10
281.5157348061512
 20
88.2222148834902
 10
281.48650522668134
 20
88.18280335791817
 10
281.45355339059324
 20
88.14644660940672
 10
281.41719664208176
 20
88.11349477331864
 10
281.37778511650976
 20
88.08426519384872
 10
281.335698368413
 20
88.05903936782582
 10
281.2913417161825
 20
88.03806023374436
 10
281.2451423386272
 20
88.0215298321339
 10
281.197545161008
 20
88.00960735979838
 10
281.14900857016477
 20
88.0024076366639
  0
LWPOLYLINE
  5
169
330
17
100
AcDbEntity
  8
CUT
100
AcDbPolyline
 90
68
 70
1
 10
273.59999999999997
 20
95.2
 10
271.2
 20
95.2
 10
271.12158628773636
 20
95.20385221866225
 10
271.0439277423871
 20
95.21537177567741
 10
270.9677722581964
 20
95.23444773141424
 10
270.8938532541079
 20
95.26089637399097
 10
270.8228826105392
 20
95.29446298852132
 10
270.7555438135843
 20
95.33482431015797
 10
270.69248537266907
 20
95.38159163730981
 10
270.6343145750507
 20
95.43431457505076
 10
270.58159163730977
 20
95.49248537266908
 10
270.53482431015794
 20
95.55554381358432
 10
270.4944629885213
 20
95.62288261053921
 10
270.460896373991
 20
95.69385325410792
 10
270.4344477314142
 20
95.76777225819643
 10
270.4153717756774
 20
95.8439277423871
 10
270.4038522186622
 20
95.92158628773635
 10
270.4
 20
96.0
 10
270.4
 20
98.4
 10
270.4038522186622
 20
98.47841371226366
 10
270.4153717756774
 20
98.55607225761291
 10
270.4344477314142
 20
98.63222774180358
 10
270.460896373991
 20
98.70614674589208
 10
270.4944629885213
 20
98.7771173894608
 10
270.53482431015794
 20
98.84445618641568
 10
270.58159163730977
 20
98.90751462733093
 10
270.6343145750507
 20
98.96568542494924
 10
270.69248537266907
 20
99.0184083626902
 10
270.7555438135843
 20
99.06517568984204
 10
270.8228826105392
 20
99.10553701147869
 10
270.8938532541079
 20
99.13910362600903
 10
270.9677722581964
 20
99.16555226858577
 10
271.0439277423871
 20
99.1846282243226
 10
271.12158628773636
 20
99.19614778133776
 10
271.2
 20
99.2
 10
273.59999999999997
 20
99.2
 10
273.6784137122636
 20
99.19614778133776
 10
273.75607225761286
 20
99.1846282243226
 10
273.83222774180354
 20
99.16555226858577
 10
273.90614674589204
 20
99.13910362600903
 10
273.9771173894608
 20
99.10553701147869
 10
274.04445618641563
 20
99.06517568984204
 10
274.1075146273309
 20
99.0184083626902
 10
274.16568542494923
 20
98.96568542494924
 10
274.2184083626902
 20
98.90751462733093
 10
274.265175689842
 20
98.84445618641568
 10
274.30553701147863
 20
98.7771173894608
 10
274.339103626009
 20
98.70614674589208
 10
274.36555226858576
 20
98.63222774180358
 10
274.38462822432257
 20
98.55607225761291
 10
274.39614778133773
 20
98.47841371226366
 10
274.4
 20
98.4
 10
274.4
 20
96.0
 10
274.39614778133773
 20
95.92158628773635
 10
274.38462822432257
 20
95.8439277423871
 10
274.36555226858576
 20
95.76777225819643
 10
274.339103626009
 20
95.69385325410792
 10
274.30553701147863
 20
95.62288261053921
 10
274.265175689842
 20
95.55554381358432
 10
274.2184083626902
 20
95.49248537266908
 10
274.16568542494923
 20
95.43431457505076
 10
274.1075146273309
 20
95.38159163730981
 10
274.04445618641563
 20
95.33482431015797
 10
273.9771173894608
 20
95.29446298852132
 10
273.90614674589204
 20
95.26089637399097
 10
273.83222774180354
 20
95.23444773141424
 10
273.75607225761286
 20
95.21537177567741
 10
273.6784137122636
 20
95.20385221866225
  0
LWPOLYLINE
  5
16A
330
17
100
AcDbEntity
  8
CUT
100
AcDbPolyline
 90
68
 70
1
 10
281.09999999999997
 20
96.0
 10
279.7
 20
96.0
 10
279.6509914298352
 20
96.0024076366639
 10
279.60245483899195
 20
96.00960735979838
 10
279.55485766137275
 20
96.0215298321339
 10
279.50865828381745
 20
96.03806023374436
 10
279.464301631587
 20
96.05903936782582
 10
279.4222148834902
 20
96.08426519384872
 10
279.3828033579182
 20
96.11349477331864
 10
279.3464466094067
 20
96.14644660940672
 10
279.3134947733186
 20
96.18280335791817
 10
279.28426519384874
 20
96.2222148834902
 10
279.25903936782584
 20
96.264301631587
 10
279.23806023374436
 20
96.30865828381745
 10
279.2215298321339
 20
96.35485766137276
 10
279.2096073597984
 20
96.40245483899193
 10
279.2024076366639
 20
96.45099142983521
 10
279.2
 20
96.5
 10
279.2
 20
97.9
 10
279.2024076366639
 20
97.94900857016479
 10
279.2096073597984
 20
97.99754516100808
 10
279.2215298321339
 20
98.04514233862724
 10
279.23806023374436
 20
98.09134171618255
 10
279.25903936782584
 20
98.135698368413
 10
279.28426519384874
 20
98.17778511650981
 10
279.3134947733186
 20
98.21719664208183
 10
279.3464466094067
 20
98.25355339059328
 10
279.3828033579182
 20
98.28650522668137
 10
279.4222148834902
 20
98.31573480615128
 10
279.464301631587
 20
98.34096063217419
 10
279.50865828381745
 20
98.36193976625565
 10
279.55485766137275
 20
98.37847016786611
 10
279.60245483899195
 20
98.39039264020163
 10
279.6509914298352
 20
98.3975923633361
 10
279.7
 20
98.4
 10
281.09999999999997
 20
98.4
 10
281.14900857016477
 20
98.3975923633361
 10
281.197545161008
 20
98.39039264020163
 10
281.2451423386272
 20
98.37847016786611
 10
281.2913417161825
 20
98.36193976625565
 10
281.335698368413
 20
98.34096063217419
 10
281.37778511650976
 20
98.31573480615128
 10
281.41719664208176
 20
98.28650522668137
 10
281.45355339059324
 20
98.25355339059328
 10
281.48650522668134
 20
98.21719664208183
 10
281.5157348061512
 20
98.17778511650981
 10
281.5409606321741
 20
98.135698368413
 10
281.5619397662556
 20
98.09134171618255
 10
281.57847016786604
 20
98.04514233862724
 10
281.59039264020157
 20
97.99754516100808
 10
281.59759236333605
 20
97.94900857016479
 10
281.59999999999997
 20
97.9
 10
281.59999999999997
 20
96.5
 10
281.59759236333605
 20
96.45099142983521
 10
281.59039264020157
 20
96.40245483899193
 10
281.57847016786604
 20
96.35485766137276
 10
281.5619397662556
 20
96.30865828381745
 10
281.5409606321741
 20
96.264301631587
 10
281.5157348061512
 20
96.2222148834902
 10
281.48650522668134
 20
96.18280335791817
 10
281.45355339059324
 20
96.14644660940672
 10
281.41719664208176
 20
96.11349477331864
 10
281.37778511650976
 20
96.08426519384872
 10
281.335698368413
 20
96.05903936782582
 10
281.2913417161825
 20
96.03806023374436
 10
281.2451423386272
 20
96.0215298321339
 10
281.197545161008
 20
96.00960735979838
 10
281.14900857016477
 20
96.0024076366639
  0
LWPOLYLINE
  5
16B
330
17
100
AcDbEntity
  8
CUT
100
AcDbPolyline
 90
68
 70
1
 10
273.59999999999997
 20
103.2
 10
271.2
 20
103.2
 10
271.12158628773636
 20
103.20385221866225
 10
271.0439277423871
 20
103.21537177567741
 10
270.9677722581964
 20
103.23444773141424
 10
270.8938532541079
 20
103.26089637399097
 10
270.8228826105392
 20
103.29446298852132
 10
270.7555438135843
 20
103.33482431015797
 10
270.69248537266907
 20
103.38159163730981
 10
270.6343145750507
 20
103.43431457505076
 10
270.58159163730977
 20
103.49248537266908
 10
270.53482431015794
 20
103.55554381358432
 10
270.4944629885213
 20
103.62288261053921
 10
270.460896373991
 20
103.69385325410792
 10
270.4344477314142
 20
103.76777225819643
 10
270.4153717756774
 20
103.8439277423871
 10
270.4038522186622
 20
103.92158628773635
 10
270.4
 20
104.0
 10
270.4
 20
106.4
 10
270.4038522186622
 20
106.47841371226366
 10
270.4153717756774
 20
106.55607225761291
 10
270.4344477314142
 20
106.63222774180358
 10
270.460896373991
 20
106.70614674589208
 10
270.4944629885213
 20
106.7771173894608
 10
270.53482431015794
 20
106.84445618641568
 10
270.58159163730977
 20
106.90751462733093
 10
270.6343145750507
 20
106.96568542494924
 10
270.69248537266907
 20
107.0184083626902
 10
270.7555438135843
 20
107.06517568984204
 10
270.8228826105392
 20
107.10553701147869
 10
270.8938532541079
 20
107.13910362600903
 10
270.9677722581964
 20
107.16555226858577
 10
271.0439277423871
 20
107.1846282243226
 10
271.12158628773636
 20
107.19614778133776
 10
271.2
 20
107.2
 10
273.59999999999997
 20
107.2
 10
273.6784137122636
 20
107.19614778133776
 10
273.75607225761286
 20
107.1846282243226
 10
273.83222774180354
 20
107.16555226858577
 10
273.90614674589204
 20
107.13910362600903
 10
273.9771173894608
 20
107.10553701147869
 10
274.04445618641563
 20
107.06517568984204
 10
274.1075146273309
 20
107.0184083626902
 10
274.16568542494923
 20
106.96568542494924
 10
274.2184083626902
 20
106.90751462733093
 10
274.265175689842
 20
106.84445618641568
 10
274.30553701147863
 20
106.7771173894608
 10
274.339103626009
 20
106.70614674589208
 10
274.36555226858576
 20
106.63222774180358
 10
274.38462822432257
 20
106.55607225761291
 10
274.39614778133773
 20
106.47841371226366
 10
274.4
 20
106.4
 10
274.4
 20
104.0
 10
274.39614778133773
 20
103.92158628773635
 10
274.38462822432257
 20
103.8439277423871
 10
274.36555226858576
 20
103.76777225819643
 10
274.339103626009
 20
103.69385325410792
 10
274.30553701147863
 20
103.62288261053921
 10
274.265175689842
 20
103.55554381358432
 10
274.2184083626902
 20
103.49248537266908
 10
274.16568542494923
 20
103.43431457505076
 10
274.1075146273309
 20
103.38159163730981
 10
274.04445618641563
 20
103.33482431015797
 10
273.9771173894608
 20
103.29446298852132
 10
273.90614674589204
 20
103.26089637399097
 10
273.83222774180354
 20
103.23444773141424
 10
273.75607225761286
 20
103.21537177567741
 10
273.6784137122636
 20
103.20385221866225
  0
LWPOLYLINE
  5
16C
330
17
100
AcDbEntity
  8
CUT
100
AcDbPolyline
 90
68
 70
1
 10
289.09999999999997
 20
104.0
 10
287.7
 20
104.0
 10
287.6509914298352
 20
104.0024076366639
 10
287.60245483899195
 20
104.00960735979838
 10
287.55485766137275
 20
104.0215298321339
 10
287.50865828381745
 20
104.03806023374436
 10
287.464301631587
 20
104.05903936782582
 10
287.4222148834902
 20
104.08426519384872
 10
287.3828033579182
 20
104.11349477331864
 10
287.3464466094067
 20
104.14644660940672
 10
287.3134947733186
 20
104.18280335791817
 10
287.28426519384874
 20
104.2222148834902
 10
287.25903936782584
 20
104.264301631587
 10
287.23806023374436
 20
104.30865828381745
 10
287.2215298321339
 20
104.35485766137276
 10
287.2096073597984
 20
104.40245483899193
 10
287.2024076366639
 20
104.45099142983521
 10
287.2
 20
104.5
 10
287.2
 20
105.9
 10
287.2024076366639
 20
105.94900857016479
 10
287.2096073597984
 20
105.99754516100808
 10
287.2215298321339
 20
106.04514233862724
 10
287.23806023374436
 20
106.09134171618255
 10
287.25903936782584
 20
106.135698368413
 10
287.28426519384874
 20
106.17778511650981
 10
287.3134947733186
 20
106.21719664208183
 10
287.3464466094067
 20
106.25355339059328
 10
287.3828033579182
 20
106.28650522668137
 10
287.4222148834902
 20
106.31573480615128
 10
287.464301631587
 20
106.34096063217419
 10
287.50865828381745
 20
106.36193976625565
 10
287.55485766137275
 20
106.37847016786611
 10
287.60245483899195
 20
106.39039264020163
 10
287.6509914298352
 20
106.3975923633361
 10
287.7
 20
106.4
 10
289.09999999999997
 20
106.4
 10
289.14900857016477
 20
106.3975923633361
 10
289.197545161008
 20
106.39039264020163
 10
289.2451423386272
 20
106.37847016786611
 10
289.2913417161825
 20
106.36193976625565
 10
289.335698368413
 20
106.34096063217419
 10
289.37778511650976
 20
106.31573480615128
 10
289.41719664208176
 20
106.28650522668137
 10
289.45355339059324
 20
106.25355339059328
 10
289.48650522668134
 20
106.21719664208183
 10
289.5157348061512
 20
106.17778511650981
 10
289.5409606321741
 20
106.135698368413
 10
289.5619397662556
 20
106.09134171618255
 10
289.57847016786604
 20
106.04514233862724
 10
289.59039264020157
 20
105.99754516100808
 10
289.59759236333605
 20
105.94900857016479
 10
289.59999999999997
 20
105.9
 10
289.59999999999997
 20
104.5
 10
289.59759236333605
 20
104.45099142983521
 10
289.59039264020157
 20
104.40245483899193
 10
289.57847016786604
 20
104.35485766137276
 10
289.5619397662556
 20
104.30865828381745
 10
289.5409606321741
 20
104.264301631587
 10
289.5157348061512
 20
104.2222148834902
 10
289.48650522668134
 20
104.18280335791817
 10
289.45355339059324
 20
104.14644660940672
 10
289.41719664208176
 20
104.11349477331864
 10
289.37778511650976
 20
104.08426519384872
 10
289.335698368413
 20
104.05903936782582
 10
289.2913417161825
 20
104.03806023374436
 10
289.2451423386272
 20
104.0215298321339
 10
289.197545161008
 20
104.00960735979838
 10
289.14900857016477
 20
104.0024076366639
  0
LWPOLYLINE
  5
16D
330
17
100
AcDbEntity
  8
CUT
100
AcDbPolyline
 90
68
 70
1
 10
281.59999999999997
 20
103.2
 10
279.2
 20
103.2
 10
279.12158628773636
 20
103.20385221866225
 10
279.0439277423871
 20
103.21537177567741
 10
278.9677722581964
 20
103.23444773141424
 10
278.8938532541079
 20
103.26089637399097
 10
278.8228826105392
 20
103.29446298852132
 10
278.7555438135843
 20
103.33482431015797
 10
278.69248537266907
 20
103.38159163730981
 10
278.6343145750507
 20
103.43431457505076
 10
278.58159163730977
 20
103.49248537266908
 10
278.53482431015794
 20
103.55554381358432
 10
278.4944629885213
 20
103.62288261053921
 10
278.460896373991
 20
103.69385325410792
 10
278.4344477314142
 20
103.76777225819643
 10
278.4153717756774
 20
103.8439277423871
 10
278.4038522186622
 20
103.92158628773635
 10
278.4
 20
104.0
 10
278.4
 20
106.4
 10
278.4038522186622
 20
106.47841371226366
 10
278.4153717756774
 20
106.55607225761291
 10
278.4344477314142
 20
106.63222774180358
 10
278.460896373991
 20
106.70614674589208
 10
278.4944629885213
 20
106.7771173894608
 10
278.53482431015794
 20
106.84445618641568
 10
278.58159163730977
 20
106.90751462733093
 10
278.6343145750507
 20
106.96568542494924
 10
278.69248537266907
 20
107.0184083626902
 10
278.7555438135843
 20
107.06517568984204
 10
278.8228826105392
 20
107.10553701147869
 10
278.8938532541079
 20
107.13910362600903
 10
278.9677722581964
 20
107.16555226858577
 10
279.0439277423871
 20
107.1846282243226
 10
279.12158628773636
 20
107.19614778133776
 10
279.2
 20
107.2
 10
281.59999999999997
 20
107.2
 10
281.6784137122636
 20
107.19614778133776
 10
281.75607225761286
 20
107.1846282243226
 10
281.83222774180354
 20
107.16555226858577
 10
281.90614674589204
 20
107.13910362600903
 10
281.9771173894608
 20
107.10553701147869
 10
282.04445618641563
 20
107.06517568984204
 10
282.1075146273309
 20
107.0184083626902
 10
282.16568542494923
 20
106.96568542494924
 10
282.2184083626902
 20
106.90751462733093
 10
282.265175689842
 20
106.84445618641568
 10
282.30553701147863
 20
106.7771173894608
 10
282.339103626009
 20
106.70614674589208
 10
282.36555226858576
 20
106.63222774180358
 10
282.38462822432257
 20
106.55607225761291
 10
282.39614778133773
 20
106.47841371226366
 10
282.4
 20
106.4
 10
282.4
 20
104.0
 10
282.39614778133773
 20
103.92158628773635
 10
282.38462822432257
 20
103.8439277423871
 10
282.36555226858576
 20
103.76777225819643
 10
282.339103626009
 20
103.69385325410792
 10
282.30553701147863
 20
103.62288261053921
 10
282.265175689842
 20
103.55554381358432
 10
282.2184083626902
 20
103.49248537266908
 10
282.16568542494923
 20
103.43431457505076
 10
282.1075146273309
 20
103.38159163730981
 10
282.04445618641563
 20
103.33482431015797
 10
281.9771173894608
 20
103.29446298852132
 10
281.90614674589204
 20
103.26089637399097
 10
281.83222774180354
 20
103.23444773141424
 10
281.75607225761286
 20
103.21537177567741
 10
281.6784137122636
 20
103.20385221866225
  0
CIRCLE
  5
16E
330
17
100
AcDbEntity
  8
CUT
100
AcDbCircle
 10
168.6522147352972
 20
60.72650623631243
 30
0.0
 40
1.45
  0
CIRCLE
  5
16F
330
17
100
AcDbEntity
  8
CUT
100
AcDbCircle
 10
198.43965941564153
 20
73.429
 30
0.0
 40
1.45
  0
CIRCLE
  5
170
330
17
100
AcDbEntity
  8
CUT
100
AcDbCircle
 10
221.93965941564153
 20
73.429
 30
0.0
 40
1.45
  0
CIRCLE
  5
171
330
17
100
AcDbEntity
  8
CUT
100
AcDbCircle
 10
237.74204334717385
 20
79.88633484818901
 30
0.0
 40
1.45
  0
CIRCLE
  5
172
330
17
100
AcDbEntity
  8
CUT
100
AcDbCircle
 10
259.4855768686602
 20
101.62986836967535
 30
0.0
 40
1.45
  0
CIRCLE
  5
173
330
17
100
AcDbEntity
  8
CUT
100
AcDbCircle
 10
140.041
 20
40.25
 30
0.0
 40
1.45
  0
CIRCLE
  5
174
330
17
100
AcDbEntity
  8
CUT
100
AcDbCircle
 10
146.498334848189
 20
61.20004334717376
 30
0.0
 40
1.45
  0
CIRCLE
  5
175
330
17
100
AcDbEntity
  8
CUT
100
AcDbCircle
 10
168.24186836967533
 20
82.9435768686601
 30
0.0
 40
1.45
  0
CIRCLE
  5
176
330
17
100
AcDbEntity
  8
CUT
100
AcDbCircle
 10
183.85934202010856
 20
89.42899999999999
 30
0.0
 40
1.45
  0
CIRCLE
  5
177
330
17
100
AcDbEntity
  8
CUT
100
AcDbCircle
 10
207.35934202010856
 20
89.42899999999999
 30
0.0
 40
1.45
  0
CIRCLE
  5
178
330
17
100
AcDbEntity
  8
CUT
100
AcDbCircle
 10
237.26850623631245
 20
102.04021473529717
 30
0.0
 40
1.45
  0
ENDSEC
  0
SECTION
  2
OBJECTS
  0
DICTIONARY
  5
A
330
0
100
AcDbDictionary
281
1
  3
ACAD_COLOR
350
B
  3
ACAD_GROUP
350
C
  3
ACAD_LAYOUT
350
D
  3
ACAD_MATERIAL
350
E
  3
ACAD_MLEADERSTYLE
350
F
  3
ACAD_MLINESTYLE
350
10
  3
ACAD_PLOTSETTINGS
350
11
  3
ACAD_PLOTSTYLENAME
350
12
  3
ACAD_SCALELIST
350
14
  3
ACAD_TABLESTYLE
350
15
  3
ACAD_VISUALSTYLE
350
16
  3
EZDXF_META
350
2D
  0
DICTIONARY
  5
B
330
A
100
AcDbDictionary
281
1
  0
DICTIONARY
  5
C
330
A
100
AcDbDictionary
281
1
  0
DICTIONARY
  5
D
330
A
100
AcDbDictionary
281
1
  3
Model
350
1A
  3
Layout1
350
1E
  0
DICTIONARY
  5
E
330
A
100
AcDbDictionary
281
1
  3
ByBlock
350
1F
  3
ByLayer
350
20
  3
Global
350
21
  0
DICTIONARY
  5
F
330
A
100
AcDbDictionary
281
1
  3
Standard
350
2C
  0
DICTIONARY
  5
10
330
A
100
AcDbDictionary
281
1
  3
Standard
350
22
  0
DICTIONARY
  5
11
330
A
100
AcDbDictionary
281
1
  0
ACDBDICTIONARYWDFLT
  5
12
330
A
100
AcDbDictionary
281
1
  3
Normal
350
13
100
AcDbDictionaryWithDefault
340
13
  0
ACDBPLACEHOLDER
  5
13
330
12
  0
DICTIONARY
  5
14
330
A
100
AcDbDictionary
281
1
  0
DICTIONARY
  5
15
330
A
100
AcDbDictionary
281
1
  0
DICTIONARY
  5
16
330
A
100
AcDbDictionary
281
1
  3
2dWireframe
350
5A
  3
Basic
350
5B
  3
Brighten
350
5C
  3
ColorChange
350
5D
  3
Conceptual
350
5E
  3
Dim
350
5F
  3
EdgeColorOff
350
60
  3
Facepattern
350
61
  3
Flat
350
62
  3
FlatWithEdges
350
63
  3
Gouraud
350
64
  3
GouraudWithEdges
350
65
  3
Hidden
350
66
  3
JitterOff
350
67
  3
Linepattern
350
68
  3
Modeling
350
69
  3
OverhangOff
350
6A
  3
Realistic
350
6B
  3
Shaded
350
6C
  3
Shaded with edges
350
6D
  3
Shades of Gray
350
6E
  3
Sketchy
350
6F
  3
Thicken
350
70
  3
Wireframe
350
71
  3
X-Ray
350
72
  0
LAYOUT
  5
1A
330
D
100
AcDbPlotSettings
  1

  4
A3
  6

 40
7.5
 41
20.0
 42
7.5
 43
20.0
 44
420.0
 45
297.0
 46
0.0
 47
0.0
 48
0.0
 49
0.0
140
0.0
141
0.0
142
1.0
143
1.0
 70
1024
 72
1
 73
0
 74
5
  7

 75
16
 76
0
 77
2
 78
300
147
1.0
148
0.0
149
0.0
100
AcDbLayout
  1
Model
 70
1
 71
0
 10
0.0
 20
0.0
 11
420.0
 21
297.0
 12
0.0
 22
0.0
 32
0.0
 14
1e+20
 24
1e+20
 34
1e+20
 15
-1e+20
 25
-1e+20
 35
-1e+20
146
0.0
 13
0.0
 23
0.0
 33
0.0
 16
1.0
 26
0.0
 36
0.0
 17
0.0
 27
1.0
 37
0.0
 76
1
330
17
  0
LAYOUT
  5
1E
330
D
100
AcDbPlotSettings
  1

  4
A3
  6

 40
7.5
 41
20.0
 42
7.5
 43
20.0
 44
420.0
 45
297.0
 46
0.0
 47
0.0
 48
0.0
 49
0.0
140
0.0
141
0.0
142
1.0
143
1.0
 70
0
 72
1
 73
0
 74
5
  7

 75
16
 76
0
 77
2
 78
300
147
1.0
148
0.0
149
0.0
100
AcDbLayout
  1
Layout1
 70
1
 71
1
 10
0.0
 20
0.0
 11
420.0
 21
297.0
 12
0.0
 22
0.0
 32
0.0
 14
1e+20
 24
1e+20
 34
1e+20
 15
-1e+20
 25
-1e+20
 35
-1e+20
146
0.0
 13
0.0
 23
0.0
 33
0.0
 16
1.0
 26
0.0
 36
0.0
 17
0.0
 27
1.0
 37
0.0
 76
1
330
1B
  0
MATERIAL
  5
1F
102
{ACAD_REACTORS
330
E
102
}
330
E
100
AcDbMaterial
  1
ByBlock
  2

 70
0
 40
1.0
 71
1
 41
1.0
 91
-1023410177
 42
1.0
 72
1
  3

 73
1
 74
1
 75
1
 44
0.5
 73
0
 45
1.0
 46
1.0
 77
1
  4

 78
1
 79
1
170
1
 48
1.0
171
1
  6

172
1
173
1
174
1
140
1.0
141
1.0
175
1
  7

176
1
177
1
178
1
143
1.0
179
1
  8

270
1
271
1
272
1
145
1.0
146
1.0
273
1
  9

274
1
275
1
276
1
 42
1.0
 72
1
  3

 73
1
 74
1
 75
1
 94
63
  0
MATERIAL
  5
20
102
{ACAD_REACTORS
330
E
102
}
330
E
100
AcDbMaterial
  1
ByLayer
  2

 70
0
 40
1.0
 71
1
 41
1.0
 91
-1023410177
 42
1.0
 72
1
  3

 73
1
 74
1
 75
1
 44
0.5
 73
0
 45
1.0
 46
1.0
 77
1
  4

 78
1
 79
1
170
1
 48
1.0
171
1
  6

172
1
173
1
174
1
140
1.0
141
1.0
175
1
  7

176
1
177
1
178
1
143
1.0
179
1
  8

270
1
271
1
272
1
145
1.0
146
1.0
273
1
  9

274
1
275
1
276
1
 42
1.0
 72
1
  3

 73
1
 74
1
 75
1
 94
63
  0
MATERIAL
  5
21
102
{ACAD_REACTORS
330
E
102
}
330
E
100
AcDbMaterial
  1
Global
  2

 70
0
 40
1.0
 71
1
 41
1.0
 91
-1023410177
 42
1.0
 72
1
  3

 73
1
 74
1
 75
1
 44
0.5
 73
0
 45
1.0
 46
1.0
 77
1
  4

 78
1
 79
1
170
1
 48
1.0
171
1
  6

172
1
173
1
174
1
140
1.0
141
1.0
175
1
  7

176
1
177
1
178
1
143
1.0
179
1
  8

270
1
271
1
272
1
145
1.0
146
1.0
273
1
  9

274
1
275
1
276
1
 42
1.0
 72
1
  3

 73
1
 74
1
 75
1
 94
63
  0
MLINESTYLE
  5
22
102
{ACAD_REACTORS
330
10
102
}
330
10
100
AcDbMlineStyle
  2
Standard
 70
0
  3

 62
256
 51
90.0
 52
90.0
 71
2
 49
0.5
 62
256
  6
BYLAYER
 49
-0.5
 62
256
  6
BYLAYER
  0
MLEADERSTYLE
  5
2C
102
{ACAD_REACTORS
330
F
102
}
330
F
100
AcDbMLeaderStyle
179
2
170
2
171
1
172
0
 90
2
 40
0.0
 41
0.0
173
1
 91
-1056964608
 92
-2
290
1
 42
2.0
291
1
 43
8.0
  3
Standard
 44
4.0
300

342
29
174
1
175
1
176
0
178
1
 93
-1056964608
 45
4.0
292
0
297
0
 46
4.0
 94
-1056964608
 47
1.0
 49
1.0
140
1.0
294
1
141
0.0
177
0
142
1.0
295
0
296
0
143
3.75
271
0
272
9
273
9
  0
DICTIONARY
  5
2D
330
A
100
AcDbDictionary
280
1
281
1
  3
CREATED_BY_EZDXF
350
2E
  3
WRITTEN_BY_EZDXF
350
184
  0
DICTIONARYVAR
  5
2E
330
2D
100
DictionaryVariables
280
0
  1
1.4.4 @ 2026-09-05T00:33:20.417859+00:00
  0
VISUALSTYLE
  5
5A
102
{ACAD_REACTORS
330
16
102
}
330
16
100
AcDbVisualStyle
  2
2dWireframe
 70
4
 90
0
 40
0.6
 62
7
290
0
291
0
  0
VISUALSTYLE
  5
5B
102
{ACAD_REACTORS
330
16
102
}
330
16
100
AcDbVisualStyle
  2
Basic
 70
7
 90
1
 40
0.6
 62
7
290
0
291
1
  0
VISUALSTYLE
  5
5C
102
{ACAD_REACTORS
330
16
102
}
330
16
100
AcDbVisualStyle
  2
Brighten
 70
12
 90
2
 40
0.6
 62
7
290
0
291
1
  0
VISUALSTYLE
  5
5D
102
{ACAD_REACTORS
330
16
102
}
330
16
100
AcDbVisualStyle
  2
ColorChange
 70
16
 90
2
 40
0.6
 62
8
290
0
291
1
  0
VISUALSTYLE
  5
5E
102
{ACAD_REACTORS
330
16
102
}
330
16
100
AcDbVisualStyle
  2
Conceptual
 70
9
 90
3
 40
0.6
 62
7
290
0
291
0
  0
VISUALSTYLE
  5
5F
102
{ACAD_REACTORS
330
16
102
}
330
16
100
AcDbVisualStyle
  2
Dim
 70
11
 90
2
 40
0.6
 62
7
290
0
291
1
  0
VISUALSTYLE
  5
60
102
{ACAD_REACTORS
330
16
102
}
330
16
100
AcDbVisualStyle
  2
EdgeColorOff
 70
22
 90
2
 40
0.6
 62
7
290
0
291
1
  0
VISUALSTYLE
  5
61
102
{ACAD_REACTORS
330
16
102
}
330
16
100
AcDbVisualStyle
  2
Facepattern
 70
15
 90
2
 40
0.6
 62
7
290
0
291
1
  0
VISUALSTYLE
  5
62
102
{ACAD_REACTORS
330
16
102
}
330
16
100
AcDbVisualStyle
  2
Flat
 70
0
 90
2
 40
0.6
 62
7
290
0
291
1
  0
VISUALSTYLE
  5
63
102
{ACAD_REACTORS
330
16
102
}
330
16
100
AcDbVisualStyle
  2
FlatWithEdges
 70
1
 90
2
 40
0.6
 62
7
290
0
291
1
  0
VISUALSTYLE
  5
64
102
{ACAD_REACTORS
330
16
102
}
330
16
100
AcDbVisualStyle
  2
Gouraud
 70
2
 90
2
 40
0.6
 62
7
290
0
291
1
  0
VISUALSTYLE
  5
65
102
{ACAD_REACTORS
330
16
102
}
330
16
100
AcDbVisualStyle
  2
GouraudWithEdges
 70
3
 90
2
 40
0.6
 62
7
290
0
291
1
  0
VISUALSTYLE
  5
66
102
{ACAD_REACTORS
330
16
102
}
330
16
100
AcDbVisualStyle
  2
Hidden
 70
6
 90
1
 40
0.6
 62
7
290
0
291
0
  0
VISUALSTYLE
  5
67
102
{ACAD_REACTORS
330
16
102
}
330
16
100
AcDbVisualStyle
  2
JitterOff
 70
20
 90
2
 40
0.6
 62
7
290
0
291
1
  0
VISUALSTYLE
  5
68
102
{ACAD_REACTORS
330
16
102
}
330
16
100
AcDbVisualStyle
  2
Linepattern
 70
14
 90
2
 40
0.6
 62
7
290
0
291
1
  0
VISUALSTYLE
  5
69
102
{ACAD_REACTORS
330
16
102
}
330
16
100
AcDbVisualStyle
  2
Modeling
 70
10
 90
2
 40
0.6
 62
7
290
0
291
0
  0
VISUALSTYLE
  5
6A
102
{ACAD_REACTORS
330
16
102
}
330
16
100
AcDbVisualStyle
  2
OverhangOff
 70
21
 90
2
 40
0.6
 62
7
290
0
291
1
  0
VISUALSTYLE
  5
6B
102
{ACAD_REACTORS
330
16
102
}
330
16
100
AcDbVisualStyle
  2
Realistic
 70
8
 90
2
 40
0.6
 62
7
290
0
291
0
  0
VISUALSTYLE
  5
6C
102
{ACAD_REACTORS
330
16
102
}
330
16
100
AcDbVisualStyle
  2
Shaded
 70
27
 90
2
 40
0.6
 62
7
290
0
291
0
  0
VISUALSTYLE
  5
6D
102
{ACAD_REACTORS
330
16
102
}
330
16
100
AcDbVisualStyle
  2
Shaded with edges
 70
26
 90
2
 40
0.6
 62
7
290
0
291
0
  0
VISUALSTYLE
  5
6E
102
{ACAD_REACTORS
330
16
102
}
330
16
100
AcDbVisualStyle
  2
Shades of Gray
 70
23
 90
2
 40
0.6
 62
7
290
0
291
0
  0
VISUALSTYLE
  5
6F
102
{ACAD_REACTORS
330
16
102
}
330
16
100
AcDbVisualStyle
  2
Sketchy
 70
24
 90
1
 40
0.6
 62
7
290
0
291
0
  0
VISUALSTYLE
  5
70
102
{ACAD_REACTORS
330
16
102
}
330
16
100
AcDbVisualStyle
  2
Thicken
 70
13
 90
2
 40
0.6
 62
7
290
0
291
1
  0
VISUALSTYLE
  5
71
102
{ACAD_REACTORS
330
16
102
}
330
16
100
AcDbVisualStyle
  2
Wireframe
 70
5
 90
0
 40
0.6
 62
7
290
0
291
0
  0
VISUALSTYLE
  5
72
102
{ACAD_REACTORS
330
16
102
}
330
16
100
AcDbVisualStyle
  2
X-Ray
 70
25
 90
2
 40
0.5
 62
7
290
0
291
0
  0
DICTIONARYVAR
  5
184
330
2D
100
DictionaryVariables
280
0
  1
1.4.4 @ 2026-09-05T00:33:21.196811+00:00
  0
ENDSEC
  0
EOF
